eyp-systemd/manifests/init.pp_(IaC)_,eyp-systemd/manifests/logind.pp_(IaC)_,eyp-systemd/manifests/service.pp_(IaC)_,eyp-systemd/manifests/service/dropin.pp_(IaC)_,eyp-systemd/manifests/timesyncd.pp_(IaC)_,eyp-systemd/metadata.json_(Other)_,eyp-systemd/spec/acceptance/base_spec.rb_(Other)_,eyp-systemd/templates/service.erb_(Other)_,eyp-systemd/templates/timesyncd.erb_(Other)_
eyp-systemd/manifests/init.pp_(IaC)_,eyp-systemd/manifests/params.pp_(IaC)_,eyp-systemd/manifests/service.pp_(IaC)_,eyp-systemd/metadata.json_(Other)_,eyp-systemd/spec/classes/init_spec.rb_(Other)_,eyp-systemd/spec/spec_helper.rb_(Other)_,eyp-systemd/templates/service.erb_(Other)_,eyp-systemd/tests/init.pp_(Other)_,
eyp-systemd/manifests/params.pp_(IaC)_,eyp-systemd/manifests/service.pp_(IaC)_,eyp-systemd/metadata.json_(Other)_,,,,,,
eyp-systemd/manifests/service.pp_(IaC)_,eyp-systemd/metadata.json_(Other)_,eyp-systemd/templates/service.erb_(Other)_,,,,,,
eyp-systemd/manifests/init.pp_(IaC)_,eyp-systemd/manifests/service.pp_(IaC)_,eyp-systemd/metadata.json_(Other)_,,,,,,
eyp-systemd/manifests/service.pp_(IaC)_,eyp-systemd/metadata.json_(Other)_,,,,,,,
eyp-systemd/manifests/service.pp_(IaC)_,,,,,,,,
eyp-systemd/manifests/init.pp_(IaC)_,eyp-systemd/metadata.json_(Other)_,,,,,,,
eyp-systemd/manifests/service.pp_(IaC)_,eyp-systemd/metadata.json_(Other)_,eyp-systemd/templates/service.erb_(Other)_,,,,,,
eyp-systemd/manifests/service.pp_(IaC)_,,,,,,,,
eyp-systemd/manifests/init.pp_(IaC)_,eyp-systemd/metadata.json_(Other)_,eyp-systemd/templates/logind.erb_(Other)_,,,,,,
eyp-systemd/manifests/init.pp_(IaC)_,,,,,,,,
eyp-systemd/manifests/init.pp_(IaC)_,eyp-systemd/metadata.json_(Other)_,,,,,,,
eyp-systemd/manifests/service.pp_(IaC)_,eyp-systemd/metadata.json_(Other)_,,,,,,,
eyp-systemd/manifests/init.pp_(IaC)_,,,,,,,,
eyp-systemd/manifests/params.pp_(IaC)_,eyp-systemd/metadata.json_(Other)_,,,,,,,
eyp-systemd/manifests/service.pp_(IaC)_,eyp-systemd/metadata.json_(Other)_,eyp-systemd/templates/service.erb_(Other)_,,,,,,
eyp-systemd/manifests/sysvwrapper.pp_(IaC)_,eyp-systemd/metadata.json_(Other)_,eyp-systemd/templates/sysv/status.erb_(Other)_,eyp-systemd/templates/sysv/wrapper.erb_(Other)_,,,,,
eyp-systemd/manifests/sysvwrapper.pp_(IaC)_,,,,,,,,
eyp-systemd/manifests/sysvwrapper.pp_(IaC)_,,,,,,,,
eyp-systemd/manifests/sysvwrapper.pp_(IaC)_,eyp-systemd/metadata.json_(Other)_,,,,,,,
eyp-systemd/manifests/service.pp_(IaC)_,eyp-systemd/metadata.json_(Other)_,,,,,,,
eyp-systemd/manifests/service.pp_(IaC)_,eyp-systemd/metadata.json_(Other)_,eyp-systemd/templates/service.erb_(Other)_,,,,,,
eyp-systemd/manifests/service.pp_(IaC)_,eyp-systemd/templates/service.erb_(Other)_,,,,,,,
eyp-systemd/manifests/service.pp_(IaC)_,,,,,,,,
eyp-systemd/manifests/service.pp_(IaC)_,eyp-systemd/metadata.json_(Other)_,eyp-systemd/templates/service.erb_(Other)_,,,,,,
eyp-systemd/manifests/service.pp_(IaC)_,eyp-systemd/templates/service.erb_(Other)_,,,,,,,
eyp-systemd/manifests/service.pp_(IaC)_,,,,,,,,
eyp-systemd/manifests/service.pp_(IaC)_,eyp-systemd/templates/service.erb_(Other)_,,,,,,,
eyp-systemd/manifests/service.pp_(IaC)_,eyp-systemd/templates/service.erb_(Other)_,,,,,,,
eyp-systemd/manifests/service.pp_(IaC)_,eyp-systemd/metadata.json_(Other)_,eyp-systemd/templates/service.erb_(Other)_,,,,,,
eyp-systemd/manifests/service.pp_(IaC)_,eyp-systemd/templates/service.erb_(Other)_,,,,,,,
eyp-systemd/manifests/service.pp_(IaC)_,eyp-systemd/metadata.json_(Other)_,eyp-systemd/templates/service.erb_(Other)_,,,,,,
eyp-systemd/manifests/service.pp_(IaC)_,,,,,,,,
eyp-systemd/manifests/service.pp_(IaC)_,eyp-systemd/templates/service.erb_(Other)_,,,,,,,
eyp-systemd/manifests/service.pp_(IaC)_,,,,,,,,
eyp-systemd/manifests/service.pp_(IaC)_,eyp-systemd/templates/service.erb_(Other)_,,,,,,,
eyp-systemd/manifests/service.pp_(IaC)_,eyp-systemd/templates/service.erb_(Other)_,,,,,,,
eyp-systemd/manifests/params.pp_(IaC)_,,,,,,,,
eyp-systemd/manifests/service.pp_(IaC)_,eyp-systemd/templates/service.erb_(Other)_,,,,,,,
eyp-systemd/manifests/params.pp_(IaC)_,eyp-systemd/metadata.json_(Other)_,,,,,,,
eyp-systemd/manifests/params.pp_(IaC)_,,,,,,,,
eyp-systemd/manifests/service.pp_(IaC)_,eyp-systemd/metadata.json_(Other)_,eyp-systemd/templates/service.erb_(Other)_,,,,,,
eyp-systemd/manifests/service.pp_(IaC)_,eyp-systemd/templates/service.erb_(Other)_,,,,,,,
eyp-systemd/manifests/service.pp_(IaC)_,eyp-systemd/templates/service.erb_(Other)_,,,,,,,
eyp-systemd/manifests/service.pp_(IaC)_,eyp-systemd/templates/service.erb_(Other)_,,,,,,,
eyp-systemd/manifests/service.pp_(IaC)_,eyp-systemd/templates/service.erb_(Other)_,,,,,,,
eyp-systemd/manifests/service.pp_(IaC)_,eyp-systemd/templates/service.erb_(Other)_,,,,,,,
eyp-systemd/manifests/service.pp_(IaC)_,,,,,,,,
eyp-systemd/manifests/service.pp_(IaC)_,,,,,,,,
eyp-systemd/manifests/socket.pp_(IaC)_,eyp-systemd/metadata.json_(Other)_,eyp-systemd/templates/socket.erb_(Other)_,,,,,,
eyp-systemd/manifests/socket.pp_(IaC)_,,,,,,,,
eyp-systemd/manifests/service.pp_(IaC)_,eyp-systemd/metadata.json_(Other)_,eyp-systemd/templates/service.erb_(Other)_,,,,,,
eyp-systemd/manifests/service.pp_(IaC)_,eyp-systemd/spec/acceptance/base_spec.rb_(Other)_,eyp-systemd/templates/service.erb_(Other)_,,,,,,
eyp-systemd/manifests/service.pp_(IaC)_,,,,,,,,
eyp-systemd/manifests/service.pp_(IaC)_,eyp-systemd/metadata.json_(Other)_,eyp-systemd/templates/service.erb_(Other)_,,,,,,
eyp-systemd/manifests/service.pp_(IaC)_,eyp-systemd/templates/service.erb_(Other)_,,,,,,,
eyp-systemd/manifests/socket.pp_(IaC)_,eyp-systemd/metadata.json_(Other)_,eyp-systemd/templates/socket.erb_(Other)_,,,,,,
eyp-systemd/manifests/socket.pp_(IaC)_,,,,,,,,
eyp-systemd/.travis.yml_(Other)_,eyp-systemd/manifests/params.pp_(IaC)_,eyp-systemd/metadata.json_(Other)_,eyp-systemd/spec/acceptance/nodesets/archlinux-docker.yml_(Other)_,,,,,
eyp-systemd/manifests/timer.pp_(IaC)_,eyp-systemd/spec/acceptance/timer.rb_(Other)_,eyp-systemd/templates/timer.erb_(Other)_,,,,,,
eyp-systemd/manifests/timer.pp_(IaC)_,eyp-systemd/spec/acceptance/timer.rb_(Other)_,eyp-systemd/templates/timer.erb_(Other)_,,,,,,
eyp-systemd/manifests/timer.pp_(IaC)_,,,,,,,,
eyp-systemd/manifests/sysvwrapper.pp_(IaC)_,eyp-systemd/metadata.json_(Other)_,,,,,,,
eyp-systemd/manifests/sysvwrapper.pp_(IaC)_,,,,,,,,
eyp-systemd/manifests/sysvwrapper.pp_(IaC)_,eyp-systemd/metadata.json_(Other)_,,,,,,,
eyp-systemd/manifests/sysvwrapper.pp_(IaC)_,eyp-systemd/metadata.json_(Other)_,,,,,,,
eyp-systemd/manifests/service.pp_(IaC)_,,,,,,,,
eyp-systemd/manifests/service.pp_(IaC)_,eyp-systemd/templates/service.erb_(Other)_,,,,,,,
eyp-systemd/manifests/service.pp_(IaC)_,eyp-systemd/templates/service.erb_(Other)_,,,,,,,
eyp-systemd/manifests/service.pp_(IaC)_,eyp-systemd/templates/service.erb_(Other)_,,,,,,,
eyp-systemd/manifests/dropin.pp_(IaC)_,eyp-systemd/templates/dropin.erb_(Other)_,,,,,,,
eyp-systemd/manifests/dropin.pp_(IaC)_,,,,,,,,
eyp-systemd/manifests/dropin.pp_(IaC)_,,,,,,,,
eyp-systemd/manifests/dropin.pp_(IaC)_,,,,,,,,
eyp-systemd/manifests/dropin.pp_(IaC)_,eyp-systemd/metadata.json_(Other)_,,,,,,,
eyp-systemd/manifests/system.pp_(IaC)_,eyp-systemd/spec/classes/system_spec.rb_(Other)_,eyp-systemd/templates/system.conf.erb_(Other)_,,,,,,
eyp-systemd/.rspec_(Other)_,eyp-systemd/manifests/init.pp_(IaC)_,eyp-systemd/manifests/logind.pp_(IaC)_,eyp-systemd/spec/classes/logind_spec.rb_(Other)_,eyp-systemd/templates/logind.erb_(Other)_,,,,
eyp-systemd/manifests/params.pp_(IaC)_,eyp-systemd/metadata.json_(Other)_,,,,,,,
eyp-systemd/manifests/system.pp_(IaC)_,,,,,,,,
eyp-systemd/manifests/service/dropin.pp_(IaC)_,,,,,,,,
eyp-systemd/manifests/service.pp_(IaC)_,,,,,,,,
eyp-systemd/manifests/service.pp_(IaC)_,eyp-systemd/templates/service.erb_(Other)_,,,,,,,
eyp-systemd/manifests/service.pp_(IaC)_,eyp-systemd/metadata.json_(Other)_,,,,,,,
eyp-systemd/manifests/service/dropin.pp_(IaC)_,,,,,,,,
eyp-systemd/manifests/service/dropin.pp_(IaC)_,eyp-systemd/templates/dropin.erb_(Other)_,,,,,,,
eyp-systemd/manifests/service/dropin.pp_(IaC)_,,,,,,,,
eyp-systemd/manifests/service.pp_(IaC)_,,,,,,,,
eyp-systemd/manifests/service.pp_(IaC)_,eyp-systemd/manifests/service/dropin.pp_(IaC)_,eyp-systemd/templates/dropin.erb_(Other)_,eyp-systemd/templates/service.erb_(Other)_,,,,,
eyp-systemd/manifests/service.pp_(IaC)_,,,,,,,,
eyp-systemd/manifests/init.pp_(IaC)_,eyp-systemd/manifests/service.pp_(IaC)_,eyp-systemd/manifests/service/dropin.pp_(IaC)_,eyp-systemd/manifests/socket.pp_(IaC)_,eyp-systemd/manifests/timer.pp_(IaC)_,,,,
eyp-systemd/manifests/init.pp_(IaC)_,,,,,,,,
eyp-systemd/manifests/init.pp_(IaC)_,,,,,,,,
eyp-systemd/manifests/service.pp_(IaC)_,,,,,,,,
eyp-systemd/manifests/service.pp_(IaC)_,,,,,,,,
eyp-systemd/.travis.yml_(Other)_,eyp-systemd/manifests/params.pp_(IaC)_,eyp-systemd/metadata.json_(Other)_,eyp-systemd/spec/acceptance/nodesets/debian8-docker.yml_(Other)_,eyp-systemd/spec/acceptance/nodesets/debian9-docker.yml_(Other)_,,,,
eyp-systemd/.travis.yml_(Other)_,eyp-systemd/manifests/service/dropin.pp_(IaC)_,,,,,,,
eyp-systemd/manifests/service.pp_(IaC)_,,,,,,,,
eyp-systemd/manifests/service.pp_(IaC)_,eyp-systemd/manifests/service/dropin.pp_(IaC)_,eyp-systemd/metadata.json_(Other)_,,,,,,
eyp-systemd/manifests/service.pp_(IaC)_,eyp-systemd/manifests/service/dropin.pp_(IaC)_,,,,,,,
eyp-systemd/manifests/service/dropin.pp_(IaC)_,,,,,,,,
eyp-systemd/manifests/init.pp_(IaC)_,,,,,,,,
eyp-systemd/manifests/service/dropin.pp_(IaC)_,,,,,,,,
eyp-systemd/manifests/system.pp_(IaC)_,eyp-systemd/templates/system.conf.erb_(Other)_,,,,,,,
eyp-systemd/manifests/system.pp_(IaC)_,,,,,,,,
eyp-systemd/manifests/init.pp_(IaC)_,,,,,,,,
eyp-systemd/manifests/init.pp_(IaC)_,eyp-systemd/manifests/logind.pp_(IaC)_,eyp-systemd/templates/logind.erb_(Other)_,,,,,,
eyp-systemd/manifests/logind.pp_(IaC)_,eyp-systemd/metadata.json_(Other)_,eyp-systemd/spec/acceptance/base_spec.rb_(Other)_,,,,,,
eyp-systemd/manifests/init.pp_(IaC)_,,,,,,,,
eyp-systemd/manifests/logind.pp_(IaC)_,,,,,,,,
eyp-systemd/manifests/service.pp_(IaC)_,eyp-systemd/manifests/service/dropin.pp_(IaC)_,eyp-systemd/metadata.json_(Other)_,eyp-systemd/templates/service.erb_(Other)_,,,,,
eyp-systemd/manifests/init.pp_(IaC)_,eyp-systemd/manifests/journald.pp_(IaC)_,eyp-systemd/templates/journald.erb_(Other)_,,,,,,
eyp-systemd/manifests/init.pp_(IaC)_,,,,,,,,
eyp-systemd/manifests/logind.pp_(IaC)_,eyp-systemd/manifests/service.pp_(IaC)_,eyp-systemd/manifests/service/dropin.pp_(IaC)_,eyp-systemd/manifests/socket.pp_(IaC)_,eyp-systemd/manifests/sysvwrapper.pp_(IaC)_,eyp-systemd/manifests/timer.pp_(IaC)_,eyp-systemd/metadata.json_(Other)_,eyp-systemd/templates/service.erb_(Other)_,
eyp-systemd/manifests/timer.pp_(IaC)_,,,,,,,,
eyp-systemd/manifests/logind.pp_(IaC)_,eyp-systemd/metadata.json_(Other)_,,,,,,,
eyp-systemd/manifests/init.pp_(IaC)_,eyp-systemd/manifests/journald.pp_(IaC)_,eyp-systemd/manifests/journald/config.pp_(IaC)_,eyp-systemd/manifests/journald/service.pp_(IaC)_,eyp-systemd/metadata.json_(Other)_,eyp-systemd/templates/journald.erb_(Other)_,,,
eyp-systemd/manifests/journald/config.pp_(IaC)_,,,,,,,,
eyp-systemd/manifests/journald/config.pp_(IaC)_,,,,,,,,
eyp-systemd/manifests/journald/config.pp_(IaC)_,,,,,,,,
eyp-systemd/manifests/journald/config.pp_(IaC)_,,,,,,,,
eyp-systemd/manifests/journald/config.pp_(IaC)_,,,,,,,,
eyp-systemd/manifests/journald/config.pp_(IaC)_,,,,,,,,
eyp-systemd/manifests/journald/config.pp_(IaC)_,,,,,,,,
eyp-systemd/manifests/journald/config.pp_(IaC)_,,,,,,,,
eyp-systemd/manifests/journald.pp_(IaC)_,eyp-systemd/manifests/journald/config.pp_(IaC)_,,,,,,,
eyp-systemd/manifests/service/dropin.pp_(IaC)_,eyp-systemd/spec/defines/service_dropin_spec.rb_(Other)_,eyp-systemd/spec/defines/service_spec.rb_(Other)_,eyp-systemd/templates/service.erb_(Other)_,,,,,
eyp-systemd/manifests/params.pp_(IaC)_,eyp-systemd/metadata.json_(Other)_,,,,,,,
eyp-systemd/manifests/resolved.pp_(IaC)_,eyp-systemd/manifests/resolved/config.pp_(IaC)_,eyp-systemd/manifests/resolved/service.pp_(IaC)_,eyp-systemd/templates/resolved.erb_(Other)_,,,,,
eyp-systemd/manifests/resolved.pp_(IaC)_,eyp-systemd/templates/resolved.erb_(Other)_,,,,,,,
eyp-systemd/manifests/timesyncd.pp_(IaC)_,eyp-systemd/manifests/tymesyncd/config.pp_(IaC)_,eyp-systemd/manifests/tymesyncd/service.pp_(IaC)_,eyp-systemd/templates/timesyncd.erb_(Other)_,,,,,
eyp-systemd/manifests/timesyncd.pp_(IaC)_,,,,,,,,
eyp-systemd/manifests/timesyncd/config.pp_(IaC)_,eyp-systemd/manifests/timesyncd/service.pp_(IaC)_,,,,,,,
eyp-systemd/examples/ntp_timesyncd.pp_(IaC)_,,,,,,,,
eyp-systemd/manifests/timesyncd/service.pp_(IaC)_,,,,,,,,
eyp-systemd/manifests/service.pp_(IaC)_,eyp-systemd/templates/service.erb_(Other)_,,,,,,,
eyp-systemd/manifests/service/dropin.pp_(IaC)_,eyp-systemd/metadata.json_(Other)_,,,,,,,
eyp-systemd/manifests/params.pp_(IaC)_,eyp-systemd/metadata.json_(Other)_,,,,,,,
eyp-systemd/manifests/params.pp_(IaC)_,,,,,,,,
eyp-systemd/manifests/service.pp_(IaC)_,,,,,,,,
eyp-systemd/manifests/init.pp_(IaC)_,,,,,,,,
eyp-systemd/manifests/init.pp_(IaC)_,eyp-systemd/metadata.json_(Other)_,,,,,,,
eyp-systemd/manifests/service.pp_(IaC)_,eyp-systemd/manifests/service/dropin.pp_(IaC)_,eyp-systemd/templates/service.erb_(Other)_,,,,,,
eyp-systemd/manifests/service.pp_(IaC)_,,,,,,,,
eyp-systemd/manifests/service/dropin.pp_(IaC)_,eyp-systemd/metadata.json_(Other)_,,,,,,,
eyp-systemd/manifests/journald.pp_(IaC)_,eyp-systemd/manifests/logind.pp_(IaC)_,eyp-systemd/manifests/service.pp_(IaC)_,eyp-systemd/manifests/timer.pp_(IaC)_,eyp-systemd/metadata.json_(Other)_,,,,
eyp-systemd/manifests/service/dropin.pp_(IaC)_,,,,,,,,
eyp-systemd/manifests/service.pp_(IaC)_,eyp-systemd/manifests/service/dropin.pp_(IaC)_,,,,,,,
eyp-systemd/manifests/service/target.pp_(IaC)_,,,,,,,,
eyp-systemd/manifests/service/target.pp_(IaC)_,,,,,,,,
eyp-systemd/manifests/init.pp_(IaC)_,eyp-systemd/manifests/timer.pp_(IaC)_,eyp-systemd/templates/section/install.erb_(Other)_,eyp-systemd/templates/section/service.erb_(Other)_,eyp-systemd/templates/section/socket.erb_(Other)_,eyp-systemd/templates/section/timer.erb_(Other)_,eyp-systemd/templates/section/unit.erb_(Other)_,,
eyp-systemd/manifests/socket.pp_(IaC)_,,,,,,,,
eyp-systemd/manifests/service/target.pp_(IaC)_,,,,,,,,
eyp-systemd/manifests/target.pp_(IaC)_,,,,,,,,
eyp-systemd/manifests/service.pp_(IaC)_,eyp-systemd/manifests/service/dropin.pp_(IaC)_,eyp-systemd/manifests/socket.pp_(IaC)_,,,,,,
eyp-systemd/manifests/socket.pp_(IaC)_,eyp-systemd/manifests/timer.pp_(IaC)_,,,,,,,
eyp-systemd/manifests/service.pp_(IaC)_,eyp-systemd/manifests/service/dropin.pp_(IaC)_,eyp-systemd/manifests/socket.pp_(IaC)_,eyp-systemd/manifests/timer.pp_(IaC)_,,,,,
eyp-systemd/manifests/timer.pp_(IaC)_,,,,,,,,
eyp-systemd/manifests/socket.pp_(IaC)_,,,,,,,,
eyp-systemd/manifests/target.pp_(IaC)_,,,,,,,,
eyp-systemd/manifests/target.pp_(IaC)_,,,,,,,,
eyp-systemd/manifests/target.pp_(IaC)_,,,,,,,,
eyp-systemd/manifests/init.pp_(IaC)_,eyp-systemd/manifests/target.pp_(IaC)_,eyp-systemd/templates/target.erb_(Other)_,,,,,,
eyp-systemd/manifests/target.pp_(IaC)_,,,,,,,,
eyp-systemd/manifests/service.pp_(IaC)_,eyp-systemd/manifests/target.pp_(IaC)_,eyp-systemd/manifests/timer.pp_(IaC)_,,,,,,
eyp-systemd/manifests/target.pp_(IaC)_,eyp-systemd/manifests/timer.pp_(IaC)_,,,,,,,
eyp-systemd/manifests/target.pp_(IaC)_,,,,,,,,
eyp-systemd/manifests/service.pp_(IaC)_,,,,,,,,
eyp-systemd/manifests/service.pp_(IaC)_,,,,,,,,
eyp-systemd/manifests/service.pp_(IaC)_,eyp-systemd/manifests/service/dropin.pp_(IaC)_,eyp-systemd/manifests/socket.pp_(IaC)_,eyp-systemd/manifests/target.pp_(IaC)_,eyp-systemd/manifests/timer.pp_(IaC)_,,,,
eyp-systemd/manifests/service/dropin.pp_(IaC)_,,,,,,,,
eyp-systemd/manifests/socket.pp_(IaC)_,eyp-systemd/templates/section/socket.erb_(Other)_,,,,,,,
eyp-systemd/manifests/service.pp_(IaC)_,eyp-systemd/manifests/service/dropin.pp_(IaC)_,eyp-systemd/templates/section/service.erb_(Other)_,,,,,,
eyp-systemd/manifests/service.pp_(IaC)_,eyp-systemd/manifests/service/dropin.pp_(IaC)_,eyp-systemd/manifests/socket.pp_(IaC)_,eyp-systemd/manifests/target.pp_(IaC)_,eyp-systemd/manifests/timer.pp_(IaC)_,,,,
eyp-systemd/examples/socket_demo.pp_(IaC)_,,,,,,,,
eyp-systemd/examples/socket_demo.pp_(IaC)_,eyp-systemd/manifests/socket.pp_(IaC)_,eyp-systemd/spec/acceptance/socket_spec.rb_(Other)_,eyp-systemd/templates/section/socket.erb_(Other)_,,,,,
eyp-systemd/examples/socket_demo.pp_(IaC)_,eyp-systemd/spec/acceptance/socket_spec.rb_(Other)_,,,,,,,
eyp-systemd/examples/timer_demo.pp_(IaC)_,,,,,,,,
eyp-systemd/examples/socket_demo.pp_(IaC)_,eyp-systemd/examples/timer_demo.pp_(IaC)_,eyp-systemd/spec/acceptance/socket_spec.rb_(Other)_,eyp-systemd/spec/acceptance/timer_spec.rb_(Other)_,,,,,
eyp-systemd/examples/timer_demo.pp_(IaC)_,eyp-systemd/spec/acceptance/timer_spec.rb_(Other)_,,,,,,,
eyp-systemd/examples/service_demo.pp_(IaC)_,,,,,,,,
eyp-systemd/examples/targte_demo.pp_(IaC)_,,,,,,,,
eyp-systemd/manifests/params.pp_(IaC)_,eyp-systemd/metadata.json_(Other)_,,,,,,,
eyp-systemd/manifests/service/dropin.pp_(IaC)_,,,,,,,,
eyp-systemd/manifests/service/dropin.pp_(IaC)_,,,,,,,,
eyp-systemd/manifests/service.pp_(IaC)_,eyp-systemd/manifests/service/dropin.pp_(IaC)_,eyp-systemd/manifests/socket.pp_(IaC)_,eyp-systemd/manifests/target.pp_(IaC)_,eyp-systemd/manifests/timer.pp_(IaC)_,eyp-systemd/templates/section/unit.erb_(Other)_,,,
eyp-systemd/manifests/params.pp_(IaC)_,eyp-systemd/metadata.json_(Other)_,,,,,,,
eyp-systemd/manifests/sysvwrapper.pp_(IaC)_,eyp-systemd/metadata.json_(Other)_,,,,,,,
eyp-systemd/examples/sysv_wrapper_demo.pp_(IaC)_,,,,,,,,
eyp-systemd/examples/sysv_wrapper_demo.pp_(IaC)_,,,,,,,,
eyp-systemd/examples/sysv_wrapper_demo.pp_(IaC)_,,,,,,,,
eyp-systemd/examples/sysv_wrapper_demo.pp_(IaC)_,,,,,,,,
eyp-systemd/examples/mount_demo.pp_(IaC)_,eyp-systemd/manifests/mount.pp_(IaC)_,eyp-systemd/metadata.json_(Other)_,eyp-systemd/templates/section/mount.erb_(Other)_,,,,,
eyp-systemd/manifests/mount.pp_(IaC)_,,,,,,,,
eyp-systemd/manifests/mount.pp_(IaC)_,,,,,,,,
eyp-systemd/manifests/logind.pp_(IaC)_,eyp-systemd/manifests/mount.pp_(IaC)_,eyp-systemd/manifests/service.pp_(IaC)_,eyp-systemd/manifests/service/dropin.pp_(IaC)_,eyp-systemd/manifests/socket.pp_(IaC)_,eyp-systemd/manifests/system.pp_(IaC)_,eyp-systemd/manifests/sysvwrapper.pp_(IaC)_,eyp-systemd/manifests/target.pp_(IaC)_,eyp-systemd/manifests/timer.pp_(IaC)_
eyp-systemd/manifests/mount.pp_(IaC)_,eyp-systemd/manifests/sysvwrapper.pp_(IaC)_,eyp-systemd/metadata.json_(Other)_,,,,,,
eyp-systemd/manifests/params.pp_(IaC)_,eyp-systemd/metadata.json_(Other)_,,,,,,,
eyp-systemd/manifests/service.pp_(IaC)_,,,,,,,,