23a233f019a3e37bae3be133f7868b329ff51117,eyp-systemd/manifests/init.pp_(IaC)_,eyp-systemd/manifests/logind.pp_(IaC)_,eyp-systemd/manifests/service.pp_(IaC)_,eyp-systemd/manifests/service/dropin.pp_(IaC)_,eyp-systemd/manifests/timesyncd.pp_(IaC)_,eyp-systemd/metadata.json_(Other)_,eyp-systemd/spec/acceptance/base_spec.rb_(Other)_,eyp-systemd/templates/service.erb_(Other)_,eyp-systemd/templates/timesyncd.erb_(Other)_
f7dd08f295b388e0b6c7a46ddc6afc8e45f14835,eyp-systemd/manifests/init.pp_(IaC)_,eyp-systemd/manifests/params.pp_(IaC)_,eyp-systemd/manifests/service.pp_(IaC)_,eyp-systemd/metadata.json_(Other)_,eyp-systemd/spec/classes/init_spec.rb_(Other)_,eyp-systemd/spec/spec_helper.rb_(Other)_,eyp-systemd/templates/service.erb_(Other)_,eyp-systemd/tests/init.pp_(Other)_,
257c970152ab5a4f1f721926ff78fb5209a31139,eyp-systemd/manifests/params.pp_(IaC)_,eyp-systemd/manifests/service.pp_(IaC)_,eyp-systemd/metadata.json_(Other)_,,,,,,
a58da9f8e9dc3b0ae242b09526b3b1fde2d51901,eyp-systemd/manifests/service.pp_(IaC)_,eyp-systemd/metadata.json_(Other)_,eyp-systemd/templates/service.erb_(Other)_,,,,,,
d4cda356860ed0ae8e6e4c33df7ff11b5f79e235,eyp-systemd/manifests/init.pp_(IaC)_,eyp-systemd/manifests/service.pp_(IaC)_,eyp-systemd/metadata.json_(Other)_,,,,,,
3ee244561f0ea2adfb734eb0e8d27f6751d4dc46,eyp-systemd/manifests/service.pp_(IaC)_,eyp-systemd/metadata.json_(Other)_,,,,,,,
72367ae979eb28fc1edf77164d400d87894c1a97,eyp-systemd/manifests/service.pp_(IaC)_,,,,,,,,
4c6f3c9c43dc64d12e25a28081e4b1fc11830186,eyp-systemd/manifests/init.pp_(IaC)_,eyp-systemd/metadata.json_(Other)_,,,,,,,
da354a4b1f95bb6c47969db48e6ad803bd7c979f,eyp-systemd/manifests/service.pp_(IaC)_,eyp-systemd/metadata.json_(Other)_,eyp-systemd/templates/service.erb_(Other)_,,,,,,
3e9089c68c6fca971cfc1065c160c0ece7a866f0,eyp-systemd/manifests/service.pp_(IaC)_,,,,,,,,
2a0ae6de8584b1850d2fcb02ac33f17b31b1b373,eyp-systemd/manifests/init.pp_(IaC)_,eyp-systemd/metadata.json_(Other)_,eyp-systemd/templates/logind.erb_(Other)_,,,,,,
b4e1a7fc72202057bc696c6362e27823db054cc2,eyp-systemd/manifests/init.pp_(IaC)_,,,,,,,,
6a843311f32037f95ab2993adb900c91824fb449,eyp-systemd/manifests/init.pp_(IaC)_,eyp-systemd/metadata.json_(Other)_,,,,,,,
9d9c1a33f186e37ac790d851d45c771597f5cf21,eyp-systemd/manifests/service.pp_(IaC)_,eyp-systemd/metadata.json_(Other)_,,,,,,,
a12814666b16a2cd3d162c2167a6f001369a0845,eyp-systemd/manifests/init.pp_(IaC)_,,,,,,,,
155e3b1cc711aea2d62375cd8b5b6f7891bd4171,eyp-systemd/manifests/params.pp_(IaC)_,eyp-systemd/metadata.json_(Other)_,,,,,,,
0d728dcf27b62a9a1fa79a5411e2a3b62b99894b,eyp-systemd/manifests/service.pp_(IaC)_,eyp-systemd/metadata.json_(Other)_,eyp-systemd/templates/service.erb_(Other)_,,,,,,
edc10f00ca51f92a26f85fb9efb1ac6439a7be3b,eyp-systemd/manifests/sysvwrapper.pp_(IaC)_,eyp-systemd/metadata.json_(Other)_,eyp-systemd/templates/sysv/status.erb_(Other)_,eyp-systemd/templates/sysv/wrapper.erb_(Other)_,,,,,
8d0c0fd9b5bcadf8920f87fbce4639c26567479f,eyp-systemd/manifests/sysvwrapper.pp_(IaC)_,,,,,,,,
b3c7bde3b2a58e5dff8af338bbfad75fe2a97248,eyp-systemd/manifests/sysvwrapper.pp_(IaC)_,,,,,,,,
5ed640a3ade5e8555b45ff1b951cfca209d34a5d,eyp-systemd/manifests/sysvwrapper.pp_(IaC)_,eyp-systemd/metadata.json_(Other)_,,,,,,,
ba80bf958de5a54c9fff01f1d6c356a4faafd460,eyp-systemd/manifests/service.pp_(IaC)_,eyp-systemd/metadata.json_(Other)_,,,,,,,
6f964f3a8380f723cb1cf2dc39766d280508cb73,eyp-systemd/manifests/service.pp_(IaC)_,eyp-systemd/metadata.json_(Other)_,eyp-systemd/templates/service.erb_(Other)_,,,,,,
58942535022097dee51eba259cd8cc92dfd609fd,eyp-systemd/manifests/service.pp_(IaC)_,eyp-systemd/templates/service.erb_(Other)_,,,,,,,
0e9e6e13b8d75297e6bfecf043db5f65a01d0405,eyp-systemd/manifests/service.pp_(IaC)_,,,,,,,,
e02d4a045843198fa02a9cdad28f3a9c66e5b46b,eyp-systemd/manifests/service.pp_(IaC)_,eyp-systemd/metadata.json_(Other)_,eyp-systemd/templates/service.erb_(Other)_,,,,,,
a013a7123839c9f9f021650ffbdaeb6972b0660a,eyp-systemd/manifests/service.pp_(IaC)_,eyp-systemd/templates/service.erb_(Other)_,,,,,,,
db1a9302766e4f1bbca95886c66ba4eefe34ffe2,eyp-systemd/manifests/service.pp_(IaC)_,,,,,,,,
4f03a3aa372ee7685e22555cd6ebdc21464478ed,eyp-systemd/manifests/service.pp_(IaC)_,eyp-systemd/templates/service.erb_(Other)_,,,,,,,
f345505e4c29aaac8a1e81653233f88b9da6c30f,eyp-systemd/manifests/service.pp_(IaC)_,eyp-systemd/templates/service.erb_(Other)_,,,,,,,
67bf46152c43327e52cb1ac190587983b62699b6,eyp-systemd/manifests/service.pp_(IaC)_,eyp-systemd/metadata.json_(Other)_,eyp-systemd/templates/service.erb_(Other)_,,,,,,
32278a03ca264bb0b9e933594539690cbd4cb265,eyp-systemd/manifests/service.pp_(IaC)_,eyp-systemd/templates/service.erb_(Other)_,,,,,,,
2f902833028f4a6b42e07984cb21861f8ca9936b,eyp-systemd/manifests/service.pp_(IaC)_,eyp-systemd/metadata.json_(Other)_,eyp-systemd/templates/service.erb_(Other)_,,,,,,
ace53986e4641e86a9971dd57e412317c8bb29d7,eyp-systemd/manifests/service.pp_(IaC)_,,,,,,,,
1a23cea783d263a92c9211c4c5f0f3b40e64ed42,eyp-systemd/manifests/service.pp_(IaC)_,eyp-systemd/templates/service.erb_(Other)_,,,,,,,
2f3e5dc30afd691ec44f2326395258c14f785217,eyp-systemd/manifests/service.pp_(IaC)_,,,,,,,,
9a18a77a74e3bd368bc05361834d459457495211,eyp-systemd/manifests/service.pp_(IaC)_,eyp-systemd/templates/service.erb_(Other)_,,,,,,,
c0ebf9f93ca873df661ec85a8789c280038ee720,eyp-systemd/manifests/service.pp_(IaC)_,eyp-systemd/templates/service.erb_(Other)_,,,,,,,
44d87ea061e0c1597805b79f8d9b33309e9cc416,eyp-systemd/manifests/params.pp_(IaC)_,,,,,,,,
2b1e873fcf72122aa76581592bd57686460aedd1,eyp-systemd/manifests/service.pp_(IaC)_,eyp-systemd/templates/service.erb_(Other)_,,,,,,,
0074d8ad11a720e414777562cfdf5a646efb9344,eyp-systemd/manifests/params.pp_(IaC)_,eyp-systemd/metadata.json_(Other)_,,,,,,,
a429bd1cb3de75e56730808819dfb60421f6dc30,eyp-systemd/manifests/params.pp_(IaC)_,,,,,,,,
8e4fed90f82686a2032e7075652bc2ec1c15011f,eyp-systemd/manifests/service.pp_(IaC)_,eyp-systemd/metadata.json_(Other)_,eyp-systemd/templates/service.erb_(Other)_,,,,,,
c2f4a129598ae975cafc8b08c8fbdad76cfd7512,eyp-systemd/manifests/service.pp_(IaC)_,eyp-systemd/templates/service.erb_(Other)_,,,,,,,
9ee67134435517b24f75f4359920a9aa07285881,eyp-systemd/manifests/service.pp_(IaC)_,eyp-systemd/templates/service.erb_(Other)_,,,,,,,
35a43ad1e9c2d92b6ed528d2480dc16546dcfbf3,eyp-systemd/manifests/service.pp_(IaC)_,eyp-systemd/templates/service.erb_(Other)_,,,,,,,
ec4cba6fcba4313e15dbcb9a6bd6be78d12f281d,eyp-systemd/manifests/service.pp_(IaC)_,eyp-systemd/templates/service.erb_(Other)_,,,,,,,
70c362c5c86f6c9b4f50606bb77b6ef3f460c1de,eyp-systemd/manifests/service.pp_(IaC)_,eyp-systemd/templates/service.erb_(Other)_,,,,,,,
2ac75701c6b5fa05378f40febab7e98e88a73cef,eyp-systemd/manifests/service.pp_(IaC)_,,,,,,,,
946a7367c4dbb2201a96f4fb1ab9efbe243aab7d,eyp-systemd/manifests/service.pp_(IaC)_,,,,,,,,
3db94935777c8d9eac9dd5d3b80350bbc79a3bd3,eyp-systemd/manifests/socket.pp_(IaC)_,eyp-systemd/metadata.json_(Other)_,eyp-systemd/templates/socket.erb_(Other)_,,,,,,
91eb875bd9d9940ffe730dcbdb42178d3ed631b7,eyp-systemd/manifests/socket.pp_(IaC)_,,,,,,,,
edfd037f609b3357f732fb5f3d589e096b01e9af,eyp-systemd/manifests/service.pp_(IaC)_,eyp-systemd/metadata.json_(Other)_,eyp-systemd/templates/service.erb_(Other)_,,,,,,
4bd7f3d585ac39760e9ceba3d64287e20688b1a8,eyp-systemd/manifests/service.pp_(IaC)_,eyp-systemd/spec/acceptance/base_spec.rb_(Other)_,eyp-systemd/templates/service.erb_(Other)_,,,,,,
97f823bf4aa3b971811cdc7b7559b6fb8e191a8d,eyp-systemd/manifests/service.pp_(IaC)_,,,,,,,,
ddd5226ba6464dc76776a8dededc846ee09de150,eyp-systemd/manifests/service.pp_(IaC)_,eyp-systemd/metadata.json_(Other)_,eyp-systemd/templates/service.erb_(Other)_,,,,,,
e70fe9144f451ebb5e0243a76c2f4b24c0cc5623,eyp-systemd/manifests/service.pp_(IaC)_,eyp-systemd/templates/service.erb_(Other)_,,,,,,,
914b2c977cb49913299848c5b478a5187c402d17,eyp-systemd/manifests/socket.pp_(IaC)_,eyp-systemd/metadata.json_(Other)_,eyp-systemd/templates/socket.erb_(Other)_,,,,,,
7c2b14c694803c5ac262d6ec29607cfeacb2bf46,eyp-systemd/manifests/socket.pp_(IaC)_,,,,,,,,
7d747d1efa41f6fd4173132316456168f801d690,eyp-systemd/.travis.yml_(Other)_,eyp-systemd/manifests/params.pp_(IaC)_,eyp-systemd/metadata.json_(Other)_,eyp-systemd/spec/acceptance/nodesets/archlinux-docker.yml_(Other)_,,,,,
9f6824908906e6cb503620b49164d22ca0c422a0,eyp-systemd/manifests/timer.pp_(IaC)_,eyp-systemd/spec/acceptance/timer.rb_(Other)_,eyp-systemd/templates/timer.erb_(Other)_,,,,,,
3b7197bf7c3e33924c2f839dd0d143260f8fb076,eyp-systemd/manifests/timer.pp_(IaC)_,eyp-systemd/spec/acceptance/timer.rb_(Other)_,eyp-systemd/templates/timer.erb_(Other)_,,,,,,
175345f0d0f3a92766a2a6148df6572ef2396775,eyp-systemd/manifests/timer.pp_(IaC)_,,,,,,,,
cf83cc32d8685e835c5d53898159bc233338507a,eyp-systemd/manifests/sysvwrapper.pp_(IaC)_,eyp-systemd/metadata.json_(Other)_,,,,,,,
4c4c4f375745f031584ffdbc8d333ba3643ce2d1,eyp-systemd/manifests/sysvwrapper.pp_(IaC)_,,,,,,,,
454aa20be579ce7d4ea70bef2bf2aad478eb197a,eyp-systemd/manifests/sysvwrapper.pp_(IaC)_,eyp-systemd/metadata.json_(Other)_,,,,,,,
db31da177376f7f34d036da85116a2ae29eb00b2,eyp-systemd/manifests/sysvwrapper.pp_(IaC)_,eyp-systemd/metadata.json_(Other)_,,,,,,,
889fab23d3e17e80e09742ac02b44ac91ca38329,eyp-systemd/manifests/service.pp_(IaC)_,,,,,,,,
14c42a923f2d5a0d898f244b4723bcb9a1d06dc0,eyp-systemd/manifests/service.pp_(IaC)_,eyp-systemd/templates/service.erb_(Other)_,,,,,,,
c76eaa301a21e9922ac2aeef257f6f00c9e35aa5,eyp-systemd/manifests/service.pp_(IaC)_,eyp-systemd/templates/service.erb_(Other)_,,,,,,,
5bba59d5abe563327d6b1d40657265ec37b23101,eyp-systemd/manifests/service.pp_(IaC)_,eyp-systemd/templates/service.erb_(Other)_,,,,,,,
081939a774f3bcc51f1d71d62a1508ca043f66c5,eyp-systemd/manifests/dropin.pp_(IaC)_,eyp-systemd/templates/dropin.erb_(Other)_,,,,,,,
40dc951e37dca75dbfc43ab21a809c6e6984d968,eyp-systemd/manifests/dropin.pp_(IaC)_,,,,,,,,
c59259d35ee8d7329771d62b1dd77f7d2221b38e,eyp-systemd/manifests/dropin.pp_(IaC)_,,,,,,,,
c5374b7c7aa5e26fe0a5400842ee1a9ac622e87d,eyp-systemd/manifests/dropin.pp_(IaC)_,,,,,,,,
c3a1d2a0d4ab496aeb18cd25b2395a97bb9bf830,eyp-systemd/manifests/dropin.pp_(IaC)_,eyp-systemd/metadata.json_(Other)_,,,,,,,
8152e584417742879aabb4e2bf3dd6aecb66b574,eyp-systemd/manifests/system.pp_(IaC)_,eyp-systemd/spec/classes/system_spec.rb_(Other)_,eyp-systemd/templates/system.conf.erb_(Other)_,,,,,,
0663c9ff610e5c99dd4fbe8a563fc8b02d190d25,eyp-systemd/.rspec_(Other)_,eyp-systemd/manifests/init.pp_(IaC)_,eyp-systemd/manifests/logind.pp_(IaC)_,eyp-systemd/spec/classes/logind_spec.rb_(Other)_,eyp-systemd/templates/logind.erb_(Other)_,,,,
4f678ee7c8e38332c7c8c42edeb103d68c39eeef,eyp-systemd/manifests/params.pp_(IaC)_,eyp-systemd/metadata.json_(Other)_,,,,,,,
32061d5c2bdc14d26b201142f464c3721a3a9c12,eyp-systemd/manifests/system.pp_(IaC)_,,,,,,,,
513812aa0e39c7ae3b8a87c0071d8991e503cf49,eyp-systemd/manifests/service/dropin.pp_(IaC)_,,,,,,,,
83915b559b75ca4858591b0845d1c2a3fb88db68,eyp-systemd/manifests/service.pp_(IaC)_,,,,,,,,
4046f03a900fa4cb1aad25c85a403d05f28a1139,eyp-systemd/manifests/service.pp_(IaC)_,eyp-systemd/templates/service.erb_(Other)_,,,,,,,
4076ee638e0c02508cc63681b2a4a71c11eb58cd,eyp-systemd/manifests/service.pp_(IaC)_,eyp-systemd/metadata.json_(Other)_,,,,,,,
7d97070d1b4a072f40120cca74f70fb4c0107c31,eyp-systemd/manifests/service/dropin.pp_(IaC)_,,,,,,,,
ca23992b19aec6ae82835bbdccf076e532f04c8c,eyp-systemd/manifests/service/dropin.pp_(IaC)_,eyp-systemd/templates/dropin.erb_(Other)_,,,,,,,
b7da49ad425d17e9fe04f723e2c3c9b6d0699ae4,eyp-systemd/manifests/service/dropin.pp_(IaC)_,,,,,,,,
a04eabbfd889fd748ef19415b954fa73b209e534,eyp-systemd/manifests/service.pp_(IaC)_,,,,,,,,
a689654d3fe3eb603ffd52e030e8b5aa953f7594,eyp-systemd/manifests/service.pp_(IaC)_,eyp-systemd/manifests/service/dropin.pp_(IaC)_,eyp-systemd/templates/dropin.erb_(Other)_,eyp-systemd/templates/service.erb_(Other)_,,,,,
f83f3b9c13fc1a17087bd8243e7880679486d19a,eyp-systemd/manifests/service.pp_(IaC)_,,,,,,,,
e642db04802162d77cbe8006a14f160256f4e078,eyp-systemd/manifests/init.pp_(IaC)_,eyp-systemd/manifests/service.pp_(IaC)_,eyp-systemd/manifests/service/dropin.pp_(IaC)_,eyp-systemd/manifests/socket.pp_(IaC)_,eyp-systemd/manifests/timer.pp_(IaC)_,,,,
9a1dfbc0d2048b42bc00adf43a90ca4490266409,eyp-systemd/manifests/init.pp_(IaC)_,,,,,,,,
507c2cc9464385515b25b611301be3cc899cf841,eyp-systemd/manifests/init.pp_(IaC)_,,,,,,,,
849b006cd0399bbf06a4ba32d1fa42af063af616,eyp-systemd/manifests/service.pp_(IaC)_,,,,,,,,
a9e448bc59bccd175d9dcdd870b1d6c264bc4fa5,eyp-systemd/manifests/service.pp_(IaC)_,,,,,,,,
bafe13cbcb7fe40c27b54fb3f870ba84e0233339,eyp-systemd/.travis.yml_(Other)_,eyp-systemd/manifests/params.pp_(IaC)_,eyp-systemd/metadata.json_(Other)_,eyp-systemd/spec/acceptance/nodesets/debian8-docker.yml_(Other)_,eyp-systemd/spec/acceptance/nodesets/debian9-docker.yml_(Other)_,,,,
6eb382daa9bbac1a84b5ee511cac197d9c94e14f,eyp-systemd/.travis.yml_(Other)_,eyp-systemd/manifests/service/dropin.pp_(IaC)_,,,,,,,
675e99a7b5c05f13d5569b076265dfafaf672ec0,eyp-systemd/manifests/service.pp_(IaC)_,,,,,,,,
91e7abeff4403eede43d73bf06a9a80801213f95,eyp-systemd/manifests/service.pp_(IaC)_,eyp-systemd/manifests/service/dropin.pp_(IaC)_,eyp-systemd/metadata.json_(Other)_,,,,,,
0ec1365756a41d9480af3e368dd4008a49cc15fb,eyp-systemd/manifests/service.pp_(IaC)_,eyp-systemd/manifests/service/dropin.pp_(IaC)_,,,,,,,
9cd1aaf712466b7b2c2435583ff8349e074398ed,eyp-systemd/manifests/service/dropin.pp_(IaC)_,,,,,,,,
0f826ba8cce1ca95d9c359567d22bb9875da9851,eyp-systemd/manifests/init.pp_(IaC)_,,,,,,,,
045ac0e308a228cde8b8b5603e0dbf836241507b,eyp-systemd/manifests/service/dropin.pp_(IaC)_,,,,,,,,
6784cbf99a461f0a2d12fb98b298d957975cd841,eyp-systemd/manifests/system.pp_(IaC)_,eyp-systemd/templates/system.conf.erb_(Other)_,,,,,,,
f31ae2ca1cc92ab9b2722e14db496e45b4fdb619,eyp-systemd/manifests/system.pp_(IaC)_,,,,,,,,
f9b52d59a168ef57f56b1a5484db0bfebeb77100,eyp-systemd/manifests/init.pp_(IaC)_,,,,,,,,
43f06fff02ca6e963c76c10bad39bfe789af683a,eyp-systemd/manifests/init.pp_(IaC)_,eyp-systemd/manifests/logind.pp_(IaC)_,eyp-systemd/templates/logind.erb_(Other)_,,,,,,
8ee30cf95177278358853d090a5cd580595fe74e,eyp-systemd/manifests/logind.pp_(IaC)_,eyp-systemd/metadata.json_(Other)_,eyp-systemd/spec/acceptance/base_spec.rb_(Other)_,,,,,,
99aec3a8fce9ecf714b723f7cd69e3999a125a0a,eyp-systemd/manifests/init.pp_(IaC)_,,,,,,,,
0019d39e9e49a9ac2ccc0d121d077c8da4d48eeb,eyp-systemd/manifests/logind.pp_(IaC)_,,,,,,,,
3e2a970c6b2fd01b04c9ee82ad50aab0cb2cbf6d,eyp-systemd/manifests/service.pp_(IaC)_,eyp-systemd/manifests/service/dropin.pp_(IaC)_,eyp-systemd/metadata.json_(Other)_,eyp-systemd/templates/service.erb_(Other)_,,,,,
ab3e3f1c0c8ddcfbb58a5657bb6641bf2af92005,eyp-systemd/manifests/init.pp_(IaC)_,eyp-systemd/manifests/journald.pp_(IaC)_,eyp-systemd/templates/journald.erb_(Other)_,,,,,,
142d69499accd25dffae47c7127e728d0450e3b1,eyp-systemd/manifests/init.pp_(IaC)_,,,,,,,,
55474264e9d00d893c6eb864721914ab64d85c30,eyp-systemd/manifests/logind.pp_(IaC)_,eyp-systemd/manifests/service.pp_(IaC)_,eyp-systemd/manifests/service/dropin.pp_(IaC)_,eyp-systemd/manifests/socket.pp_(IaC)_,eyp-systemd/manifests/sysvwrapper.pp_(IaC)_,eyp-systemd/manifests/timer.pp_(IaC)_,eyp-systemd/metadata.json_(Other)_,eyp-systemd/templates/service.erb_(Other)_,
5de2c19b0c9e253c20239e2adc503574718dc8ab,eyp-systemd/manifests/timer.pp_(IaC)_,,,,,,,,
5f3190991a26deafa192a4c1a07b9b3626c0d095,eyp-systemd/manifests/logind.pp_(IaC)_,eyp-systemd/metadata.json_(Other)_,,,,,,,
d8645786b8df04de7d20cf67b7674744643a0ab6,eyp-systemd/manifests/init.pp_(IaC)_,eyp-systemd/manifests/journald.pp_(IaC)_,eyp-systemd/manifests/journald/config.pp_(IaC)_,eyp-systemd/manifests/journald/service.pp_(IaC)_,eyp-systemd/metadata.json_(Other)_,eyp-systemd/templates/journald.erb_(Other)_,,,
b80d4a642262b57b49f662957bc02bdbad4dc7c2,eyp-systemd/manifests/journald/config.pp_(IaC)_,,,,,,,,
1eea110029e271313172d5db697a8e10f0a9d08a,eyp-systemd/manifests/journald/config.pp_(IaC)_,,,,,,,,
99ab7a16f31c056e41595fba4e7b0804c73c9e62,eyp-systemd/manifests/journald/config.pp_(IaC)_,,,,,,,,
4c605a6ce9e0de0a47d40ed51c58d8701bd9b4c5,eyp-systemd/manifests/journald/config.pp_(IaC)_,,,,,,,,
fc5a236208ca30c859b1ffaccf6c79b0dbf79fa0,eyp-systemd/manifests/journald/config.pp_(IaC)_,,,,,,,,
f39737678f0f8d95ffae31fe45994c98ad19c8fd,eyp-systemd/manifests/journald/config.pp_(IaC)_,,,,,,,,
7be4f36aedac0e0ea06c9a448fddd6d7cd22c3e9,eyp-systemd/manifests/journald/config.pp_(IaC)_,,,,,,,,
582497fa28d9f0e4c0eaa6b2355f691c87918bb3,eyp-systemd/manifests/journald/config.pp_(IaC)_,,,,,,,,
29de6897d48ddb22047961cbef3cb5f8020c275b,eyp-systemd/manifests/journald.pp_(IaC)_,eyp-systemd/manifests/journald/config.pp_(IaC)_,,,,,,,
2c88d26c2080ae8e3df2d279aa5226881d273ea1,eyp-systemd/manifests/service/dropin.pp_(IaC)_,eyp-systemd/spec/defines/service_dropin_spec.rb_(Other)_,eyp-systemd/spec/defines/service_spec.rb_(Other)_,eyp-systemd/templates/service.erb_(Other)_,,,,,
7920f049810394bccad449928b9a6b25cb06c405,eyp-systemd/manifests/params.pp_(IaC)_,eyp-systemd/metadata.json_(Other)_,,,,,,,
00f88bd32891e59323d44d36532178009884bd28,eyp-systemd/manifests/resolved.pp_(IaC)_,eyp-systemd/manifests/resolved/config.pp_(IaC)_,eyp-systemd/manifests/resolved/service.pp_(IaC)_,eyp-systemd/templates/resolved.erb_(Other)_,,,,,
1ee623f33e41450c9cfcefef5ea82e4a3972f3f9,eyp-systemd/manifests/resolved.pp_(IaC)_,eyp-systemd/templates/resolved.erb_(Other)_,,,,,,,
76c99eebab5770e8453e5deacdef82f97a19d62e,eyp-systemd/manifests/timesyncd.pp_(IaC)_,eyp-systemd/manifests/tymesyncd/config.pp_(IaC)_,eyp-systemd/manifests/tymesyncd/service.pp_(IaC)_,eyp-systemd/templates/timesyncd.erb_(Other)_,,,,,
ced1a329c0f0f56ae414f931691dab576d71735f,eyp-systemd/manifests/timesyncd.pp_(IaC)_,,,,,,,,
b3ca8ac23c4add0524009dad0cda917d667f6505,eyp-systemd/manifests/timesyncd/config.pp_(IaC)_,eyp-systemd/manifests/timesyncd/service.pp_(IaC)_,,,,,,,
429246a90b72072de46d827cbda4da2cb3e9ba30,eyp-systemd/examples/ntp_timesyncd.pp_(IaC)_,,,,,,,,
0f8d2e2a73d02e923b8820ce59f4a86259acc91b,eyp-systemd/manifests/timesyncd/service.pp_(IaC)_,,,,,,,,
fc7c7831570bbb2edb8e5782f1445b91009ff6fe,eyp-systemd/manifests/service.pp_(IaC)_,eyp-systemd/templates/service.erb_(Other)_,,,,,,,
f1a218e605f1462af25e4dc8386020afb268616a,eyp-systemd/manifests/service/dropin.pp_(IaC)_,eyp-systemd/metadata.json_(Other)_,,,,,,,
89760a459e14c098544b27837331969e806fe14d,eyp-systemd/manifests/params.pp_(IaC)_,eyp-systemd/metadata.json_(Other)_,,,,,,,
baf25456393218c6b916e0b357705a6d8e600781,eyp-systemd/manifests/params.pp_(IaC)_,,,,,,,,
9b49f97a2eedda13975a5b13b3d459391279df78,eyp-systemd/manifests/service.pp_(IaC)_,,,,,,,,
fbba5fd4d50e61e92d506e1589705352977c8f07,eyp-systemd/manifests/init.pp_(IaC)_,,,,,,,,
10d40b911d95997ef040dea8d239a7d6137b45a4,eyp-systemd/manifests/init.pp_(IaC)_,eyp-systemd/metadata.json_(Other)_,,,,,,,
11ba621580ebde80f9902cee20703238c0685d3e,eyp-systemd/manifests/service.pp_(IaC)_,eyp-systemd/manifests/service/dropin.pp_(IaC)_,eyp-systemd/templates/service.erb_(Other)_,,,,,,
a125019696ff3bd8784106357485b14419f84edb,eyp-systemd/manifests/service.pp_(IaC)_,,,,,,,,
fa2ef20691afa3a45a8fc5abadcba38e2b14a790,eyp-systemd/manifests/service/dropin.pp_(IaC)_,eyp-systemd/metadata.json_(Other)_,,,,,,,
40bd79933a11a03d494c5f3a69407c12b91bde87,eyp-systemd/manifests/journald.pp_(IaC)_,eyp-systemd/manifests/logind.pp_(IaC)_,eyp-systemd/manifests/service.pp_(IaC)_,eyp-systemd/manifests/timer.pp_(IaC)_,eyp-systemd/metadata.json_(Other)_,,,,
a41ab0ffc7a65adcafcdd951fc227eff0cbd4adf,eyp-systemd/manifests/service/dropin.pp_(IaC)_,,,,,,,,
4741709cd7a0cdc8a3672c5824f0148cd68b4ade,eyp-systemd/manifests/service.pp_(IaC)_,eyp-systemd/manifests/service/dropin.pp_(IaC)_,,,,,,,
04fdd1631f90d820957f2b4c166307fd25291672,eyp-systemd/manifests/service/target.pp_(IaC)_,,,,,,,,
885ebeceaac05185fc785bfaa5e7ed8d1c76d76e,eyp-systemd/manifests/service/target.pp_(IaC)_,,,,,,,,
f3500f1e8d255bbe019d8831cb27af25c3f22252,eyp-systemd/manifests/init.pp_(IaC)_,eyp-systemd/manifests/timer.pp_(IaC)_,eyp-systemd/templates/section/install.erb_(Other)_,eyp-systemd/templates/section/service.erb_(Other)_,eyp-systemd/templates/section/socket.erb_(Other)_,eyp-systemd/templates/section/timer.erb_(Other)_,eyp-systemd/templates/section/unit.erb_(Other)_,,
7d8694ad0244b8c93d8517e0e3886d1cb91e510b,eyp-systemd/manifests/socket.pp_(IaC)_,,,,,,,,
4c9568c981f4806a8e1108261570c98c48720b34,eyp-systemd/manifests/service/target.pp_(IaC)_,,,,,,,,
bdc34f811c784f30bfff30830bbebd429e842efc,eyp-systemd/manifests/target.pp_(IaC)_,,,,,,,,
f8a4d83a0e7b5225510a874b7479b6050293e21c,eyp-systemd/manifests/service.pp_(IaC)_,eyp-systemd/manifests/service/dropin.pp_(IaC)_,eyp-systemd/manifests/socket.pp_(IaC)_,,,,,,
9767d9dbd457f6d7e2869bef9f6662be14e1cbbf,eyp-systemd/manifests/socket.pp_(IaC)_,eyp-systemd/manifests/timer.pp_(IaC)_,,,,,,,
2faf3e16d4893988107e0d5555dccebca8e5afd4,eyp-systemd/manifests/service.pp_(IaC)_,eyp-systemd/manifests/service/dropin.pp_(IaC)_,eyp-systemd/manifests/socket.pp_(IaC)_,eyp-systemd/manifests/timer.pp_(IaC)_,,,,,
4559914a76defe8a4adad4b4e9474df25a20e98a,eyp-systemd/manifests/timer.pp_(IaC)_,,,,,,,,
6d376d436db40938297a027ce70c6f2138ca5f76,eyp-systemd/manifests/socket.pp_(IaC)_,,,,,,,,
8815bcdeb7c518620d1faa8a974746d33217eaa0,eyp-systemd/manifests/target.pp_(IaC)_,,,,,,,,
dff87fecafb0e6b46f79e767893e42f2986aac04,eyp-systemd/manifests/target.pp_(IaC)_,,,,,,,,
c36064344e2d1bb1f8467409061816272b3650cd,eyp-systemd/manifests/target.pp_(IaC)_,,,,,,,,
25aff05cd5b05080b0166fe80eccb97c6652a2e2,eyp-systemd/manifests/init.pp_(IaC)_,eyp-systemd/manifests/target.pp_(IaC)_,eyp-systemd/templates/target.erb_(Other)_,,,,,,
b7c25771aae3bf30c51e61b5273b6bdf65840a4f,eyp-systemd/manifests/target.pp_(IaC)_,,,,,,,,
c533a7c1cbc0a7d851b218d8d8e8185eb8241c52,eyp-systemd/manifests/service.pp_(IaC)_,eyp-systemd/manifests/target.pp_(IaC)_,eyp-systemd/manifests/timer.pp_(IaC)_,,,,,,
bd84c5b79f5be270a8738c3b08ab6100c9570f63,eyp-systemd/manifests/target.pp_(IaC)_,eyp-systemd/manifests/timer.pp_(IaC)_,,,,,,,
24b6ae6af461a9eaf8897b17e155e2ab928377e4,eyp-systemd/manifests/target.pp_(IaC)_,,,,,,,,
ecbaec7e752f0925c1043bdf3dc590df90791e74,eyp-systemd/manifests/service.pp_(IaC)_,,,,,,,,
7cd552040be6978e73c17e8aeeb3608dd4c478d2,eyp-systemd/manifests/service.pp_(IaC)_,,,,,,,,
016fc22f5774bf01e9b7b811479a6736b3a35660,eyp-systemd/manifests/service.pp_(IaC)_,eyp-systemd/manifests/service/dropin.pp_(IaC)_,eyp-systemd/manifests/socket.pp_(IaC)_,eyp-systemd/manifests/target.pp_(IaC)_,eyp-systemd/manifests/timer.pp_(IaC)_,,,,
c9096881efb3fc35e47572777a2620fb08bc85aa,eyp-systemd/manifests/service/dropin.pp_(IaC)_,,,,,,,,
6cceacf851c370e0526a3404448fac2ae6ad248f,eyp-systemd/manifests/socket.pp_(IaC)_,eyp-systemd/templates/section/socket.erb_(Other)_,,,,,,,
dc590fc5af792dbabe74f31637c117d8d5e2b80b,eyp-systemd/manifests/service.pp_(IaC)_,eyp-systemd/manifests/service/dropin.pp_(IaC)_,eyp-systemd/templates/section/service.erb_(Other)_,,,,,,
2c74af7a126634c22ee6a3e0e74cb35b10471ea2,eyp-systemd/manifests/service.pp_(IaC)_,eyp-systemd/manifests/service/dropin.pp_(IaC)_,eyp-systemd/manifests/socket.pp_(IaC)_,eyp-systemd/manifests/target.pp_(IaC)_,eyp-systemd/manifests/timer.pp_(IaC)_,,,,
128013dcd9cf625a6ad7f41b6bcee5a4c443aaaf,eyp-systemd/examples/socket_demo.pp_(IaC)_,,,,,,,,
d6ef0d4f92e3e9ad27fbf5d2a12b182e681b17fa,eyp-systemd/examples/socket_demo.pp_(IaC)_,eyp-systemd/manifests/socket.pp_(IaC)_,eyp-systemd/spec/acceptance/socket_spec.rb_(Other)_,eyp-systemd/templates/section/socket.erb_(Other)_,,,,,
47380c4af834683cc3b5b93c2e19e00a8ab438f0,eyp-systemd/examples/socket_demo.pp_(IaC)_,eyp-systemd/spec/acceptance/socket_spec.rb_(Other)_,,,,,,,
e818164d457d6a0eb880089da88074bd0d11d562,eyp-systemd/examples/timer_demo.pp_(IaC)_,,,,,,,,
74ab4134c1f9d0561cdee417fb86df43980c04bb,eyp-systemd/examples/socket_demo.pp_(IaC)_,eyp-systemd/examples/timer_demo.pp_(IaC)_,eyp-systemd/spec/acceptance/socket_spec.rb_(Other)_,eyp-systemd/spec/acceptance/timer_spec.rb_(Other)_,,,,,
a6a7fe0f7754a0392ab6bd83171156259d9c6740,eyp-systemd/examples/timer_demo.pp_(IaC)_,eyp-systemd/spec/acceptance/timer_spec.rb_(Other)_,,,,,,,
5622ccf4ff81268444d080c7da35e7ebfe98d59b,eyp-systemd/examples/service_demo.pp_(IaC)_,,,,,,,,
b0bf0e0379a958328666322aacbe18e911e3a621,eyp-systemd/examples/targte_demo.pp_(IaC)_,,,,,,,,
051e390ff62b3c0e72eab34bcd925037aa171e74,eyp-systemd/manifests/params.pp_(IaC)_,eyp-systemd/metadata.json_(Other)_,,,,,,,
13293992a6ae8064af8752bfa6bf254115354aee,eyp-systemd/manifests/service/dropin.pp_(IaC)_,,,,,,,,
7bf2df6322402002eb48ccdc35aa4a1437c051be,eyp-systemd/manifests/service/dropin.pp_(IaC)_,,,,,,,,
f6706d6771daf5dd19a45a2c088471266def9583,eyp-systemd/manifests/service.pp_(IaC)_,eyp-systemd/manifests/service/dropin.pp_(IaC)_,eyp-systemd/manifests/socket.pp_(IaC)_,eyp-systemd/manifests/target.pp_(IaC)_,eyp-systemd/manifests/timer.pp_(IaC)_,eyp-systemd/templates/section/unit.erb_(Other)_,,,
13547121eafbf02021edb6473c15b8a48902912c,eyp-systemd/manifests/params.pp_(IaC)_,eyp-systemd/metadata.json_(Other)_,,,,,,,
054fc3af34676980192c80e6b3de38b026c0d83f,eyp-systemd/manifests/sysvwrapper.pp_(IaC)_,eyp-systemd/metadata.json_(Other)_,,,,,,,
f59588673edc28fa5aa1a12d0a7572574fc13095,eyp-systemd/examples/sysv_wrapper_demo.pp_(IaC)_,,,,,,,,
31c3fe0b3bc61f77485e814510150f70625920e7,eyp-systemd/examples/sysv_wrapper_demo.pp_(IaC)_,,,,,,,,
82e6b54252cf91c69f24a2b2918a4a849df0fd7d,eyp-systemd/examples/sysv_wrapper_demo.pp_(IaC)_,,,,,,,,
7782a6aef3702ed060831491ce1a8e0be997e389,eyp-systemd/examples/sysv_wrapper_demo.pp_(IaC)_,,,,,,,,
cd22e90d51bc6acafaf0895870094feda9f83c43,eyp-systemd/examples/mount_demo.pp_(IaC)_,eyp-systemd/manifests/mount.pp_(IaC)_,eyp-systemd/metadata.json_(Other)_,eyp-systemd/templates/section/mount.erb_(Other)_,,,,,
83228a71aac6e305743a81a97db9207d8528b7be,eyp-systemd/manifests/mount.pp_(IaC)_,,,,,,,,
38f1fe313b1aed7ea733c7ce431a4b0dccdf2e35,eyp-systemd/manifests/mount.pp_(IaC)_,,,,,,,,
90115b244619abbcf7e3c7298de6860007584e30,eyp-systemd/manifests/logind.pp_(IaC)_,eyp-systemd/manifests/mount.pp_(IaC)_,eyp-systemd/manifests/service.pp_(IaC)_,eyp-systemd/manifests/service/dropin.pp_(IaC)_,eyp-systemd/manifests/socket.pp_(IaC)_,eyp-systemd/manifests/system.pp_(IaC)_,eyp-systemd/manifests/sysvwrapper.pp_(IaC)_,eyp-systemd/manifests/target.pp_(IaC)_,eyp-systemd/manifests/timer.pp_(IaC)_
bea60462a9d2c2f64c44407f31531f463d2d7267,eyp-systemd/manifests/mount.pp_(IaC)_,eyp-systemd/manifests/sysvwrapper.pp_(IaC)_,eyp-systemd/metadata.json_(Other)_,,,,,,
3c4f52caca0668c503aad98ba421a337026d6ee4,eyp-systemd/manifests/params.pp_(IaC)_,eyp-systemd/metadata.json_(Other)_,,,,,,,
6b657854b489fc1fa9e79fc2181e9d2dd87f5f5d,eyp-systemd/manifests/service.pp_(IaC)_,,,,,,,,
