puppet-prometheus/.msync.yml_(Other)_,puppet-prometheus/.overcommit.yml_(Other)_,puppet-prometheus/.pmtignore_(Other)_,puppet-prometheus/.rspec_(Other)_,puppet-prometheus/.rspec_parallel_(Other)_,puppet-prometheus/.rubocop.yml_(Other)_,puppet-prometheus/.sync.yml_(Other)_,puppet-prometheus/.travis.yml_(Other)_,puppet-prometheus/.yardopts_(Other)_,puppet-prometheus/examples/init.pp_(IaC)_,puppet-prometheus/manifests/alertmanager.pp_(IaC)_,puppet-prometheus/manifests/alerts.pp_(IaC)_,puppet-prometheus/manifests/config.pp_(IaC)_,puppet-prometheus/manifests/daemon.pp_(IaC)_,puppet-prometheus/manifests/haproxy_exporter.pp_(IaC)_,puppet-prometheus/manifests/init.pp_(IaC)_,puppet-prometheus/manifests/install.pp_(IaC)_,puppet-prometheus/manifests/node_exporter.pp_(IaC)_,puppet-prometheus/manifests/params.pp_(IaC)_,puppet-prometheus/manifests/process_exporter.pp_(IaC)_,puppet-prometheus/manifests/run_service.pp_(IaC)_,puppet-prometheus/metadata.json_(Other)_,puppet-prometheus/spec/acceptance/nodesets/archlinux-2-x64.yml_(Other)_,puppet-prometheus/spec/acceptance/nodesets/centos-511-x64.yml_(Other)_,puppet-prometheus/spec/acceptance/nodesets/centos-6-x64.yml_(Other)_,puppet-prometheus/spec/acceptance/nodesets/centos-66-x64-pe.yml_(Other)_,puppet-prometheus/spec/acceptance/nodesets/centos-66-x64.yml_(Other)_,puppet-prometheus/spec/acceptance/nodesets/centos-7-x64.yml_(Other)_,puppet-prometheus/spec/acceptance/nodesets/centos-72-x64.yml_(Other)_,puppet-prometheus/spec/acceptance/nodesets/debian-78-x64.yml_(Other)_,puppet-prometheus/spec/acceptance/nodesets/debian-82-x64.yml_(Other)_,puppet-prometheus/spec/acceptance/nodesets/docker/centos-5.yml_(Other)_,puppet-prometheus/spec/acceptance/nodesets/docker/centos-6.yml_(Other)_,puppet-prometheus/spec/acceptance/nodesets/docker/centos-7.yml_(Other)_,puppet-prometheus/spec/acceptance/nodesets/docker/debian-7.yml_(Other)_,puppet-prometheus/spec/acceptance/nodesets/docker/debian-8.yml_(Other)_,puppet-prometheus/spec/acceptance/nodesets/docker/ubuntu-12.04.yml_(Other)_,puppet-prometheus/spec/acceptance/nodesets/docker/ubuntu-14.04.yml_(Other)_,puppet-prometheus/spec/acceptance/nodesets/docker/ubuntu-16.04.yml_(Other)_,puppet-prometheus/spec/acceptance/nodesets/ec2/amazonlinux-2016091.yml_(Other)_,puppet-prometheus/spec/acceptance/nodesets/ec2/image_templates.yaml_(Other)_,puppet-prometheus/spec/acceptance/nodesets/ec2/rhel-73-x64.yml_(Other)_,puppet-prometheus/spec/acceptance/nodesets/ec2/sles-12sp2-x64.yml_(Other)_,puppet-prometheus/spec/acceptance/nodesets/ec2/ubuntu-1604-x64.yml_(Other)_,puppet-prometheus/spec/acceptance/nodesets/ec2/windows-2016-base-x64.yml_(Other)_,puppet-prometheus/spec/acceptance/nodesets/fedora-24-x64.yml_(Other)_,puppet-prometheus/spec/acceptance/nodesets/fedora-25-x64.yml_(Other)_,puppet-prometheus/spec/acceptance/nodesets/ubuntu-server-1204-x64.yml_(Other)_,puppet-prometheus/spec/acceptance/nodesets/ubuntu-server-1404-x64.yml_(Other)_,puppet-prometheus/spec/acceptance/nodesets/ubuntu-server-1604-x64.yml_(Other)_,puppet-prometheus/spec/classes/coverage_spec.rb_(Other)_,puppet-prometheus/spec/classes/haproxy_exporter_spec.rb_(Other)_,puppet-prometheus/spec/classes/node_exporter_spec.rb_(Other)_,puppet-prometheus/spec/classes/statsd_exporter_spec.rb_(Other)_,puppet-prometheus/spec/default_facts.yml_(Other)_,puppet-prometheus/spec/defines/daemon_spec.rb_(Other)_,puppet-prometheus/spec/fixtures/manifests/site.pp_(Other)_,puppet-prometheus/spec/spec.opts_(Other)_,puppet-prometheus/spec/spec_helper.rb_(Other)_,puppet-prometheus/templates/process-exporter.yaml.erb_(Other)_,puppet-prometheus/templates/prometheus.yaml.erb_(Other)_,puppet-prometheus/tests/init.pp_(Other)_
puppet-prometheus/manifests/config.pp_(IaC)_,puppet-prometheus/manifests/init.pp_(IaC)_,puppet-prometheus/manifests/install.pp_(IaC)_,puppet-prometheus/manifests/params.pp_(IaC)_,puppet-prometheus/manifests/run_service.pp_(IaC)_,puppet-prometheus/metadata.json_(Other)_,puppet-prometheus/spec/spec.opts_(Other)_,puppet-prometheus/spec/spec_helper.rb_(Other)_,puppet-prometheus/templates/prometheus.launchd.erb_(Other)_,puppet-prometheus/templates/prometheus.sles.erb_(Other)_,puppet-prometheus/templates/prometheus.systemd.erb_(Other)_,puppet-prometheus/templates/prometheus.sysv.erb_(Other)_,puppet-prometheus/templates/prometheus.upstart.erb_(Other)_,puppet-prometheus/templates/prometheus.yaml.erb_(Other)_,puppet-prometheus/tests/init.pp_(Other)_,,,,,,,,,,,,,,,,,,,,,,,,,,,,,,,,,,,,,,,,,,,,,,,
puppet-prometheus/manifests/node_exporter.pp_(IaC)_,puppet-prometheus/manifests/node_exporter/install.pp_(IaC)_,puppet-prometheus/manifests/params.pp_(IaC)_,,,,,,,,,,,,,,,,,,,,,,,,,,,,,,,,,,,,,,,,,,,,,,,,,,,,,,,,,,,
puppet-prometheus/manifests/init.pp_(IaC)_,puppet-prometheus/manifests/install.pp_(IaC)_,puppet-prometheus/manifests/node_exporter.pp_(IaC)_,puppet-prometheus/manifests/node_exporter/config.pp_(IaC)_,puppet-prometheus/manifests/node_exporter/install.pp_(IaC)_,puppet-prometheus/manifests/node_exporter/run_service.pp_(IaC)_,puppet-prometheus/manifests/params.pp_(IaC)_,puppet-prometheus/templates/node_exporter.launchd.erb_(Other)_,puppet-prometheus/templates/node_exporter.sles.erb_(Other)_,puppet-prometheus/templates/node_exporter.systemd.erb_(Other)_,puppet-prometheus/templates/node_exporter.sysv.erb_(Other)_,puppet-prometheus/templates/node_exporter.upstart.erb_(Other)_,puppet-prometheus/templates/prometheus.launchd.erb_(Other)_,puppet-prometheus/templates/prometheus.sles.erb_(Other)_,puppet-prometheus/templates/prometheus.systemd.erb_(Other)_,puppet-prometheus/templates/prometheus.sysv.erb_(Other)_,puppet-prometheus/templates/prometheus.upstart.erb_(Other)_,,,,,,,,,,,,,,,,,,,,,,,,,,,,,,,,,,,,,,,,,,,,,
puppet-prometheus/manifests/init.pp_(IaC)_,puppet-prometheus/manifests/install.pp_(IaC)_,puppet-prometheus/manifests/node_exporter.pp_(IaC)_,puppet-prometheus/manifests/node_exporter/install.pp_(IaC)_,puppet-prometheus/metadata.json_(Other)_,puppet-prometheus/tests/init.pp_(Other)_,,,,,,,,,,,,,,,,,,,,,,,,,,,,,,,,,,,,,,,,,,,,,,,,,,,,,,,,
puppet-prometheus/manifests/alert_manager.pp_(IaC)_,puppet-prometheus/manifests/alert_manager/config.pp_(IaC)_,puppet-prometheus/manifests/alert_manager/install.pp_(IaC)_,puppet-prometheus/manifests/alert_manager/run_service.pp_(IaC)_,puppet-prometheus/manifests/params.pp_(IaC)_,puppet-prometheus/metadata.json_(Other)_,puppet-prometheus/templates/alert_manager.launchd.erb_(Other)_,puppet-prometheus/templates/alert_manager.sles.erb_(Other)_,puppet-prometheus/templates/alert_manager.systemd.erb_(Other)_,puppet-prometheus/templates/alert_manager.sysv.erb_(Other)_,puppet-prometheus/templates/alert_manager.upstart.erb_(Other)_,puppet-prometheus/templates/alert_manager.yaml.erb_(Other)_,puppet-prometheus/templates/node_exporter.launchd.erb_(Other)_,puppet-prometheus/templates/node_exporter.upstart.erb_(Other)_,,,,,,,,,,,,,,,,,,,,,,,,,,,,,,,,,,,,,,,,,,,,,,,,
puppet-prometheus/manifests/alert_manager.pp_(IaC)_,puppet-prometheus/manifests/params.pp_(IaC)_,,,,,,,,,,,,,,,,,,,,,,,,,,,,,,,,,,,,,,,,,,,,,,,,,,,,,,,,,,,,
puppet-prometheus/manifests/alert_manager.pp_(IaC)_,puppet-prometheus/manifests/alert_manager/install.pp_(IaC)_,puppet-prometheus/manifests/params.pp_(IaC)_,puppet-prometheus/metadata.json_(Other)_,puppet-prometheus/templates/alert_manager.launchd.erb_(Other)_,puppet-prometheus/templates/alert_manager.sles.erb_(Other)_,puppet-prometheus/templates/alert_manager.systemd.erb_(Other)_,puppet-prometheus/templates/alert_manager.sysv.erb_(Other)_,puppet-prometheus/templates/alert_manager.upstart.erb_(Other)_,puppet-prometheus/tests/init.pp_(Other)_,,,,,,,,,,,,,,,,,,,,,,,,,,,,,,,,,,,,,,,,,,,,,,,,,,,,
puppet-prometheus/manifests/init.pp_(IaC)_,puppet-prometheus/metadata.json_(Other)_,puppet-prometheus/templates/prometheus.launchd.erb_(Other)_,puppet-prometheus/templates/prometheus.sles.erb_(Other)_,puppet-prometheus/templates/prometheus.systemd.erb_(Other)_,puppet-prometheus/templates/prometheus.sysv.erb_(Other)_,puppet-prometheus/templates/prometheus.upstart.erb_(Other)_,,,,,,,,,,,,,,,,,,,,,,,,,,,,,,,,,,,,,,,,,,,,,,,,,,,,,,,
puppet-prometheus/manifests/node_exporter/install.pp_(IaC)_,puppet-prometheus/spec/classes/node_exporter-version_spec.rb_(Other)_,,,,,,,,,,,,,,,,,,,,,,,,,,,,,,,,,,,,,,,,,,,,,,,,,,,,,,,,,,,,
puppet-prometheus/manifests/params.pp_(IaC)_,puppet-prometheus/metadata.json_(Other)_,,,,,,,,,,,,,,,,,,,,,,,,,,,,,,,,,,,,,,,,,,,,,,,,,,,,,,,,,,,,
puppet-prometheus/manifests/alert_manager/install.pp_(IaC)_,,,,,,,,,,,,,,,,,,,,,,,,,,,,,,,,,,,,,,,,,,,,,,,,,,,,,,,,,,,,,
puppet-prometheus/.travis.yml_(Other)_,puppet-prometheus/manifests/init.pp_(IaC)_,puppet-prometheus/manifests/node_exporter.pp_(IaC)_,puppet-prometheus/manifests/params.pp_(IaC)_,puppet-prometheus/spec/classes/node_exporter-version_spec.rb_(Other)_,,,,,,,,,,,,,,,,,,,,,,,,,,,,,,,,,,,,,,,,,,,,,,,,,,,,,,,,,
puppet-prometheus/manifests/alert_manager.pp_(IaC)_,puppet-prometheus/manifests/init.pp_(IaC)_,,,,,,,,,,,,,,,,,,,,,,,,,,,,,,,,,,,,,,,,,,,,,,,,,,,,,,,,,,,,
puppet-prometheus/manifests/alert_manager/install.pp_(IaC)_,,,,,,,,,,,,,,,,,,,,,,,,,,,,,,,,,,,,,,,,,,,,,,,,,,,,,,,,,,,,,
puppet-prometheus/manifests/params.pp_(IaC)_,,,,,,,,,,,,,,,,,,,,,,,,,,,,,,,,,,,,,,,,,,,,,,,,,,,,,,,,,,,,,
puppet-prometheus/manifests/alert_manager.pp_(IaC)_,puppet-prometheus/manifests/init.pp_(IaC)_,puppet-prometheus/manifests/node_exporter.pp_(IaC)_,puppet-prometheus/manifests/params.pp_(IaC)_,,,,,,,,,,,,,,,,,,,,,,,,,,,,,,,,,,,,,,,,,,,,,,,,,,,,,,,,,,
puppet-prometheus/manifests/alert_manager.pp_(IaC)_,puppet-prometheus/manifests/init.pp_(IaC)_,puppet-prometheus/manifests/node_exporter.pp_(IaC)_,,,,,,,,,,,,,,,,,,,,,,,,,,,,,,,,,,,,,,,,,,,,,,,,,,,,,,,,,,,
puppet-prometheus/manifests/params.pp_(IaC)_,,,,,,,,,,,,,,,,,,,,,,,,,,,,,,,,,,,,,,,,,,,,,,,,,,,,,,,,,,,,,
puppet-prometheus/manifests/alert_manager.pp_(IaC)_,puppet-prometheus/manifests/init.pp_(IaC)_,puppet-prometheus/manifests/node_exporter.pp_(IaC)_,puppet-prometheus/metadata.json_(Other)_,,,,,,,,,,,,,,,,,,,,,,,,,,,,,,,,,,,,,,,,,,,,,,,,,,,,,,,,,,
puppet-prometheus/manifests/params.pp_(IaC)_,,,,,,,,,,,,,,,,,,,,,,,,,,,,,,,,,,,,,,,,,,,,,,,,,,,,,,,,,,,,,
puppet-prometheus/manifests/install.pp_(IaC)_,puppet-prometheus/manifests/params.pp_(IaC)_,puppet-prometheus/templates/prometheus.systemd.erb_(Other)_,,,,,,,,,,,,,,,,,,,,,,,,,,,,,,,,,,,,,,,,,,,,,,,,,,,,,,,,,,,
puppet-prometheus/manifests/config.pp_(IaC)_,puppet-prometheus/manifests/init.pp_(IaC)_,puppet-prometheus/manifests/params.pp_(IaC)_,,,,,,,,,,,,,,,,,,,,,,,,,,,,,,,,,,,,,,,,,,,,,,,,,,,,,,,,,,,
puppet-prometheus/manifests/alert_manager/config.pp_(IaC)_,,,,,,,,,,,,,,,,,,,,,,,,,,,,,,,,,,,,,,,,,,,,,,,,,,,,,,,,,,,,,
puppet-prometheus/manifests/alert_manager/install.pp_(IaC)_,,,,,,,,,,,,,,,,,,,,,,,,,,,,,,,,,,,,,,,,,,,,,,,,,,,,,,,,,,,,,
puppet-prometheus/manifests/params.pp_(IaC)_,,,,,,,,,,,,,,,,,,,,,,,,,,,,,,,,,,,,,,,,,,,,,,,,,,,,,,,,,,,,,
puppet-prometheus/manifests/alert_manager/config.pp_(IaC)_,,,,,,,,,,,,,,,,,,,,,,,,,,,,,,,,,,,,,,,,,,,,,,,,,,,,,,,,,,,,,
puppet-prometheus/manifests/alert_manager.pp_(IaC)_,,,,,,,,,,,,,,,,,,,,,,,,,,,,,,,,,,,,,,,,,,,,,,,,,,,,,,,,,,,,,
puppet-prometheus/manifests/alert_manager/config.pp_(IaC)_,,,,,,,,,,,,,,,,,,,,,,,,,,,,,,,,,,,,,,,,,,,,,,,,,,,,,,,,,,,,,
puppet-prometheus/manifests/init.pp_(IaC)_,,,,,,,,,,,,,,,,,,,,,,,,,,,,,,,,,,,,,,,,,,,,,,,,,,,,,,,,,,,,,
puppet-prometheus/manifests/init.pp_(IaC)_,,,,,,,,,,,,,,,,,,,,,,,,,,,,,,,,,,,,,,,,,,,,,,,,,,,,,,,,,,,,,
puppet-prometheus/manifests/alerts.pp_(IaC)_,puppet-prometheus/manifests/init.pp_(IaC)_,puppet-prometheus/manifests/params.pp_(IaC)_,puppet-prometheus/templates/alerts.epp_(Other)_,puppet-prometheus/tests/init.pp_(Other)_,,,,,,,,,,,,,,,,,,,,,,,,,,,,,,,,,,,,,,,,,,,,,,,,,,,,,,,,,
puppet-prometheus/files/statsd_mapping.conf_(Other)_,puppet-prometheus/manifests/alert_manager.pp_(IaC)_,puppet-prometheus/manifests/alert_manager/config.pp_(IaC)_,puppet-prometheus/manifests/alert_manager/install.pp_(IaC)_,puppet-prometheus/manifests/alert_manager/run_service.pp_(IaC)_,puppet-prometheus/manifests/alertmanager.pp_(IaC)_,puppet-prometheus/manifests/daemon.pp_(IaC)_,puppet-prometheus/manifests/mysqld_exporter.pp_(IaC)_,puppet-prometheus/manifests/node_exporter.pp_(IaC)_,puppet-prometheus/manifests/node_exporter/config.pp_(IaC)_,puppet-prometheus/manifests/node_exporter/install.pp_(IaC)_,puppet-prometheus/manifests/node_exporter/run_service.pp_(IaC)_,puppet-prometheus/manifests/params.pp_(IaC)_,puppet-prometheus/manifests/statsd_exporter.pp_(IaC)_,puppet-prometheus/metadata.json_(Other)_,puppet-prometheus/spec/classes/node_exporter_spec.rb_(Other)_,puppet-prometheus/spec/classes/statsd_exporter_spec.rb_(Other)_,puppet-prometheus/spec/defines/daemon_spec.rb_(Other)_,puppet-prometheus/spec/fixtures/manifests/site.pp_(Other)_,puppet-prometheus/templates/alert_manager.launchd.erb_(Other)_,puppet-prometheus/templates/alert_manager.sles.erb_(Other)_,puppet-prometheus/templates/alert_manager.systemd.erb_(Other)_,puppet-prometheus/templates/alert_manager.sysv.erb_(Other)_,puppet-prometheus/templates/alert_manager.upstart.erb_(Other)_,puppet-prometheus/templates/alert_manager.yaml.erb_(Other)_,puppet-prometheus/templates/alertmanager.yaml.erb_(Other)_,puppet-prometheus/templates/daemon.launchd.erb_(Other)_,puppet-prometheus/templates/daemon.sles.erb_(Other)_,puppet-prometheus/templates/daemon.systemd.erb_(Other)_,puppet-prometheus/templates/daemon.sysv.erb_(Other)_,puppet-prometheus/templates/daemon.upstart.erb_(Other)_,puppet-prometheus/templates/node_exporter.launchd.erb_(Other)_,puppet-prometheus/templates/node_exporter.systemd.erb_(Other)_,puppet-prometheus/templates/node_exporter.upstart.erb_(Other)_,puppet-prometheus/templates/statsd_mapping.conf.erb_(Other)_,puppet-prometheus/tests/init.pp_(Other)_,,,,,,,,,,,,,,,,,,,,,,,,,,
puppet-prometheus/manifests/node_exporter.pp_(IaC)_,,,,,,,,,,,,,,,,,,,,,,,,,,,,,,,,,,,,,,,,,,,,,,,,,,,,,,,,,,,,,
puppet-prometheus/.travis.yml_(Other)_,puppet-prometheus/examples/init.pp_(IaC)_,puppet-prometheus/manifests/config.pp_(IaC)_,puppet-prometheus/manifests/daemon.pp_(IaC)_,puppet-prometheus/manifests/install.pp_(IaC)_,puppet-prometheus/metadata.json_(Other)_,puppet-prometheus/spec/classes/node_exporter_spec.rb_(Other)_,puppet-prometheus/spec/classes/statsd_exporter_spec.rb_(Other)_,puppet-prometheus/spec/defines/daemon_spec.rb_(Other)_,puppet-prometheus/spec/fixtures/manifests/site.pp_(Other)_,puppet-prometheus/tests/init.pp_(Other)_,,,,,,,,,,,,,,,,,,,,,,,,,,,,,,,,,,,,,,,,,,,,,,,,,,,
puppet-prometheus/.rubocop.yml_(Other)_,puppet-prometheus/manifests/haproxy_exporter.pp_(IaC)_,puppet-prometheus/manifests/params.pp_(IaC)_,puppet-prometheus/spec/classes/haproxy_exporter_spec.rb_(Other)_,puppet-prometheus/spec/spec_helper.rb_(Other)_,,,,,,,,,,,,,,,,,,,,,,,,,,,,,,,,,,,,,,,,,,,,,,,,,,,,,,,,,
puppet-prometheus/manifests/daemon.pp_(IaC)_,,,,,,,,,,,,,,,,,,,,,,,,,,,,,,,,,,,,,,,,,,,,,,,,,,,,,,,,,,,,,
puppet-prometheus/manifests/params.pp_(IaC)_,puppet-prometheus/manifests/process_exporter.pp_(IaC)_,puppet-prometheus/templates/process-exporter.yaml.erb_(Other)_,,,,,,,,,,,,,,,,,,,,,,,,,,,,,,,,,,,,,,,,,,,,,,,,,,,,,,,,,,,
puppet-prometheus/examples/init.pp_(IaC)_,puppet-prometheus/metadata.json_(Other)_,,,,,,,,,,,,,,,,,,,,,,,,,,,,,,,,,,,,,,,,,,,,,,,,,,,,,,,,,,,,
puppet-prometheus/manifests/params.pp_(IaC)_,,,,,,,,,,,,,,,,,,,,,,,,,,,,,,,,,,,,,,,,,,,,,,,,,,,,,,,,,,,,,
puppet-prometheus/manifests/daemon.pp_(IaC)_,puppet-prometheus/manifests/install.pp_(IaC)_,puppet-prometheus/metadata.json_(Other)_,puppet-prometheus/spec/classes/haproxy_exporter_spec.rb_(Other)_,puppet-prometheus/spec/classes/node_exporter_spec.rb_(Other)_,,,,,,,,,,,,,,,,,,,,,,,,,,,,,,,,,,,,,,,,,,,,,,,,,,,,,,,,,
puppet-prometheus/manifests/config.pp_(IaC)_,,,,,,,,,,,,,,,,,,,,,,,,,,,,,,,,,,,,,,,,,,,,,,,,,,,,,,,,,,,,,
puppet-prometheus/manifests/config.pp_(IaC)_,puppet-prometheus/manifests/daemon.pp_(IaC)_,puppet-prometheus/manifests/init.pp_(IaC)_,puppet-prometheus/manifests/install.pp_(IaC)_,,,,,,,,,,,,,,,,,,,,,,,,,,,,,,,,,,,,,,,,,,,,,,,,,,,,,,,,,,
puppet-prometheus/manifests/alertmanager.pp_(IaC)_,,,,,,,,,,,,,,,,,,,,,,,,,,,,,,,,,,,,,,,,,,,,,,,,,,,,,,,,,,,,,
puppet-prometheus/manifests/init.pp_(IaC)_,puppet-prometheus/manifests/params.pp_(IaC)_,puppet-prometheus/templates/prometheus.yaml.erb_(Other)_,,,,,,,,,,,,,,,,,,,,,,,,,,,,,,,,,,,,,,,,,,,,,,,,,,,,,,,,,,,
puppet-prometheus/manifests/consul_exporter.pp_(IaC)_,puppet-prometheus/manifests/params.pp_(IaC)_,puppet-prometheus/tests/init.pp_(Other)_,,,,,,,,,,,,,,,,,,,,,,,,,,,,,,,,,,,,,,,,,,,,,,,,,,,,,,,,,,,
puppet-prometheus/manifests/consul_exporter.pp_(IaC)_,puppet-prometheus/manifests/daemon.pp_(IaC)_,,,,,,,,,,,,,,,,,,,,,,,,,,,,,,,,,,,,,,,,,,,,,,,,,,,,,,,,,,,,
puppet-prometheus/manifests/consul_exporter.pp_(IaC)_,,,,,,,,,,,,,,,,,,,,,,,,,,,,,,,,,,,,,,,,,,,,,,,,,,,,,,,,,,,,,
puppet-prometheus/manifests/run_service.pp_(IaC)_,,,,,,,,,,,,,,,,,,,,,,,,,,,,,,,,,,,,,,,,,,,,,,,,,,,,,,,,,,,,,
puppet-prometheus/manifests/alertmanager.pp_(IaC)_,,,,,,,,,,,,,,,,,,,,,,,,,,,,,,,,,,,,,,,,,,,,,,,,,,,,,,,,,,,,,
puppet-prometheus/manifests/alerts.pp_(IaC)_,puppet-prometheus/templates/alerts.epp_(Other)_,puppet-prometheus/templates/alerts.erb_(Other)_,,,,,,,,,,,,,,,,,,,,,,,,,,,,,,,,,,,,,,,,,,,,,,,,,,,,,,,,,,,
puppet-prometheus/manifests/config.pp_(IaC)_,puppet-prometheus/manifests/init.pp_(IaC)_,puppet-prometheus/manifests/run_service.pp_(IaC)_,puppet-prometheus/manifests/service_reload.pp_(IaC)_,,,,,,,,,,,,,,,,,,,,,,,,,,,,,,,,,,,,,,,,,,,,,,,,,,,,,,,,,,
puppet-prometheus/manifests/alerts.pp_(IaC)_,,,,,,,,,,,,,,,,,,,,,,,,,,,,,,,,,,,,,,,,,,,,,,,,,,,,,,,,,,,,,
puppet-prometheus/manifests/node_exporter.pp_(IaC)_,,,,,,,,,,,,,,,,,,,,,,,,,,,,,,,,,,,,,,,,,,,,,,,,,,,,,,,,,,,,,
puppet-prometheus/manifests/config.pp_(IaC)_,puppet-prometheus/metadata.json_(Other)_,,,,,,,,,,,,,,,,,,,,,,,,,,,,,,,,,,,,,,,,,,,,,,,,,,,,,,,,,,,,
puppet-prometheus/manifests/daemon.pp_(IaC)_,,,,,,,,,,,,,,,,,,,,,,,,,,,,,,,,,,,,,,,,,,,,,,,,,,,,,,,,,,,,,
puppet-prometheus/manifests/daemon.pp_(IaC)_,,,,,,,,,,,,,,,,,,,,,,,,,,,,,,,,,,,,,,,,,,,,,,,,,,,,,,,,,,,,,
puppet-prometheus/manifests/daemon.pp_(IaC)_,,,,,,,,,,,,,,,,,,,,,,,,,,,,,,,,,,,,,,,,,,,,,,,,,,,,,,,,,,,,,
puppet-prometheus/manifests/mongodb_exporter.pp_(IaC)_,puppet-prometheus/manifests/params.pp_(IaC)_,,,,,,,,,,,,,,,,,,,,,,,,,,,,,,,,,,,,,,,,,,,,,,,,,,,,,,,,,,,,
puppet-prometheus/manifests/node_exporter.pp_(IaC)_,,,,,,,,,,,,,,,,,,,,,,,,,,,,,,,,,,,,,,,,,,,,,,,,,,,,,,,,,,,,,
puppet-prometheus/manifests/consul_exporter.pp_(IaC)_,,,,,,,,,,,,,,,,,,,,,,,,,,,,,,,,,,,,,,,,,,,,,,,,,,,,,,,,,,,,,
puppet-prometheus/manifests/consul_exporter.pp_(IaC)_,,,,,,,,,,,,,,,,,,,,,,,,,,,,,,,,,,,,,,,,,,,,,,,,,,,,,,,,,,,,,
puppet-prometheus/manifests/elasticsearch_exporter.pp_(IaC)_,puppet-prometheus/manifests/params.pp_(IaC)_,,,,,,,,,,,,,,,,,,,,,,,,,,,,,,,,,,,,,,,,,,,,,,,,,,,,,,,,,,,,
puppet-prometheus/manifests/daemon.pp_(IaC)_,,,,,,,,,,,,,,,,,,,,,,,,,,,,,,,,,,,,,,,,,,,,,,,,,,,,,,,,,,,,,
puppet-prometheus/manifests/config.pp_(IaC)_,puppet-prometheus/manifests/service_reload.pp_(IaC)_,puppet-prometheus/metadata.json_(Other)_,,,,,,,,,,,,,,,,,,,,,,,,,,,,,,,,,,,,,,,,,,,,,,,,,,,,,,,,,,,
puppet-prometheus/manifests/elasticsearch_exporter.pp_(IaC)_,puppet-prometheus/manifests/params.pp_(IaC)_,,,,,,,,,,,,,,,,,,,,,,,,,,,,,,,,,,,,,,,,,,,,,,,,,,,,,,,,,,,,
puppet-prometheus/manifests/elasticsearch_exporter.pp_(IaC)_,,,,,,,,,,,,,,,,,,,,,,,,,,,,,,,,,,,,,,,,,,,,,,,,,,,,,,,,,,,,,
puppet-prometheus/manifests/mongodb_exporter.pp_(IaC)_,puppet-prometheus/manifests/params.pp_(IaC)_,puppet-prometheus/spec/classes/mongodb_exporter_spec.rb_(Other)_,,,,,,,,,,,,,,,,,,,,,,,,,,,,,,,,,,,,,,,,,,,,,,,,,,,,,,,,,,,
puppet-prometheus/manifests/elasticsearch_exporter.pp_(IaC)_,puppet-prometheus/manifests/params.pp_(IaC)_,puppet-prometheus/spec/classes/elasticsearch_exporter_spec.rb_(Other)_,,,,,,,,,,,,,,,,,,,,,,,,,,,,,,,,,,,,,,,,,,,,,,,,,,,,,,,,,,,
puppet-prometheus/manifests/params.pp_(IaC)_,puppet-prometheus/manifests/pushgateway.pp_(IaC)_,,,,,,,,,,,,,,,,,,,,,,,,,,,,,,,,,,,,,,,,,,,,,,,,,,,,,,,,,,,,
puppet-prometheus/manifests/pushgateway.pp_(IaC)_,,,,,,,,,,,,,,,,,,,,,,,,,,,,,,,,,,,,,,,,,,,,,,,,,,,,,,,,,,,,,
puppet-prometheus/manifests/pushgateway.pp_(IaC)_,,,,,,,,,,,,,,,,,,,,,,,,,,,,,,,,,,,,,,,,,,,,,,,,,,,,,,,,,,,,,
puppet-prometheus/manifests/pushgateway.pp_(IaC)_,,,,,,,,,,,,,,,,,,,,,,,,,,,,,,,,,,,,,,,,,,,,,,,,,,,,,,,,,,,,,
puppet-prometheus/manifests/nginx_vts_exporter.pp_(IaC)_,puppet-prometheus/manifests/params.pp_(IaC)_,,,,,,,,,,,,,,,,,,,,,,,,,,,,,,,,,,,,,,,,,,,,,,,,,,,,,,,,,,,,
puppet-prometheus/manifests/nginx_vts_exporter.pp_(IaC)_,,,,,,,,,,,,,,,,,,,,,,,,,,,,,,,,,,,,,,,,,,,,,,,,,,,,,,,,,,,,,
puppet-prometheus/manifests/node_exporter.pp_(IaC)_,puppet-prometheus/manifests/params.pp_(IaC)_,puppet-prometheus/spec/classes/node_exporter_spec.rb_(Other)_,,,,,,,,,,,,,,,,,,,,,,,,,,,,,,,,,,,,,,,,,,,,,,,,,,,,,,,,,,,
puppet-prometheus/manifests/node_exporter.pp_(IaC)_,,,,,,,,,,,,,,,,,,,,,,,,,,,,,,,,,,,,,,,,,,,,,,,,,,,,,,,,,,,,,
puppet-prometheus/manifests/node_exporter.pp_(IaC)_,,,,,,,,,,,,,,,,,,,,,,,,,,,,,,,,,,,,,,,,,,,,,,,,,,,,,,,,,,,,,
puppet-prometheus/manifests/nginx_vts_exporter.pp_(IaC)_,,,,,,,,,,,,,,,,,,,,,,,,,,,,,,,,,,,,,,,,,,,,,,,,,,,,,,,,,,,,,
puppet-prometheus/manifests/init.pp_(IaC)_,,,,,,,,,,,,,,,,,,,,,,,,,,,,,,,,,,,,,,,,,,,,,,,,,,,,,,,,,,,,,
puppet-prometheus/examples/init.pp_(IaC)_,puppet-prometheus/manifests/blackbox_exporter.pp_(IaC)_,puppet-prometheus/manifests/params.pp_(IaC)_,puppet-prometheus/spec/classes/blackbox_exporter_spec.rb_(Other)_,puppet-prometheus/templates/blackbox_exporter.yaml.erb_(Other)_,,,,,,,,,,,,,,,,,,,,,,,,,,,,,,,,,,,,,,,,,,,,,,,,,,,,,,,,,
puppet-prometheus/manifests/alertmanager.pp_(IaC)_,,,,,,,,,,,,,,,,,,,,,,,,,,,,,,,,,,,,,,,,,,,,,,,,,,,,,,,,,,,,,
puppet-prometheus/manifests/haproxy_exporter.pp_(IaC)_,,,,,,,,,,,,,,,,,,,,,,,,,,,,,,,,,,,,,,,,,,,,,,,,,,,,,,,,,,,,,
puppet-prometheus/manifests/mysqld_exporter.pp_(IaC)_,,,,,,,,,,,,,,,,,,,,,,,,,,,,,,,,,,,,,,,,,,,,,,,,,,,,,,,,,,,,,
puppet-prometheus/manifests/process_exporter.pp_(IaC)_,,,,,,,,,,,,,,,,,,,,,,,,,,,,,,,,,,,,,,,,,,,,,,,,,,,,,,,,,,,,,
puppet-prometheus/manifests/statsd_exporter.pp_(IaC)_,,,,,,,,,,,,,,,,,,,,,,,,,,,,,,,,,,,,,,,,,,,,,,,,,,,,,,,,,,,,,
puppet-prometheus/manifests/nginx_vts_exporter.pp_(IaC)_,,,,,,,,,,,,,,,,,,,,,,,,,,,,,,,,,,,,,,,,,,,,,,,,,,,,,,,,,,,,,
puppet-prometheus/manifests/init.pp_(IaC)_,,,,,,,,,,,,,,,,,,,,,,,,,,,,,,,,,,,,,,,,,,,,,,,,,,,,,,,,,,,,,
puppet-prometheus/manifests/service_reload.pp_(IaC)_,,,,,,,,,,,,,,,,,,,,,,,,,,,,,,,,,,,,,,,,,,,,,,,,,,,,,,,,,,,,,
puppet-prometheus/manifests/service_reload.pp_(IaC)_,puppet-prometheus/spec/classes/prometheus_spec.rb_(Other)_,,,,,,,,,,,,,,,,,,,,,,,,,,,,,,,,,,,,,,,,,,,,,,,,,,,,,,,,,,,,
puppet-prometheus/manifests/alertmanager.pp_(IaC)_,puppet-prometheus/spec/classes/alertmanager_spec.rb_(Other)_,,,,,,,,,,,,,,,,,,,,,,,,,,,,,,,,,,,,,,,,,,,,,,,,,,,,,,,,,,,,
puppet-prometheus/manifests/config.pp_(IaC)_,puppet-prometheus/manifests/daemon.pp_(IaC)_,puppet-prometheus/metadata.json_(Other)_,puppet-prometheus/spec/classes/blackbox_exporter_spec.rb_(Other)_,puppet-prometheus/spec/classes/prometheus_spec.rb_(Other)_,,,,,,,,,,,,,,,,,,,,,,,,,,,,,,,,,,,,,,,,,,,,,,,,,,,,,,,,,
puppet-prometheus/manifests/config.pp_(IaC)_,puppet-prometheus/spec/classes/prometheus_spec.rb_(Other)_,puppet-prometheus/spec/fixtures/files/prometheus1.systemd_(Other)_,puppet-prometheus/spec/fixtures/files/prometheus1.sysv_(Other)_,puppet-prometheus/spec/fixtures/files/prometheus1.upstart_(Other)_,puppet-prometheus/spec/fixtures/files/prometheus2.systemd_(Other)_,puppet-prometheus/spec/fixtures/files/prometheus2.sysv_(Other)_,puppet-prometheus/spec/fixtures/files/prometheus2.upstart_(Other)_,puppet-prometheus/templates/prometheus.launchd.erb_(Other)_,puppet-prometheus/templates/prometheus.sles.erb_(Other)_,puppet-prometheus/templates/prometheus.systemd.erb_(Other)_,puppet-prometheus/templates/prometheus.sysv.erb_(Other)_,puppet-prometheus/templates/prometheus.upstart.erb_(Other)_,,,,,,,,,,,,,,,,,,,,,,,,,,,,,,,,,,,,,,,,,,,,,,,,,
puppet-prometheus/manifests/daemon.pp_(IaC)_,,,,,,,,,,,,,,,,,,,,,,,,,,,,,,,,,,,,,,,,,,,,,,,,,,,,,,,,,,,,,
puppet-prometheus/manifests/service_reload.pp_(IaC)_,,,,,,,,,,,,,,,,,,,,,,,,,,,,,,,,,,,,,,,,,,,,,,,,,,,,,,,,,,,,,
puppet-prometheus/manifests/blackbox_exporter.pp_(IaC)_,,,,,,,,,,,,,,,,,,,,,,,,,,,,,,,,,,,,,,,,,,,,,,,,,,,,,,,,,,,,,
puppet-prometheus/lib/facter/alert_manager_running.rb_(Other)_,puppet-prometheus/manifests/alertmanager.pp_(IaC)_,,,,,,,,,,,,,,,,,,,,,,,,,,,,,,,,,,,,,,,,,,,,,,,,,,,,,,,,,,,,
puppet-prometheus/manifests/blackbox_exporter.pp_(IaC)_,puppet-prometheus/manifests/elasticsearch_exporter.pp_(IaC)_,puppet-prometheus/manifests/mongodb_exporter.pp_(IaC)_,puppet-prometheus/manifests/pushgateway.pp_(IaC)_,,,,,,,,,,,,,,,,,,,,,,,,,,,,,,,,,,,,,,,,,,,,,,,,,,,,,,,,,,
puppet-prometheus/examples/init.pp_(IaC)_,puppet-prometheus/manifests/beanstalkd_exporter.pp_(IaC)_,puppet-prometheus/manifests/params.pp_(IaC)_,puppet-prometheus/spec/classes/beanstalkd_exporter_spec.rb_(Other)_,,,,,,,,,,,,,,,,,,,,,,,,,,,,,,,,,,,,,,,,,,,,,,,,,,,,,,,,,,
puppet-prometheus/manifests/beanstalkd_exporter.pp_(IaC)_,,,,,,,,,,,,,,,,,,,,,,,,,,,,,,,,,,,,,,,,,,,,,,,,,,,,,,,,,,,,,
puppet-prometheus/manifests/mesos_exporter.pp_(IaC)_,puppet-prometheus/manifests/params.pp_(IaC)_,,,,,,,,,,,,,,,,,,,,,,,,,,,,,,,,,,,,,,,,,,,,,,,,,,,,,,,,,,,,
puppet-prometheus/manifests/config.pp_(IaC)_,puppet-prometheus/manifests/init.pp_(IaC)_,puppet-prometheus/manifests/params.pp_(IaC)_,puppet-prometheus/spec/classes/prometheus_spec.rb_(Other)_,puppet-prometheus/spec/fixtures/files/prometheus1.yaml_(Other)_,puppet-prometheus/spec/fixtures/files/prometheus2.yaml_(Other)_,puppet-prometheus/templates/prometheus.yaml.erb_(Other)_,,,,,,,,,,,,,,,,,,,,,,,,,,,,,,,,,,,,,,,,,,,,,,,,,,,,,,,
puppet-prometheus/manifests/consul_exporter.pp_(IaC)_,,,,,,,,,,,,,,,,,,,,,,,,,,,,,,,,,,,,,,,,,,,,,,,,,,,,,,,,,,,,,
puppet-prometheus/manifests/alertmanager.pp_(IaC)_,,,,,,,,,,,,,,,,,,,,,,,,,,,,,,,,,,,,,,,,,,,,,,,,,,,,,,,,,,,,,
puppet-prometheus/manifests/node_exporter.pp_(IaC)_,,,,,,,,,,,,,,,,,,,,,,,,,,,,,,,,,,,,,,,,,,,,,,,,,,,,,,,,,,,,,
puppet-prometheus/manifests/alerts.pp_(IaC)_,,,,,,,,,,,,,,,,,,,,,,,,,,,,,,,,,,,,,,,,,,,,,,,,,,,,,,,,,,,,,
puppet-prometheus/manifests/alerts.pp_(IaC)_,,,,,,,,,,,,,,,,,,,,,,,,,,,,,,,,,,,,,,,,,,,,,,,,,,,,,,,,,,,,,
puppet-prometheus/manifests/alerts.pp_(IaC)_,,,,,,,,,,,,,,,,,,,,,,,,,,,,,,,,,,,,,,,,,,,,,,,,,,,,,,,,,,,,,
puppet-prometheus/manifests/alerts.pp_(IaC)_,,,,,,,,,,,,,,,,,,,,,,,,,,,,,,,,,,,,,,,,,,,,,,,,,,,,,,,,,,,,,
puppet-prometheus/manifests/daemon.pp_(IaC)_,,,,,,,,,,,,,,,,,,,,,,,,,,,,,,,,,,,,,,,,,,,,,,,,,,,,,,,,,,,,,
puppet-prometheus/manifests/daemon.pp_(IaC)_,,,,,,,,,,,,,,,,,,,,,,,,,,,,,,,,,,,,,,,,,,,,,,,,,,,,,,,,,,,,,
puppet-prometheus/manifests/config.pp_(IaC)_,puppet-prometheus/manifests/init.pp_(IaC)_,puppet-prometheus/manifests/params.pp_(IaC)_,puppet-prometheus/spec/fixtures/files/prometheus1.systemd_(Other)_,puppet-prometheus/spec/fixtures/files/prometheus1.sysv_(Other)_,puppet-prometheus/spec/fixtures/files/prometheus1.upstart_(Other)_,puppet-prometheus/spec/fixtures/files/prometheus2.systemd_(Other)_,puppet-prometheus/spec/fixtures/files/prometheus2.sysv_(Other)_,puppet-prometheus/spec/fixtures/files/prometheus2.upstart_(Other)_,,,,,,,,,,,,,,,,,,,,,,,,,,,,,,,,,,,,,,,,,,,,,,,,,,,,,
puppet-prometheus/manifests/install.pp_(IaC)_,,,,,,,,,,,,,,,,,,,,,,,,,,,,,,,,,,,,,,,,,,,,,,,,,,,,,,,,,,,,,
puppet-prometheus/manifests/config.pp_(IaC)_,,,,,,,,,,,,,,,,,,,,,,,,,,,,,,,,,,,,,,,,,,,,,,,,,,,,,,,,,,,,,
puppet-prometheus/manifests/alerts.pp_(IaC)_,puppet-prometheus/manifests/init.pp_(IaC)_,puppet-prometheus/manifests/params.pp_(IaC)_,puppet-prometheus/spec/classes/prometheus_spec.rb_(Other)_,,,,,,,,,,,,,,,,,,,,,,,,,,,,,,,,,,,,,,,,,,,,,,,,,,,,,,,,,,
puppet-prometheus/manifests/config.pp_(IaC)_,puppet-prometheus/manifests/init.pp_(IaC)_,puppet-prometheus/manifests/install.pp_(IaC)_,,,,,,,,,,,,,,,,,,,,,,,,,,,,,,,,,,,,,,,,,,,,,,,,,,,,,,,,,,,
puppet-prometheus/manifests/config.pp_(IaC)_,puppet-prometheus/manifests/init.pp_(IaC)_,puppet-prometheus/manifests/params.pp_(IaC)_,puppet-prometheus/spec/fixtures/files/prometheus2.yaml_(Other)_,puppet-prometheus/templates/prometheus.yaml.erb_(Other)_,,,,,,,,,,,,,,,,,,,,,,,,,,,,,,,,,,,,,,,,,,,,,,,,,,,,,,,,,
puppet-prometheus/manifests/params.pp_(IaC)_,puppet-prometheus/manifests/snmp_exporter.pp_(IaC)_,puppet-prometheus/spec/classes/snmp_exporter_spec.rb_(Other)_,,,,,,,,,,,,,,,,,,,,,,,,,,,,,,,,,,,,,,,,,,,,,,,,,,,,,,,,,,,
puppet-prometheus/manifests/alertmanager.pp_(IaC)_,,,,,,,,,,,,,,,,,,,,,,,,,,,,,,,,,,,,,,,,,,,,,,,,,,,,,,,,,,,,,
puppet-prometheus/manifests/daemon.pp_(IaC)_,puppet-prometheus/manifests/params.pp_(IaC)_,puppet-prometheus/spec/defines/daemon_spec.rb_(Other)_,puppet-prometheus/templates/daemon.env.erb_(Other)_,puppet-prometheus/templates/daemon.launchd.erb_(Other)_,puppet-prometheus/templates/daemon.systemd.erb_(Other)_,,,,,,,,,,,,,,,,,,,,,,,,,,,,,,,,,,,,,,,,,,,,,,,,,,,,,,,,
puppet-prometheus/manifests/params.pp_(IaC)_,,,,,,,,,,,,,,,,,,,,,,,,,,,,,,,,,,,,,,,,,,,,,,,,,,,,,,,,,,,,,
puppet-prometheus/manifests/params.pp_(IaC)_,puppet-prometheus/manifests/rabbitmq_exporter.pp_(IaC)_,puppet-prometheus/spec/classes/rabbitmq_exporter_spec.rb_(Other)_,,,,,,,,,,,,,,,,,,,,,,,,,,,,,,,,,,,,,,,,,,,,,,,,,,,,,,,,,,,
puppet-prometheus/manifests/blackbox_exporter.pp_(IaC)_,,,,,,,,,,,,,,,,,,,,,,,,,,,,,,,,,,,,,,,,,,,,,,,,,,,,,,,,,,,,,
puppet-prometheus/manifests/params.pp_(IaC)_,puppet-prometheus/manifests/redis_exporter.pp_(IaC)_,puppet-prometheus/spec/classes/redis_exporter_spec.rb_(Other)_,,,,,,,,,,,,,,,,,,,,,,,,,,,,,,,,,,,,,,,,,,,,,,,,,,,,,,,,,,,
puppet-prometheus/manifests/alerts.pp_(IaC)_,,,,,,,,,,,,,,,,,,,,,,,,,,,,,,,,,,,,,,,,,,,,,,,,,,,,,,,,,,,,,
puppet-prometheus/manifests/config.pp_(IaC)_,,,,,,,,,,,,,,,,,,,,,,,,,,,,,,,,,,,,,,,,,,,,,,,,,,,,,,,,,,,,,
puppet-prometheus/manifests/params.pp_(IaC)_,,,,,,,,,,,,,,,,,,,,,,,,,,,,,,,,,,,,,,,,,,,,,,,,,,,,,,,,,,,,,
puppet-prometheus/manifests/init.pp_(IaC)_,,,,,,,,,,,,,,,,,,,,,,,,,,,,,,,,,,,,,,,,,,,,,,,,,,,,,,,,,,,,,
puppet-prometheus/manifests/alerts.pp_(IaC)_,puppet-prometheus/manifests/init.pp_(IaC)_,,,,,,,,,,,,,,,,,,,,,,,,,,,,,,,,,,,,,,,,,,,,,,,,,,,,,,,,,,,,
puppet-prometheus/manifests/alerts.pp_(IaC)_,,,,,,,,,,,,,,,,,,,,,,,,,,,,,,,,,,,,,,,,,,,,,,,,,,,,,,,,,,,,,
puppet-prometheus/manifests/params.pp_(IaC)_,,,,,,,,,,,,,,,,,,,,,,,,,,,,,,,,,,,,,,,,,,,,,,,,,,,,,,,,,,,,,
puppet-prometheus/manifests/init.pp_(IaC)_,puppet-prometheus/manifests/params.pp_(IaC)_,,,,,,,,,,,,,,,,,,,,,,,,,,,,,,,,,,,,,,,,,,,,,,,,,,,,,,,,,,,,
puppet-prometheus/manifests/params.pp_(IaC)_,,,,,,,,,,,,,,,,,,,,,,,,,,,,,,,,,,,,,,,,,,,,,,,,,,,,,,,,,,,,,
puppet-prometheus/manifests/params.pp_(IaC)_,,,,,,,,,,,,,,,,,,,,,,,,,,,,,,,,,,,,,,,,,,,,,,,,,,,,,,,,,,,,,
puppet-prometheus/.sync.yml_(Other)_,puppet-prometheus/manifests/params.pp_(IaC)_,puppet-prometheus/spec/classes/alertmanager_spec.rb_(Other)_,puppet-prometheus/spec/classes/beanstalkd_exporter_spec.rb_(Other)_,puppet-prometheus/spec/classes/blackbox_exporter_spec.rb_(Other)_,puppet-prometheus/spec/classes/consul_exporter_spec.rb_(Other)_,puppet-prometheus/spec/classes/elasticsearch_exporter_spec.rb_(Other)_,puppet-prometheus/spec/classes/haproxy_exporter_spec.rb_(Other)_,puppet-prometheus/spec/classes/mongodb_exporter_spec.rb_(Other)_,puppet-prometheus/spec/classes/nginx_vts_exporter_spec.rb_(Other)_,puppet-prometheus/spec/classes/node_exporter_spec.rb_(Other)_,puppet-prometheus/spec/classes/prometheus_spec.rb_(Other)_,puppet-prometheus/spec/classes/pushgateway_spec.rb_(Other)_,puppet-prometheus/spec/classes/rabbitmq_exporter_spec.rb_(Other)_,puppet-prometheus/spec/classes/redis_exporter_spec.rb_(Other)_,puppet-prometheus/spec/classes/snmp_exporter_spec.rb_(Other)_,puppet-prometheus/spec/defines/alerts_spec.rb_(Other)_,puppet-prometheus/spec/defines/daemon_spec.rb_(Other)_,puppet-prometheus/spec/spec_helper.rb_(Other)_,puppet-prometheus/spec/spec_helper_methods.rb_(Other)_,,,,,,,,,,,,,,,,,,,,,,,,,,,,,,,,,,,,,,,,,,
puppet-prometheus/manifests/init.pp_(IaC)_,,,,,,,,,,,,,,,,,,,,,,,,,,,,,,,,,,,,,,,,,,,,,,,,,,,,,,,,,,,,,
puppet-prometheus/manifests/alertmanager.pp_(IaC)_,,,,,,,,,,,,,,,,,,,,,,,,,,,,,,,,,,,,,,,,,,,,,,,,,,,,,,,,,,,,,
puppet-prometheus/manifests/config.pp_(IaC)_,,,,,,,,,,,,,,,,,,,,,,,,,,,,,,,,,,,,,,,,,,,,,,,,,,,,,,,,,,,,,
puppet-prometheus/manifests/daemon.pp_(IaC)_,,,,,,,,,,,,,,,,,,,,,,,,,,,,,,,,,,,,,,,,,,,,,,,,,,,,,,,,,,,,,
puppet-prometheus/manifests/haproxy_exporter.pp_(IaC)_,,,,,,,,,,,,,,,,,,,,,,,,,,,,,,,,,,,,,,,,,,,,,,,,,,,,,,,,,,,,,
puppet-prometheus/manifests/mysqld_exporter.pp_(IaC)_,,,,,,,,,,,,,,,,,,,,,,,,,,,,,,,,,,,,,,,,,,,,,,,,,,,,,,,,,,,,,
puppet-prometheus/manifests/process_exporter.pp_(IaC)_,,,,,,,,,,,,,,,,,,,,,,,,,,,,,,,,,,,,,,,,,,,,,,,,,,,,,,,,,,,,,
puppet-prometheus/manifests/statsd_exporter.pp_(IaC)_,,,,,,,,,,,,,,,,,,,,,,,,,,,,,,,,,,,,,,,,,,,,,,,,,,,,,,,,,,,,,
puppet-prometheus/manifests/init.pp_(IaC)_,puppet-prometheus/manifests/install.pp_(IaC)_,,,,,,,,,,,,,,,,,,,,,,,,,,,,,,,,,,,,,,,,,,,,,,,,,,,,,,,,,,,,
puppet-prometheus/manifests/daemon.pp_(IaC)_,,,,,,,,,,,,,,,,,,,,,,,,,,,,,,,,,,,,,,,,,,,,,,,,,,,,,,,,,,,,,
puppet-prometheus/manifests/alertmanager.pp_(IaC)_,,,,,,,,,,,,,,,,,,,,,,,,,,,,,,,,,,,,,,,,,,,,,,,,,,,,,,,,,,,,,
puppet-prometheus/manifests/alertmanager.pp_(IaC)_,,,,,,,,,,,,,,,,,,,,,,,,,,,,,,,,,,,,,,,,,,,,,,,,,,,,,,,,,,,,,
puppet-prometheus/data/defaults.yaml_(Other)_,puppet-prometheus/manifests/beanstalkd_exporter.pp_(IaC)_,,,,,,,,,,,,,,,,,,,,,,,,,,,,,,,,,,,,,,,,,,,,,,,,,,,,,,,,,,,,
puppet-prometheus/manifests/beanstalkd_exporter.pp_(IaC)_,,,,,,,,,,,,,,,,,,,,,,,,,,,,,,,,,,,,,,,,,,,,,,,,,,,,,,,,,,,,,
puppet-prometheus/data/defaults.yaml_(Other)_,puppet-prometheus/manifests/blackbox_exporter.pp_(IaC)_,puppet-prometheus/spec/classes/blackbox_exporter_spec.rb_(Other)_,,,,,,,,,,,,,,,,,,,,,,,,,,,,,,,,,,,,,,,,,,,,,,,,,,,,,,,,,,,
puppet-prometheus/manifests/blackbox_exporter.pp_(IaC)_,,,,,,,,,,,,,,,,,,,,,,,,,,,,,,,,,,,,,,,,,,,,,,,,,,,,,,,,,,,,,
puppet-prometheus/manifests/config.pp_(IaC)_,,,,,,,,,,,,,,,,,,,,,,,,,,,,,,,,,,,,,,,,,,,,,,,,,,,,,,,,,,,,,
puppet-prometheus/data/defaults.yaml_(Other)_,puppet-prometheus/manifests/consul_exporter.pp_(IaC)_,,,,,,,,,,,,,,,,,,,,,,,,,,,,,,,,,,,,,,,,,,,,,,,,,,,,,,,,,,,,
puppet-prometheus/manifests/consul_exporter.pp_(IaC)_,,,,,,,,,,,,,,,,,,,,,,,,,,,,,,,,,,,,,,,,,,,,,,,,,,,,,,,,,,,,,
puppet-prometheus/data/defaults.yaml_(Other)_,puppet-prometheus/manifests/elasticsearch_exporter.pp_(IaC)_,,,,,,,,,,,,,,,,,,,,,,,,,,,,,,,,,,,,,,,,,,,,,,,,,,,,,,,,,,,,
puppet-prometheus/manifests/elasticsearch_exporter.pp_(IaC)_,,,,,,,,,,,,,,,,,,,,,,,,,,,,,,,,,,,,,,,,,,,,,,,,,,,,,,,,,,,,,
puppet-prometheus/data/defaults.yaml_(Other)_,puppet-prometheus/manifests/haproxy_exporter.pp_(IaC)_,,,,,,,,,,,,,,,,,,,,,,,,,,,,,,,,,,,,,,,,,,,,,,,,,,,,,,,,,,,,
puppet-prometheus/manifests/haproxy_exporter.pp_(IaC)_,,,,,,,,,,,,,,,,,,,,,,,,,,,,,,,,,,,,,,,,,,,,,,,,,,,,,,,,,,,,,
puppet-prometheus/data/defaults.yaml_(Other)_,puppet-prometheus/manifests/mesos_exporter.pp_(IaC)_,,,,,,,,,,,,,,,,,,,,,,,,,,,,,,,,,,,,,,,,,,,,,,,,,,,,,,,,,,,,
puppet-prometheus/manifests/mesos_exporter.pp_(IaC)_,,,,,,,,,,,,,,,,,,,,,,,,,,,,,,,,,,,,,,,,,,,,,,,,,,,,,,,,,,,,,
puppet-prometheus/data/defaults.yaml_(Other)_,puppet-prometheus/manifests/mongodb_exporter.pp_(IaC)_,,,,,,,,,,,,,,,,,,,,,,,,,,,,,,,,,,,,,,,,,,,,,,,,,,,,,,,,,,,,
puppet-prometheus/manifests/mongodb_exporter.pp_(IaC)_,,,,,,,,,,,,,,,,,,,,,,,,,,,,,,,,,,,,,,,,,,,,,,,,,,,,,,,,,,,,,
puppet-prometheus/data/defaults.yaml_(Other)_,puppet-prometheus/manifests/mysqld_exporter.pp_(IaC)_,,,,,,,,,,,,,,,,,,,,,,,,,,,,,,,,,,,,,,,,,,,,,,,,,,,,,,,,,,,,
puppet-prometheus/manifests/mysqld_exporter.pp_(IaC)_,,,,,,,,,,,,,,,,,,,,,,,,,,,,,,,,,,,,,,,,,,,,,,,,,,,,,,,,,,,,,
puppet-prometheus/data/defaults.yaml_(Other)_,puppet-prometheus/manifests/nginx_vts_exporter.pp_(IaC)_,,,,,,,,,,,,,,,,,,,,,,,,,,,,,,,,,,,,,,,,,,,,,,,,,,,,,,,,,,,,
puppet-prometheus/manifests/nginx_vts_exporter.pp_(IaC)_,,,,,,,,,,,,,,,,,,,,,,,,,,,,,,,,,,,,,,,,,,,,,,,,,,,,,,,,,,,,,
puppet-prometheus/data/defaults.yaml_(Other)_,puppet-prometheus/manifests/node_exporter.pp_(IaC)_,,,,,,,,,,,,,,,,,,,,,,,,,,,,,,,,,,,,,,,,,,,,,,,,,,,,,,,,,,,,
puppet-prometheus/manifests/node_exporter.pp_(IaC)_,,,,,,,,,,,,,,,,,,,,,,,,,,,,,,,,,,,,,,,,,,,,,,,,,,,,,,,,,,,,,
puppet-prometheus/data/defaults.yaml_(Other)_,puppet-prometheus/manifests/process_exporter.pp_(IaC)_,,,,,,,,,,,,,,,,,,,,,,,,,,,,,,,,,,,,,,,,,,,,,,,,,,,,,,,,,,,,
puppet-prometheus/manifests/process_exporter.pp_(IaC)_,,,,,,,,,,,,,,,,,,,,,,,,,,,,,,,,,,,,,,,,,,,,,,,,,,,,,,,,,,,,,
puppet-prometheus/data/defaults.yaml_(Other)_,puppet-prometheus/manifests/pushgateway.pp_(IaC)_,,,,,,,,,,,,,,,,,,,,,,,,,,,,,,,,,,,,,,,,,,,,,,,,,,,,,,,,,,,,
puppet-prometheus/manifests/pushgateway.pp_(IaC)_,,,,,,,,,,,,,,,,,,,,,,,,,,,,,,,,,,,,,,,,,,,,,,,,,,,,,,,,,,,,,
puppet-prometheus/data/defaults.yaml_(Other)_,puppet-prometheus/manifests/rabbitmq_exporter.pp_(IaC)_,,,,,,,,,,,,,,,,,,,,,,,,,,,,,,,,,,,,,,,,,,,,,,,,,,,,,,,,,,,,
puppet-prometheus/data/defaults.yaml_(Other)_,puppet-prometheus/manifests/redis_exporter.pp_(IaC)_,,,,,,,,,,,,,,,,,,,,,,,,,,,,,,,,,,,,,,,,,,,,,,,,,,,,,,,,,,,,
puppet-prometheus/manifests/redis_exporter.pp_(IaC)_,,,,,,,,,,,,,,,,,,,,,,,,,,,,,,,,,,,,,,,,,,,,,,,,,,,,,,,,,,,,,
puppet-prometheus/data/defaults.yaml_(Other)_,puppet-prometheus/manifests/snmp_exporter.pp_(IaC)_,puppet-prometheus/spec/classes/snmp_exporter_spec.rb_(Other)_,,,,,,,,,,,,,,,,,,,,,,,,,,,,,,,,,,,,,,,,,,,,,,,,,,,,,,,,,,,
puppet-prometheus/manifests/snmp_exporter.pp_(IaC)_,,,,,,,,,,,,,,,,,,,,,,,,,,,,,,,,,,,,,,,,,,,,,,,,,,,,,,,,,,,,,
puppet-prometheus/data/defaults.yaml_(Other)_,puppet-prometheus/manifests/statsd_exporter.pp_(IaC)_,,,,,,,,,,,,,,,,,,,,,,,,,,,,,,,,,,,,,,,,,,,,,,,,,,,,,,,,,,,,
puppet-prometheus/manifests/statsd_exporter.pp_(IaC)_,,,,,,,,,,,,,,,,,,,,,,,,,,,,,,,,,,,,,,,,,,,,,,,,,,,,,,,,,,,,,
puppet-prometheus/manifests/params.pp_(IaC)_,,,,,,,,,,,,,,,,,,,,,,,,,,,,,,,,,,,,,,,,,,,,,,,,,,,,,,,,,,,,,
puppet-prometheus/manifests/rabbitmq_exporter.pp_(IaC)_,,,,,,,,,,,,,,,,,,,,,,,,,,,,,,,,,,,,,,,,,,,,,,,,,,,,,,,,,,,,,
puppet-prometheus/manifests/init.pp_(IaC)_,,,,,,,,,,,,,,,,,,,,,,,,,,,,,,,,,,,,,,,,,,,,,,,,,,,,,,,,,,,,,
puppet-prometheus/manifests/process_exporter.pp_(IaC)_,,,,,,,,,,,,,,,,,,,,,,,,,,,,,,,,,,,,,,,,,,,,,,,,,,,,,,,,,,,,,
puppet-prometheus/manifests/daemon.pp_(IaC)_,puppet-prometheus/spec/defines/daemon_spec.rb_(Other)_,,,,,,,,,,,,,,,,,,,,,,,,,,,,,,,,,,,,,,,,,,,,,,,,,,,,,,,,,,,,
puppet-prometheus/manifests/params.pp_(IaC)_,puppet-prometheus/manifests/varnish_exporter.pp_(IaC)_,puppet-prometheus/spec/classes/varnish_exporter_spec.rb_(Other)_,,,,,,,,,,,,,,,,,,,,,,,,,,,,,,,,,,,,,,,,,,,,,,,,,,,,,,,,,,,
puppet-prometheus/manifests/params.pp_(IaC)_,,,,,,,,,,,,,,,,,,,,,,,,,,,,,,,,,,,,,,,,,,,,,,,,,,,,,,,,,,,,,
puppet-prometheus/data/defaults.yaml_(Other)_,puppet-prometheus/manifests/varnish_exporter.pp_(IaC)_,,,,,,,,,,,,,,,,,,,,,,,,,,,,,,,,,,,,,,,,,,,,,,,,,,,,,,,,,,,,
puppet-prometheus/manifests/alerts.pp_(IaC)_,puppet-prometheus/manifests/config.pp_(IaC)_,puppet-prometheus/manifests/daemon.pp_(IaC)_,puppet-prometheus/manifests/init.pp_(IaC)_,,,,,,,,,,,,,,,,,,,,,,,,,,,,,,,,,,,,,,,,,,,,,,,,,,,,,,,,,,
puppet-prometheus/data/defaults.yaml_(Other)_,puppet-prometheus/manifests/graphite_exporter.pp_(IaC)_,,,,,,,,,,,,,,,,,,,,,,,,,,,,,,,,,,,,,,,,,,,,,,,,,,,,,,,,,,,,
puppet-prometheus/manifests/beanstalkd_exporter.pp_(IaC)_,puppet-prometheus/manifests/blackbox_exporter.pp_(IaC)_,puppet-prometheus/manifests/consul_exporter.pp_(IaC)_,puppet-prometheus/manifests/elasticsearch_exporter.pp_(IaC)_,puppet-prometheus/manifests/haproxy_exporter.pp_(IaC)_,puppet-prometheus/manifests/mesos_exporter.pp_(IaC)_,puppet-prometheus/manifests/mongodb_exporter.pp_(IaC)_,puppet-prometheus/manifests/mysqld_exporter.pp_(IaC)_,puppet-prometheus/manifests/nginx_vts_exporter.pp_(IaC)_,puppet-prometheus/manifests/node_exporter.pp_(IaC)_,puppet-prometheus/manifests/process_exporter.pp_(IaC)_,puppet-prometheus/manifests/rabbitmq_exporter.pp_(IaC)_,puppet-prometheus/manifests/redis_exporter.pp_(IaC)_,puppet-prometheus/manifests/snmp_exporter.pp_(IaC)_,puppet-prometheus/manifests/statsd_exporter.pp_(IaC)_,puppet-prometheus/manifests/varnish_exporter.pp_(IaC)_,,,,,,,,,,,,,,,,,,,,,,,,,,,,,,,,,,,,,,,,,,,,,,
puppet-prometheus/data/defaults.yaml_(Other)_,puppet-prometheus/manifests/config.pp_(IaC)_,puppet-prometheus/manifests/init.pp_(IaC)_,puppet-prometheus/manifests/install.pp_(IaC)_,puppet-prometheus/manifests/run_service.pp_(IaC)_,puppet-prometheus/manifests/server.pp_(IaC)_,puppet-prometheus/manifests/service_reload.pp_(IaC)_,puppet-prometheus/spec/acceptance/prometheus_spec.rb_(Other)_,puppet-prometheus/templates/prometheus.yaml.erb_(Other)_,,,,,,,,,,,,,,,,,,,,,,,,,,,,,,,,,,,,,,,,,,,,,,,,,,,,,
puppet-prometheus/manifests/config.pp_(IaC)_,puppet-prometheus/manifests/install.pp_(IaC)_,puppet-prometheus/manifests/server.pp_(IaC)_,,,,,,,,,,,,,,,,,,,,,,,,,,,,,,,,,,,,,,,,,,,,,,,,,,,,,,,,,,,
puppet-prometheus/manifests/config.pp_(IaC)_,,,,,,,,,,,,,,,,,,,,,,,,,,,,,,,,,,,,,,,,,,,,,,,,,,,,,,,,,,,,,
puppet-prometheus/data/defaults.yaml_(Other)_,puppet-prometheus/manifests/config.pp_(IaC)_,puppet-prometheus/manifests/init.pp_(IaC)_,puppet-prometheus/manifests/server.pp_(IaC)_,puppet-prometheus/templates/prometheus.sles.erb_(Other)_,,,,,,,,,,,,,,,,,,,,,,,,,,,,,,,,,,,,,,,,,,,,,,,,,,,,,,,,,
puppet-prometheus/data/defaults.yaml_(Other)_,puppet-prometheus/manifests/init.pp_(IaC)_,,,,,,,,,,,,,,,,,,,,,,,,,,,,,,,,,,,,,,,,,,,,,,,,,,,,,,,,,,,,
puppet-prometheus/manifests/redis_exporter.pp_(IaC)_,,,,,,,,,,,,,,,,,,,,,,,,,,,,,,,,,,,,,,,,,,,,,,,,,,,,,,,,,,,,,
puppet-prometheus/manifests/process_exporter.pp_(IaC)_,,,,,,,,,,,,,,,,,,,,,,,,,,,,,,,,,,,,,,,,,,,,,,,,,,,,,,,,,,,,,
puppet-prometheus/manifests/alertmanager.pp_(IaC)_,,,,,,,,,,,,,,,,,,,,,,,,,,,,,,,,,,,,,,,,,,,,,,,,,,,,,,,,,,,,,
puppet-prometheus/data/defaults.yaml_(Other)_,puppet-prometheus/manifests/config.pp_(IaC)_,puppet-prometheus/manifests/init.pp_(IaC)_,puppet-prometheus/manifests/server.pp_(IaC)_,puppet-prometheus/spec/fixtures/files/prometheus2.systemd_(Other)_,puppet-prometheus/spec/fixtures/files/prometheus2.sysv_(Other)_,puppet-prometheus/spec/fixtures/files/prometheus2.upstart_(Other)_,,,,,,,,,,,,,,,,,,,,,,,,,,,,,,,,,,,,,,,,,,,,,,,,,,,,,,,
puppet-prometheus/data/defaults.yaml_(Other)_,puppet-prometheus/manifests/init.pp_(IaC)_,,,,,,,,,,,,,,,,,,,,,,,,,,,,,,,,,,,,,,,,,,,,,,,,,,,,,,,,,,,,
puppet-prometheus/manifests/server.pp_(IaC)_,,,,,,,,,,,,,,,,,,,,,,,,,,,,,,,,,,,,,,,,,,,,,,,,,,,,,,,,,,,,,
puppet-prometheus/data/defaults.yaml_(Other)_,puppet-prometheus/manifests/postgres_exporter.pp_(IaC)_,puppet-prometheus/spec/acceptance/postgres_exporter_spec.rb_(Other)_,puppet-prometheus/spec/classes/postgres_exporter_spec.rb_(Other)_,,,,,,,,,,,,,,,,,,,,,,,,,,,,,,,,,,,,,,,,,,,,,,,,,,,,,,,,,,
puppet-prometheus/manifests/config.pp_(IaC)_,puppet-prometheus/manifests/init.pp_(IaC)_,puppet-prometheus/manifests/server.pp_(IaC)_,puppet-prometheus/spec/fixtures/files/prometheus2.systemd_(Other)_,puppet-prometheus/spec/fixtures/files/prometheus2.sysv_(Other)_,puppet-prometheus/spec/fixtures/files/prometheus2.upstart_(Other)_,,,,,,,,,,,,,,,,,,,,,,,,,,,,,,,,,,,,,,,,,,,,,,,,,,,,,,,,
puppet-prometheus/manifests/blackbox_exporter.pp_(IaC)_,,,,,,,,,,,,,,,,,,,,,,,,,,,,,,,,,,,,,,,,,,,,,,,,,,,,,,,,,,,,,
puppet-prometheus/manifests/server.pp_(IaC)_,,,,,,,,,,,,,,,,,,,,,,,,,,,,,,,,,,,,,,,,,,,,,,,,,,,,,,,,,,,,,
puppet-prometheus/manifests/mysqld_exporter.pp_(IaC)_,puppet-prometheus/spec/acceptance/mysqld_exporter_spec.rb_(Other)_,puppet-prometheus/spec/classes/mysqld_exporter_spec.rb_(Other)_,,,,,,,,,,,,,,,,,,,,,,,,,,,,,,,,,,,,,,,,,,,,,,,,,,,,,,,,,,,
puppet-prometheus/manifests/run_service.pp_(IaC)_,puppet-prometheus/spec/classes/prometheus_spec.rb_(Other)_,,,,,,,,,,,,,,,,,,,,,,,,,,,,,,,,,,,,,,,,,,,,,,,,,,,,,,,,,,,,
puppet-prometheus/manifests/consul_exporter.pp_(IaC)_,,,,,,,,,,,,,,,,,,,,,,,,,,,,,,,,,,,,,,,,,,,,,,,,,,,,,,,,,,,,,
puppet-prometheus/manifests/collectd_exporter.pp_(IaC)_,,,,,,,,,,,,,,,,,,,,,,,,,,,,,,,,,,,,,,,,,,,,,,,,,,,,,,,,,,,,,
puppet-prometheus/manifests/collectd_exporter.pp_(IaC)_,,,,,,,,,,,,,,,,,,,,,,,,,,,,,,,,,,,,,,,,,,,,,,,,,,,,,,,,,,,,,
puppet-prometheus/manifests/collectd_exporter.pp_(IaC)_,,,,,,,,,,,,,,,,,,,,,,,,,,,,,,,,,,,,,,,,,,,,,,,,,,,,,,,,,,,,,
puppet-prometheus/manifests/init.pp_(IaC)_,,,,,,,,,,,,,,,,,,,,,,,,,,,,,,,,,,,,,,,,,,,,,,,,,,,,,,,,,,,,,
puppet-prometheus/data/defaults.yaml_(Other)_,puppet-prometheus/manifests/statsd_exporter.pp_(IaC)_,puppet-prometheus/spec/classes/statsd_exporter_spec.rb_(Other)_,puppet-prometheus/templates/statsd_mapping.conf.erb_(Other)_,puppet-prometheus/templates/statsd_mapping.yaml.erb_(Other)_,,,,,,,,,,,,,,,,,,,,,,,,,,,,,,,,,,,,,,,,,,,,,,,,,,,,,,,,,
puppet-prometheus/manifests/config.pp_(IaC)_,puppet-prometheus/templates/prometheus.sysv.erb_(Other)_,,,,,,,,,,,,,,,,,,,,,,,,,,,,,,,,,,,,,,,,,,,,,,,,,,,,,,,,,,,,
puppet-prometheus/manifests/config.pp_(IaC)_,puppet-prometheus/manifests/init.pp_(IaC)_,,,,,,,,,,,,,,,,,,,,,,,,,,,,,,,,,,,,,,,,,,,,,,,,,,,,,,,,,,,,
puppet-prometheus/manifests/init.pp_(IaC)_,,,,,,,,,,,,,,,,,,,,,,,,,,,,,,,,,,,,,,,,,,,,,,,,,,,,,,,,,,,,,
puppet-prometheus/manifests/config.pp_(IaC)_,,,,,,,,,,,,,,,,,,,,,,,,,,,,,,,,,,,,,,,,,,,,,,,,,,,,,,,,,,,,,
puppet-prometheus/manifests/config.pp_(IaC)_,,,,,,,,,,,,,,,,,,,,,,,,,,,,,,,,,,,,,,,,,,,,,,,,,,,,,,,,,,,,,
puppet-prometheus/manifests/service_reload.pp_(IaC)_,,,,,,,,,,,,,,,,,,,,,,,,,,,,,,,,,,,,,,,,,,,,,,,,,,,,,,,,,,,,,
puppet-prometheus/manifests/init.pp_(IaC)_,,,,,,,,,,,,,,,,,,,,,,,,,,,,,,,,,,,,,,,,,,,,,,,,,,,,,,,,,,,,,
puppet-prometheus/manifests/init.pp_(IaC)_,,,,,,,,,,,,,,,,,,,,,,,,,,,,,,,,,,,,,,,,,,,,,,,,,,,,,,,,,,,,,
puppet-prometheus/manifests/config.pp_(IaC)_,,,,,,,,,,,,,,,,,,,,,,,,,,,,,,,,,,,,,,,,,,,,,,,,,,,,,,,,,,,,,
puppet-prometheus/manifests/init.pp_(IaC)_,,,,,,,,,,,,,,,,,,,,,,,,,,,,,,,,,,,,,,,,,,,,,,,,,,,,,,,,,,,,,
puppet-prometheus/manifests/statsd_exporter.pp_(IaC)_,puppet-prometheus/templates/statsd_mapping.yaml.erb_(Other)_,,,,,,,,,,,,,,,,,,,,,,,,,,,,,,,,,,,,,,,,,,,,,,,,,,,,,,,,,,,,
puppet-prometheus/manifests/init.pp_(IaC)_,,,,,,,,,,,,,,,,,,,,,,,,,,,,,,,,,,,,,,,,,,,,,,,,,,,,,,,,,,,,,
puppet-prometheus/data/defaults.yaml_(Other)_,puppet-prometheus/manifests/haproxy_exporter.pp_(IaC)_,,,,,,,,,,,,,,,,,,,,,,,,,,,,,,,,,,,,,,,,,,,,,,,,,,,,,,,,,,,,
puppet-prometheus/manifests/daemon.pp_(IaC)_,puppet-prometheus/spec/defines/daemon_spec.rb_(Other)_,puppet-prometheus/templates/daemon.env.erb_(Other)_,puppet-prometheus/templates/daemon.launchd.erb_(Other)_,puppet-prometheus/templates/daemon.sles.erb_(Other)_,puppet-prometheus/templates/daemon.systemd.erb_(Other)_,puppet-prometheus/templates/daemon.sysv.erb_(Other)_,puppet-prometheus/templates/daemon.upstart.erb_(Other)_,,,,,,,,,,,,,,,,,,,,,,,,,,,,,,,,,,,,,,,,,,,,,,,,,,,,,,
puppet-prometheus/data/Darwin.yaml_(Other)_,puppet-prometheus/manifests/daemon.pp_(IaC)_,puppet-prometheus/spec/defines/daemon_spec.rb_(Other)_,,,,,,,,,,,,,,,,,,,,,,,,,,,,,,,,,,,,,,,,,,,,,,,,,,,,,,,,,,,
puppet-prometheus/manifests/haproxy_exporter.pp_(IaC)_,puppet-prometheus/spec/classes/haproxy_exporter_spec.rb_(Other)_,,,,,,,,,,,,,,,,,,,,,,,,,,,,,,,,,,,,,,,,,,,,,,,,,,,,,,,,,,,,
puppet-prometheus/data/defaults.yaml_(Other)_,puppet-prometheus/manifests/apache_exporter.pp_(IaC)_,puppet-prometheus/spec/acceptance/apache_exporter_spec.rb_(Other)_,puppet-prometheus/spec/classes/apache_exporter_spec.rb_(Other)_,,,,,,,,,,,,,,,,,,,,,,,,,,,,,,,,,,,,,,,,,,,,,,,,,,,,,,,,,,
puppet-prometheus/manifests/daemon.pp_(IaC)_,,,,,,,,,,,,,,,,,,,,,,,,,,,,,,,,,,,,,,,,,,,,,,,,,,,,,,,,,,,,,
puppet-prometheus/examples/init.pp_(IaC)_,puppet-prometheus/manifests/postgres_exporter.pp_(IaC)_,,,,,,,,,,,,,,,,,,,,,,,,,,,,,,,,,,,,,,,,,,,,,,,,,,,,,,,,,,,,
puppet-prometheus/examples/init.pp_(IaC)_,puppet-prometheus/manifests/postgres_exporter.pp_(IaC)_,,,,,,,,,,,,,,,,,,,,,,,,,,,,,,,,,,,,,,,,,,,,,,,,,,,,,,,,,,,,
puppet-prometheus/manifests/postgres_exporter.pp_(IaC)_,puppet-prometheus/spec/acceptance/postgres_exporter_spec.rb_(Other)_,,,,,,,,,,,,,,,,,,,,,,,,,,,,,,,,,,,,,,,,,,,,,,,,,,,,,,,,,,,,
puppet-prometheus/manifests/postgres_exporter.pp_(IaC)_,puppet-prometheus/spec/acceptance/postgres_exporter_spec.rb_(Other)_,,,,,,,,,,,,,,,,,,,,,,,,,,,,,,,,,,,,,,,,,,,,,,,,,,,,,,,,,,,,
puppet-prometheus/manifests/postgres_exporter.pp_(IaC)_,,,,,,,,,,,,,,,,,,,,,,,,,,,,,,,,,,,,,,,,,,,,,,,,,,,,,,,,,,,,,
puppet-prometheus/manifests/postgres_exporter.pp_(IaC)_,,,,,,,,,,,,,,,,,,,,,,,,,,,,,,,,,,,,,,,,,,,,,,,,,,,,,,,,,,,,,
puppet-prometheus/manifests/process_exporter.pp_(IaC)_,,,,,,,,,,,,,,,,,,,,,,,,,,,,,,,,,,,,,,,,,,,,,,,,,,,,,,,,,,,,,
puppet-prometheus/manifests/service_reload.pp_(IaC)_,,,,,,,,,,,,,,,,,,,,,,,,,,,,,,,,,,,,,,,,,,,,,,,,,,,,,,,,,,,,,
puppet-prometheus/manifests/init.pp_(IaC)_,,,,,,,,,,,,,,,,,,,,,,,,,,,,,,,,,,,,,,,,,,,,,,,,,,,,,,,,,,,,,
puppet-prometheus/manifests/init.pp_(IaC)_,,,,,,,,,,,,,,,,,,,,,,,,,,,,,,,,,,,,,,,,,,,,,,,,,,,,,,,,,,,,,
puppet-prometheus/examples/init.pp_(IaC)_,,,,,,,,,,,,,,,,,,,,,,,,,,,,,,,,,,,,,,,,,,,,,,,,,,,,,,,,,,,,,
puppet-prometheus/manifests/elasticsearch_exporter.pp_(IaC)_,,,,,,,,,,,,,,,,,,,,,,,,,,,,,,,,,,,,,,,,,,,,,,,,,,,,,,,,,,,,,
puppet-prometheus/data/defaults.yaml_(Other)_,puppet-prometheus/manifests/config.pp_(IaC)_,puppet-prometheus/manifests/init.pp_(IaC)_,puppet-prometheus/manifests/server.pp_(IaC)_,puppet-prometheus/spec/fixtures/files/prometheus2.systemd_(Other)_,puppet-prometheus/spec/fixtures/files/prometheus2.upstart_(Other)_,puppet-prometheus/templates/prometheus.systemd.erb_(Other)_,puppet-prometheus/templates/prometheus.upstart.erb_(Other)_,,,,,,,,,,,,,,,,,,,,,,,,,,,,,,,,,,,,,,,,,,,,,,,,,,,,,,
puppet-prometheus/data/defaults.yaml_(Other)_,puppet-prometheus/manifests/daemon.pp_(IaC)_,puppet-prometheus/manifests/init.pp_(IaC)_,puppet-prometheus/manifests/install.pp_(IaC)_,,,,,,,,,,,,,,,,,,,,,,,,,,,,,,,,,,,,,,,,,,,,,,,,,,,,,,,,,,
puppet-prometheus/data/defaults.yaml_(Other)_,puppet-prometheus/manifests/config.pp_(IaC)_,puppet-prometheus/manifests/init.pp_(IaC)_,puppet-prometheus/manifests/server.pp_(IaC)_,puppet-prometheus/spec/classes/prometheus_spec.rb_(Other)_,,,,,,,,,,,,,,,,,,,,,,,,,,,,,,,,,,,,,,,,,,,,,,,,,,,,,,,,,
puppet-prometheus/manifests/alertmanager.pp_(IaC)_,puppet-prometheus/spec/acceptance/alertmanager_spec.rb_(Other)_,,,,,,,,,,,,,,,,,,,,,,,,,,,,,,,,,,,,,,,,,,,,,,,,,,,,,,,,,,,,
puppet-prometheus/manifests/config.pp_(IaC)_,puppet-prometheus/manifests/daemon.pp_(IaC)_,puppet-prometheus/manifests/init.pp_(IaC)_,puppet-prometheus/manifests/node_exporter.pp_(IaC)_,puppet-prometheus/manifests/scrape_job.pp_(IaC)_,puppet-prometheus/manifests/server.pp_(IaC)_,puppet-prometheus/manifests/statsd_exporter.pp_(IaC)_,puppet-prometheus/templates/file_sd_config.yaml.erb_(Other)_,puppet-prometheus/templates/prometheus.yaml.erb_(Other)_,,,,,,,,,,,,,,,,,,,,,,,,,,,,,,,,,,,,,,,,,,,,,,,,,,,,,
puppet-prometheus/manifests/scrape_job.pp_(IaC)_,puppet-prometheus/templates/file_sd_config.yaml.erb_(Other)_,,,,,,,,,,,,,,,,,,,,,,,,,,,,,,,,,,,,,,,,,,,,,,,,,,,,,,,,,,,,
puppet-prometheus/manifests/apache_exporter.pp_(IaC)_,puppet-prometheus/manifests/beanstalkd_exporter.pp_(IaC)_,puppet-prometheus/manifests/blackbox_exporter.pp_(IaC)_,puppet-prometheus/manifests/collectd_exporter.pp_(IaC)_,puppet-prometheus/manifests/consul_exporter.pp_(IaC)_,puppet-prometheus/manifests/daemon.pp_(IaC)_,puppet-prometheus/manifests/elasticsearch_exporter.pp_(IaC)_,puppet-prometheus/manifests/graphite_exporter.pp_(IaC)_,puppet-prometheus/manifests/haproxy_exporter.pp_(IaC)_,puppet-prometheus/manifests/mesos_exporter.pp_(IaC)_,puppet-prometheus/manifests/mongodb_exporter.pp_(IaC)_,puppet-prometheus/manifests/mysqld_exporter.pp_(IaC)_,puppet-prometheus/manifests/nginx_vts_exporter.pp_(IaC)_,puppet-prometheus/manifests/node_exporter.pp_(IaC)_,puppet-prometheus/manifests/postgres_exporter.pp_(IaC)_,puppet-prometheus/manifests/process_exporter.pp_(IaC)_,puppet-prometheus/manifests/rabbitmq_exporter.pp_(IaC)_,puppet-prometheus/manifests/redis_exporter.pp_(IaC)_,puppet-prometheus/manifests/snmp_exporter.pp_(IaC)_,puppet-prometheus/manifests/statsd_exporter.pp_(IaC)_,puppet-prometheus/manifests/varnish_exporter.pp_(IaC)_,,,,,,,,,,,,,,,,,,,,,,,,,,,,,,,,,,,,,,,,,
puppet-prometheus/manifests/daemon.pp_(IaC)_,puppet-prometheus/manifests/init.pp_(IaC)_,puppet-prometheus/manifests/scrape_job.pp_(IaC)_,puppet-prometheus/manifests/server.pp_(IaC)_,,,,,,,,,,,,,,,,,,,,,,,,,,,,,,,,,,,,,,,,,,,,,,,,,,,,,,,,,,
puppet-prometheus/manifests/config.pp_(IaC)_,,,,,,,,,,,,,,,,,,,,,,,,,,,,,,,,,,,,,,,,,,,,,,,,,,,,,,,,,,,,,
puppet-prometheus/manifests/alertmanager.pp_(IaC)_,,,,,,,,,,,,,,,,,,,,,,,,,,,,,,,,,,,,,,,,,,,,,,,,,,,,,,,,,,,,,
puppet-prometheus/data/defaults.yaml_(Other)_,puppet-prometheus/manifests/pushprox_client.pp_(IaC)_,puppet-prometheus/manifests/pushprox_proxy.pp_(IaC)_,puppet-prometheus/spec/acceptance/pushprox_client_spec.rb_(Other)_,,,,,,,,,,,,,,,,,,,,,,,,,,,,,,,,,,,,,,,,,,,,,,,,,,,,,,,,,,
puppet-prometheus/data/defaults.yaml_(Other)_,puppet-prometheus/manifests/alertmanager.pp_(IaC)_,puppet-prometheus/spec/classes/alertmanager_spec.rb_(Other)_,,,,,,,,,,,,,,,,,,,,,,,,,,,,,,,,,,,,,,,,,,,,,,,,,,,,,,,,,,,
puppet-prometheus/data/defaults.yaml_(Other)_,puppet-prometheus/manifests/mongodb_exporter.pp_(IaC)_,,,,,,,,,,,,,,,,,,,,,,,,,,,,,,,,,,,,,,,,,,,,,,,,,,,,,,,,,,,,
puppet-prometheus/manifests/daemon.pp_(IaC)_,puppet-prometheus/manifests/init.pp_(IaC)_,,,,,,,,,,,,,,,,,,,,,,,,,,,,,,,,,,,,,,,,,,,,,,,,,,,,,,,,,,,,
puppet-prometheus/manifests/config.pp_(IaC)_,puppet-prometheus/manifests/init.pp_(IaC)_,puppet-prometheus/spec/classes/prometheus_spec.rb_(Other)_,puppet-prometheus/templates/prometheus.systemd.erb_(Other)_,,,,,,,,,,,,,,,,,,,,,,,,,,,,,,,,,,,,,,,,,,,,,,,,,,,,,,,,,,
puppet-prometheus/manifests/mesos_exporter.pp_(IaC)_,,,,,,,,,,,,,,,,,,,,,,,,,,,,,,,,,,,,,,,,,,,,,,,,,,,,,,,,,,,,,
puppet-prometheus/manifests/pushgateway.pp_(IaC)_,,,,,,,,,,,,,,,,,,,,,,,,,,,,,,,,,,,,,,,,,,,,,,,,,,,,,,,,,,,,,
puppet-prometheus/data/defaults.yaml_(Other)_,puppet-prometheus/manifests/elasticsearch_exporter.pp_(IaC)_,,,,,,,,,,,,,,,,,,,,,,,,,,,,,,,,,,,,,,,,,,,,,,,,,,,,,,,,,,,,
puppet-prometheus/data/Archlinux.yaml_(Other)_,puppet-prometheus/manifests/node_exporter.pp_(IaC)_,,,,,,,,,,,,,,,,,,,,,,,,,,,,,,,,,,,,,,,,,,,,,,,,,,,,,,,,,,,,
puppet-prometheus/data/defaults.yaml_(Other)_,puppet-prometheus/manifests/alertmanager.pp_(IaC)_,puppet-prometheus/manifests/alerts.pp_(IaC)_,puppet-prometheus/manifests/blackbox_exporter.pp_(IaC)_,puppet-prometheus/manifests/config.pp_(IaC)_,puppet-prometheus/manifests/install.pp_(IaC)_,puppet-prometheus/manifests/scrape_job.pp_(IaC)_,puppet-prometheus/manifests/server.pp_(IaC)_,puppet-prometheus/manifests/snmp_exporter.pp_(IaC)_,puppet-prometheus/manifests/statsd_exporter.pp_(IaC)_,puppet-prometheus/spec/classes/prometheus_spec.rb_(Other)_,puppet-prometheus/spec/classes/snmp_exporter_spec.rb_(Other)_,puppet-prometheus/spec/classes/statsd_exporter_spec.rb_(Other)_,puppet-prometheus/spec/defines/alerts_spec.rb_(Other)_,,,,,,,,,,,,,,,,,,,,,,,,,,,,,,,,,,,,,,,,,,,,,,,,
puppet-prometheus/manifests/alertmanager.pp_(IaC)_,puppet-prometheus/manifests/apache_exporter.pp_(IaC)_,puppet-prometheus/manifests/daemon.pp_(IaC)_,puppet-prometheus/manifests/haproxy_exporter.pp_(IaC)_,puppet-prometheus/manifests/init.pp_(IaC)_,puppet-prometheus/manifests/mysqld_exporter.pp_(IaC)_,puppet-prometheus/manifests/process_exporter.pp_(IaC)_,puppet-prometheus/manifests/pushprox_client.pp_(IaC)_,puppet-prometheus/manifests/pushprox_proxy.pp_(IaC)_,puppet-prometheus/manifests/server.pp_(IaC)_,puppet-prometheus/manifests/statsd_exporter.pp_(IaC)_,puppet-prometheus/manifests/varnish_exporter.pp_(IaC)_,puppet-prometheus/spec/type_aliases/s3uri_spec.rb_(Other)_,puppet-prometheus/spec/type_aliases/uri_spec.rb_(Other)_,puppet-prometheus/types/s3uri.pp_(IaC)_,puppet-prometheus/types/uri.pp_(IaC)_,,,,,,,,,,,,,,,,,,,,,,,,,,,,,,,,,,,,,,,,,,,,,,
puppet-prometheus/manifests/pushprox_client.pp_(IaC)_,,,,,,,,,,,,,,,,,,,,,,,,,,,,,,,,,,,,,,,,,,,,,,,,,,,,,,,,,,,,,
puppet-prometheus/data/Debian.yaml_(Other)_,puppet-prometheus/data/RedHat.yaml_(Other)_,puppet-prometheus/data/defaults.yaml_(Other)_,puppet-prometheus/manifests/daemon.pp_(IaC)_,puppet-prometheus/manifests/init.pp_(IaC)_,puppet-prometheus/manifests/install.pp_(IaC)_,puppet-prometheus/manifests/server.pp_(IaC)_,,,,,,,,,,,,,,,,,,,,,,,,,,,,,,,,,,,,,,,,,,,,,,,,,,,,,,,
puppet-prometheus/manifests/daemon.pp_(IaC)_,,,,,,,,,,,,,,,,,,,,,,,,,,,,,,,,,,,,,,,,,,,,,,,,,,,,,,,,,,,,,
puppet-prometheus/manifests/daemon.pp_(IaC)_,puppet-prometheus/manifests/install.pp_(IaC)_,,,,,,,,,,,,,,,,,,,,,,,,,,,,,,,,,,,,,,,,,,,,,,,,,,,,,,,,,,,,
puppet-prometheus/manifests/config.pp_(IaC)_,puppet-prometheus/manifests/init.pp_(IaC)_,puppet-prometheus/spec/classes/prometheus_spec.rb_(Other)_,puppet-prometheus/spec/fixtures/files/cli/prometheus1_all.systemd_(Other)_,puppet-prometheus/spec/fixtures/files/cli/prometheus1_extra.systemd_(Other)_,puppet-prometheus/spec/fixtures/files/cli/prometheus2_6_retention.systemd_(Other)_,puppet-prometheus/spec/fixtures/files/cli/prometheus2_all.systemd_(Other)_,puppet-prometheus/spec/fixtures/files/cli/prometheus2_extra.systemd_(Other)_,puppet-prometheus/spec/fixtures/files/prometheus1.systemd_(Other)_,puppet-prometheus/spec/fixtures/files/prometheus1.sysv_(Other)_,puppet-prometheus/spec/fixtures/files/prometheus1.upstart_(Other)_,puppet-prometheus/spec/fixtures/files/prometheus2.systemd_(Other)_,puppet-prometheus/spec/fixtures/files/prometheus2.sysv_(Other)_,puppet-prometheus/spec/fixtures/files/prometheus2.upstart_(Other)_,,,,,,,,,,,,,,,,,,,,,,,,,,,,,,,,,,,,,,,,,,,,,,,,
puppet-prometheus/manifests/mysqld_exporter.pp_(IaC)_,puppet-prometheus/spec/classes/mysqld_exporter_spec.rb_(Other)_,,,,,,,,,,,,,,,,,,,,,,,,,,,,,,,,,,,,,,,,,,,,,,,,,,,,,,,,,,,,
puppet-prometheus/data/defaults.yaml_(Other)_,puppet-prometheus/manifests/mysqld_exporter.pp_(IaC)_,,,,,,,,,,,,,,,,,,,,,,,,,,,,,,,,,,,,,,,,,,,,,,,,,,,,,,,,,,,,
puppet-prometheus/manifests/redis_exporter.pp_(IaC)_,puppet-prometheus/spec/acceptance/redis_exporter_spec.rb_(Other)_,,,,,,,,,,,,,,,,,,,,,,,,,,,,,,,,,,,,,,,,,,,,,,,,,,,,,,,,,,,,
puppet-prometheus/manifests/apache_exporter.pp_(IaC)_,puppet-prometheus/manifests/beanstalkd_exporter.pp_(IaC)_,puppet-prometheus/manifests/blackbox_exporter.pp_(IaC)_,puppet-prometheus/manifests/collectd_exporter.pp_(IaC)_,puppet-prometheus/manifests/consul_exporter.pp_(IaC)_,puppet-prometheus/manifests/daemon.pp_(IaC)_,puppet-prometheus/manifests/elasticsearch_exporter.pp_(IaC)_,puppet-prometheus/manifests/graphite_exporter.pp_(IaC)_,puppet-prometheus/manifests/haproxy_exporter.pp_(IaC)_,puppet-prometheus/manifests/mesos_exporter.pp_(IaC)_,puppet-prometheus/manifests/mongodb_exporter.pp_(IaC)_,puppet-prometheus/manifests/mysqld_exporter.pp_(IaC)_,puppet-prometheus/manifests/nginx_vts_exporter.pp_(IaC)_,puppet-prometheus/manifests/node_exporter.pp_(IaC)_,puppet-prometheus/manifests/postgres_exporter.pp_(IaC)_,puppet-prometheus/manifests/process_exporter.pp_(IaC)_,puppet-prometheus/manifests/rabbitmq_exporter.pp_(IaC)_,puppet-prometheus/manifests/redis_exporter.pp_(IaC)_,puppet-prometheus/manifests/snmp_exporter.pp_(IaC)_,puppet-prometheus/manifests/statsd_exporter.pp_(IaC)_,puppet-prometheus/manifests/varnish_exporter.pp_(IaC)_,puppet-prometheus/spec/defines/daemon_spec.rb_(Other)_,,,,,,,,,,,,,,,,,,,,,,,,,,,,,,,,,,,,,,,,
puppet-prometheus/manifests/config.pp_(IaC)_,puppet-prometheus/manifests/scrape_job.pp_(IaC)_,puppet-prometheus/manifests/server.pp_(IaC)_,puppet-prometheus/spec/classes/prometheus_spec.rb_(Other)_,,,,,,,,,,,,,,,,,,,,,,,,,,,,,,,,,,,,,,,,,,,,,,,,,,,,,,,,,,
puppet-prometheus/manifests/config.pp_(IaC)_,,,,,,,,,,,,,,,,,,,,,,,,,,,,,,,,,,,,,,,,,,,,,,,,,,,,,,,,,,,,,
puppet-prometheus/manifests/daemon.pp_(IaC)_,,,,,,,,,,,,,,,,,,,,,,,,,,,,,,,,,,,,,,,,,,,,,,,,,,,,,,,,,,,,,
puppet-prometheus/manifests/config.pp_(IaC)_,,,,,,,,,,,,,,,,,,,,,,,,,,,,,,,,,,,,,,,,,,,,,,,,,,,,,,,,,,,,,
puppet-prometheus/manifests/install.pp_(IaC)_,,,,,,,,,,,,,,,,,,,,,,,,,,,,,,,,,,,,,,,,,,,,,,,,,,,,,,,,,,,,,
puppet-prometheus/manifests/daemon.pp_(IaC)_,puppet-prometheus/types/initstyle.pp_(IaC)_,,,,,,,,,,,,,,,,,,,,,,,,,,,,,,,,,,,,,,,,,,,,,,,,,,,,,,,,,,,,
puppet-prometheus/manifests/config.pp_(IaC)_,,,,,,,,,,,,,,,,,,,,,,,,,,,,,,,,,,,,,,,,,,,,,,,,,,,,,,,,,,,,,
puppet-prometheus/manifests/config.pp_(IaC)_,puppet-prometheus/manifests/init.pp_(IaC)_,puppet-prometheus/manifests/server.pp_(IaC)_,puppet-prometheus/manifests/service_reload.pp_(IaC)_,,,,,,,,,,,,,,,,,,,,,,,,,,,,,,,,,,,,,,,,,,,,,,,,,,,,,,,,,,
puppet-prometheus/manifests/daemon.pp_(IaC)_,puppet-prometheus/manifests/postfix_exporter.pp_(IaC)_,puppet-prometheus/spec/acceptance/postfix_exporter_spec.rb_(Other)_,,,,,,,,,,,,,,,,,,,,,,,,,,,,,,,,,,,,,,,,,,,,,,,,,,,,,,,,,,,
puppet-prometheus/manifests/apache_exporter.pp_(IaC)_,,,,,,,,,,,,,,,,,,,,,,,,,,,,,,,,,,,,,,,,,,,,,,,,,,,,,,,,,,,,,
puppet-prometheus/manifests/alertmanager.pp_(IaC)_,puppet-prometheus/manifests/alerts.pp_(IaC)_,puppet-prometheus/manifests/apache_exporter.pp_(IaC)_,puppet-prometheus/manifests/beanstalkd_exporter.pp_(IaC)_,puppet-prometheus/manifests/blackbox_exporter.pp_(IaC)_,puppet-prometheus/manifests/collectd_exporter.pp_(IaC)_,puppet-prometheus/manifests/config.pp_(IaC)_,puppet-prometheus/manifests/consul_exporter.pp_(IaC)_,puppet-prometheus/manifests/daemon.pp_(IaC)_,puppet-prometheus/manifests/elasticsearch_exporter.pp_(IaC)_,puppet-prometheus/manifests/graphite_exporter.pp_(IaC)_,puppet-prometheus/manifests/haproxy_exporter.pp_(IaC)_,puppet-prometheus/manifests/init.pp_(IaC)_,puppet-prometheus/manifests/install.pp_(IaC)_,puppet-prometheus/manifests/mesos_exporter.pp_(IaC)_,puppet-prometheus/manifests/mongodb_exporter.pp_(IaC)_,puppet-prometheus/manifests/mysqld_exporter.pp_(IaC)_,puppet-prometheus/manifests/nginx_vts_exporter.pp_(IaC)_,puppet-prometheus/manifests/node_exporter.pp_(IaC)_,puppet-prometheus/manifests/postgres_exporter.pp_(IaC)_,puppet-prometheus/manifests/process_exporter.pp_(IaC)_,puppet-prometheus/manifests/pushgateway.pp_(IaC)_,puppet-prometheus/manifests/pushprox_client.pp_(IaC)_,puppet-prometheus/manifests/pushprox_proxy.pp_(IaC)_,puppet-prometheus/manifests/rabbitmq_exporter.pp_(IaC)_,puppet-prometheus/manifests/redis_exporter.pp_(IaC)_,puppet-prometheus/manifests/run_service.pp_(IaC)_,puppet-prometheus/manifests/scrape_job.pp_(IaC)_,puppet-prometheus/manifests/server.pp_(IaC)_,puppet-prometheus/manifests/service_reload.pp_(IaC)_,puppet-prometheus/manifests/snmp_exporter.pp_(IaC)_,puppet-prometheus/manifests/statsd_exporter.pp_(IaC)_,puppet-prometheus/manifests/varnish_exporter.pp_(IaC)_,,,,,,,,,,,,,,,,,,,,,,,,,,,,,
puppet-prometheus/manifests/alertmanager.pp_(IaC)_,puppet-prometheus/manifests/alerts.pp_(IaC)_,puppet-prometheus/manifests/apache_exporter.pp_(IaC)_,puppet-prometheus/manifests/beanstalkd_exporter.pp_(IaC)_,puppet-prometheus/manifests/blackbox_exporter.pp_(IaC)_,puppet-prometheus/manifests/collectd_exporter.pp_(IaC)_,puppet-prometheus/manifests/config.pp_(IaC)_,puppet-prometheus/manifests/consul_exporter.pp_(IaC)_,puppet-prometheus/manifests/daemon.pp_(IaC)_,puppet-prometheus/manifests/elasticsearch_exporter.pp_(IaC)_,puppet-prometheus/manifests/graphite_exporter.pp_(IaC)_,puppet-prometheus/manifests/haproxy_exporter.pp_(IaC)_,puppet-prometheus/manifests/init.pp_(IaC)_,puppet-prometheus/manifests/install.pp_(IaC)_,puppet-prometheus/manifests/mesos_exporter.pp_(IaC)_,puppet-prometheus/manifests/mongodb_exporter.pp_(IaC)_,puppet-prometheus/manifests/mysqld_exporter.pp_(IaC)_,puppet-prometheus/manifests/nginx_vts_exporter.pp_(IaC)_,puppet-prometheus/manifests/node_exporter.pp_(IaC)_,puppet-prometheus/manifests/postfix_exporter.pp_(IaC)_,puppet-prometheus/manifests/postgres_exporter.pp_(IaC)_,puppet-prometheus/manifests/process_exporter.pp_(IaC)_,puppet-prometheus/manifests/pushgateway.pp_(IaC)_,puppet-prometheus/manifests/pushprox_client.pp_(IaC)_,puppet-prometheus/manifests/pushprox_proxy.pp_(IaC)_,puppet-prometheus/manifests/rabbitmq_exporter.pp_(IaC)_,puppet-prometheus/manifests/redis_exporter.pp_(IaC)_,puppet-prometheus/manifests/run_service.pp_(IaC)_,puppet-prometheus/manifests/scrape_job.pp_(IaC)_,puppet-prometheus/manifests/server.pp_(IaC)_,puppet-prometheus/manifests/service_reload.pp_(IaC)_,puppet-prometheus/manifests/snmp_exporter.pp_(IaC)_,puppet-prometheus/manifests/statsd_exporter.pp_(IaC)_,puppet-prometheus/manifests/varnish_exporter.pp_(IaC)_,,,,,,,,,,,,,,,,,,,,,,,,,,,,
puppet-prometheus/manifests/bird_exporter.pp_(IaC)_,puppet-prometheus/spec/classes/bird_exporter_spec.rb_(Other)_,,,,,,,,,,,,,,,,,,,,,,,,,,,,,,,,,,,,,,,,,,,,,,,,,,,,,,,,,,,,
puppet-prometheus/data/defaults.yaml_(Other)_,puppet-prometheus/manifests/alertmanager.pp_(IaC)_,puppet-prometheus/manifests/apache_exporter.pp_(IaC)_,puppet-prometheus/manifests/beanstalkd_exporter.pp_(IaC)_,puppet-prometheus/manifests/bird_exporter.pp_(IaC)_,puppet-prometheus/manifests/blackbox_exporter.pp_(IaC)_,puppet-prometheus/manifests/collectd_exporter.pp_(IaC)_,puppet-prometheus/manifests/consul_exporter.pp_(IaC)_,puppet-prometheus/manifests/daemon.pp_(IaC)_,puppet-prometheus/manifests/elasticsearch_exporter.pp_(IaC)_,puppet-prometheus/manifests/graphite_exporter.pp_(IaC)_,puppet-prometheus/manifests/haproxy_exporter.pp_(IaC)_,puppet-prometheus/manifests/init.pp_(IaC)_,puppet-prometheus/manifests/mesos_exporter.pp_(IaC)_,puppet-prometheus/manifests/mongodb_exporter.pp_(IaC)_,puppet-prometheus/manifests/mysqld_exporter.pp_(IaC)_,puppet-prometheus/manifests/nginx_vts_exporter.pp_(IaC)_,puppet-prometheus/manifests/node_exporter.pp_(IaC)_,puppet-prometheus/manifests/postgres_exporter.pp_(IaC)_,puppet-prometheus/manifests/process_exporter.pp_(IaC)_,puppet-prometheus/manifests/pushgateway.pp_(IaC)_,puppet-prometheus/manifests/pushprox_client.pp_(IaC)_,puppet-prometheus/manifests/pushprox_proxy.pp_(IaC)_,puppet-prometheus/manifests/rabbitmq_exporter.pp_(IaC)_,puppet-prometheus/manifests/redis_exporter.pp_(IaC)_,puppet-prometheus/manifests/server.pp_(IaC)_,puppet-prometheus/manifests/snmp_exporter.pp_(IaC)_,puppet-prometheus/manifests/statsd_exporter.pp_(IaC)_,puppet-prometheus/manifests/varnish_exporter.pp_(IaC)_,,,,,,,,,,,,,,,,,,,,,,,,,,,,,,,,,
puppet-prometheus/manifests/alertmanager.pp_(IaC)_,puppet-prometheus/manifests/apache_exporter.pp_(IaC)_,puppet-prometheus/manifests/beanstalkd_exporter.pp_(IaC)_,puppet-prometheus/manifests/bird_exporter.pp_(IaC)_,puppet-prometheus/manifests/blackbox_exporter.pp_(IaC)_,puppet-prometheus/manifests/collectd_exporter.pp_(IaC)_,puppet-prometheus/manifests/consul_exporter.pp_(IaC)_,puppet-prometheus/manifests/daemon.pp_(IaC)_,puppet-prometheus/manifests/elasticsearch_exporter.pp_(IaC)_,puppet-prometheus/manifests/graphite_exporter.pp_(IaC)_,puppet-prometheus/manifests/haproxy_exporter.pp_(IaC)_,puppet-prometheus/manifests/init.pp_(IaC)_,puppet-prometheus/manifests/mesos_exporter.pp_(IaC)_,puppet-prometheus/manifests/mongodb_exporter.pp_(IaC)_,puppet-prometheus/manifests/mysqld_exporter.pp_(IaC)_,puppet-prometheus/manifests/node_exporter.pp_(IaC)_,puppet-prometheus/manifests/postgres_exporter.pp_(IaC)_,puppet-prometheus/manifests/process_exporter.pp_(IaC)_,puppet-prometheus/manifests/pushgateway.pp_(IaC)_,puppet-prometheus/manifests/pushprox_client.pp_(IaC)_,puppet-prometheus/manifests/pushprox_proxy.pp_(IaC)_,puppet-prometheus/manifests/rabbitmq_exporter.pp_(IaC)_,puppet-prometheus/manifests/redis_exporter.pp_(IaC)_,puppet-prometheus/manifests/server.pp_(IaC)_,puppet-prometheus/manifests/snmp_exporter.pp_(IaC)_,puppet-prometheus/manifests/statsd_exporter.pp_(IaC)_,puppet-prometheus/manifests/varnish_exporter.pp_(IaC)_,,,,,,,,,,,,,,,,,,,,,,,,,,,,,,,,,,,
puppet-prometheus/manifests/config.pp_(IaC)_,puppet-prometheus/templates/prometheus.systemd.epp_(Other)_,puppet-prometheus/templates/prometheus.systemd.erb_(Other)_,,,,,,,,,,,,,,,,,,,,,,,,,,,,,,,,,,,,,,,,,,,,,,,,,,,,,,,,,,,
puppet-prometheus/data/defaults.yaml_(Other)_,puppet-prometheus/manifests/alertmanager.pp_(IaC)_,puppet-prometheus/manifests/beanstalkd_exporter.pp_(IaC)_,puppet-prometheus/manifests/bird_exporter.pp_(IaC)_,puppet-prometheus/manifests/blackbox_exporter.pp_(IaC)_,puppet-prometheus/manifests/collectd_exporter.pp_(IaC)_,puppet-prometheus/manifests/consul_exporter.pp_(IaC)_,puppet-prometheus/manifests/daemon.pp_(IaC)_,puppet-prometheus/manifests/elasticsearch_exporter.pp_(IaC)_,puppet-prometheus/manifests/graphite_exporter.pp_(IaC)_,puppet-prometheus/manifests/haproxy_exporter.pp_(IaC)_,puppet-prometheus/manifests/init.pp_(IaC)_,puppet-prometheus/manifests/mesos_exporter.pp_(IaC)_,puppet-prometheus/manifests/mongodb_exporter.pp_(IaC)_,puppet-prometheus/manifests/mysqld_exporter.pp_(IaC)_,puppet-prometheus/manifests/node_exporter.pp_(IaC)_,puppet-prometheus/manifests/process_exporter.pp_(IaC)_,puppet-prometheus/manifests/pushgateway.pp_(IaC)_,puppet-prometheus/manifests/pushprox_client.pp_(IaC)_,puppet-prometheus/manifests/pushprox_proxy.pp_(IaC)_,puppet-prometheus/manifests/rabbitmq_exporter.pp_(IaC)_,puppet-prometheus/manifests/redis_exporter.pp_(IaC)_,puppet-prometheus/manifests/server.pp_(IaC)_,puppet-prometheus/manifests/snmp_exporter.pp_(IaC)_,puppet-prometheus/manifests/statsd_exporter.pp_(IaC)_,puppet-prometheus/manifests/varnish_exporter.pp_(IaC)_,,,,,,,,,,,,,,,,,,,,,,,,,,,,,,,,,,,,
puppet-prometheus/manifests/apache_exporter.pp_(IaC)_,puppet-prometheus/manifests/beanstalkd_exporter.pp_(IaC)_,puppet-prometheus/manifests/bird_exporter.pp_(IaC)_,puppet-prometheus/manifests/blackbox_exporter.pp_(IaC)_,puppet-prometheus/manifests/collectd_exporter.pp_(IaC)_,puppet-prometheus/manifests/consul_exporter.pp_(IaC)_,puppet-prometheus/manifests/elasticsearch_exporter.pp_(IaC)_,puppet-prometheus/manifests/graphite_exporter.pp_(IaC)_,puppet-prometheus/manifests/haproxy_exporter.pp_(IaC)_,puppet-prometheus/manifests/mesos_exporter.pp_(IaC)_,puppet-prometheus/manifests/mongodb_exporter.pp_(IaC)_,puppet-prometheus/manifests/mysqld_exporter.pp_(IaC)_,puppet-prometheus/manifests/nginx_vts_exporter.pp_(IaC)_,puppet-prometheus/manifests/node_exporter.pp_(IaC)_,puppet-prometheus/manifests/postgres_exporter.pp_(IaC)_,puppet-prometheus/manifests/process_exporter.pp_(IaC)_,puppet-prometheus/manifests/rabbitmq_exporter.pp_(IaC)_,puppet-prometheus/manifests/redis_exporter.pp_(IaC)_,puppet-prometheus/manifests/snmp_exporter.pp_(IaC)_,puppet-prometheus/manifests/statsd_exporter.pp_(IaC)_,puppet-prometheus/manifests/varnish_exporter.pp_(IaC)_,,,,,,,,,,,,,,,,,,,,,,,,,,,,,,,,,,,,,,,,,
puppet-prometheus/manifests/process_exporter.pp_(IaC)_,puppet-prometheus/spec/classes/process_exporter_spec.rb_(Other)_,puppet-prometheus/spec/fixtures/files/process-exporter.yaml_(Other)_,,,,,,,,,,,,,,,,,,,,,,,,,,,,,,,,,,,,,,,,,,,,,,,,,,,,,,,,,,,
puppet-prometheus/manifests/daemon.pp_(IaC)_,puppet-prometheus/spec/defines/daemon_spec.rb_(Other)_,,,,,,,,,,,,,,,,,,,,,,,,,,,,,,,,,,,,,,,,,,,,,,,,,,,,,,,,,,,,
puppet-prometheus/manifests/alertmanager.pp_(IaC)_,puppet-prometheus/spec/classes/alertmanager_spec.rb_(Other)_,,,,,,,,,,,,,,,,,,,,,,,,,,,,,,,,,,,,,,,,,,,,,,,,,,,,,,,,,,,,
puppet-prometheus/manifests/config.pp_(IaC)_,puppet-prometheus/manifests/server.pp_(IaC)_,puppet-prometheus/spec/classes/server_spec.rb_(Other)_,,,,,,,,,,,,,,,,,,,,,,,,,,,,,,,,,,,,,,,,,,,,,,,,,,,,,,,,,,,
puppet-prometheus/data/defaults.yaml_(Other)_,puppet-prometheus/manifests/haproxy_exporter.pp_(IaC)_,,,,,,,,,,,,,,,,,,,,,,,,,,,,,,,,,,,,,,,,,,,,,,,,,,,,,,,,,,,,
puppet-prometheus/manifests/install.pp_(IaC)_,puppet-prometheus/spec/classes/prometheus_spec.rb_(Other)_,,,,,,,,,,,,,,,,,,,,,,,,,,,,,,,,,,,,,,,,,,,,,,,,,,,,,,,,,,,,
puppet-prometheus/manifests/daemon.pp_(IaC)_,puppet-prometheus/manifests/scrape_job.pp_(IaC)_,,,,,,,,,,,,,,,,,,,,,,,,,,,,,,,,,,,,,,,,,,,,,,,,,,,,,,,,,,,,
puppet-prometheus/data/defaults.yaml_(Other)_,puppet-prometheus/manifests/config.pp_(IaC)_,puppet-prometheus/manifests/init.pp_(IaC)_,puppet-prometheus/manifests/run_service.pp_(IaC)_,puppet-prometheus/manifests/server.pp_(IaC)_,,,,,,,,,,,,,,,,,,,,,,,,,,,,,,,,,,,,,,,,,,,,,,,,,,,,,,,,,
puppet-prometheus/data/defaults.yaml_(Other)_,puppet-prometheus/manifests/beanstalkd_exporter.pp_(IaC)_,puppet-prometheus/manifests/bird_exporter.pp_(IaC)_,puppet-prometheus/manifests/blackbox_exporter.pp_(IaC)_,puppet-prometheus/manifests/collectd_exporter.pp_(IaC)_,puppet-prometheus/manifests/consul_exporter.pp_(IaC)_,puppet-prometheus/manifests/elasticsearch_exporter.pp_(IaC)_,puppet-prometheus/manifests/graphite_exporter.pp_(IaC)_,puppet-prometheus/manifests/haproxy_exporter.pp_(IaC)_,puppet-prometheus/manifests/mesos_exporter.pp_(IaC)_,puppet-prometheus/manifests/mongodb_exporter.pp_(IaC)_,puppet-prometheus/manifests/mysqld_exporter.pp_(IaC)_,puppet-prometheus/manifests/nginx_vts_exporter.pp_(IaC)_,puppet-prometheus/manifests/node_exporter.pp_(IaC)_,puppet-prometheus/manifests/process_exporter.pp_(IaC)_,puppet-prometheus/manifests/rabbitmq_exporter.pp_(IaC)_,puppet-prometheus/manifests/redis_exporter.pp_(IaC)_,puppet-prometheus/manifests/snmp_exporter.pp_(IaC)_,puppet-prometheus/manifests/statsd_exporter.pp_(IaC)_,puppet-prometheus/manifests/varnish_exporter.pp_(IaC)_,,,,,,,,,,,,,,,,,,,,,,,,,,,,,,,,,,,,,,,,,,
puppet-prometheus/manifests/daemon.pp_(IaC)_,,,,,,,,,,,,,,,,,,,,,,,,,,,,,,,,,,,,,,,,,,,,,,,,,,,,,,,,,,,,,
puppet-prometheus/manifests/init.pp_(IaC)_,,,,,,,,,,,,,,,,,,,,,,,,,,,,,,,,,,,,,,,,,,,,,,,,,,,,,,,,,,,,,
puppet-prometheus/manifests/apache_exporter.pp_(IaC)_,puppet-prometheus/spec/classes/apache_exporter_spec.rb_(Other)_,,,,,,,,,,,,,,,,,,,,,,,,,,,,,,,,,,,,,,,,,,,,,,,,,,,,,,,,,,,,
puppet-prometheus/manifests/scrape_job.pp_(IaC)_,,,,,,,,,,,,,,,,,,,,,,,,,,,,,,,,,,,,,,,,,,,,,,,,,,,,,,,,,,,,,
puppet-prometheus/manifests/daemon.pp_(IaC)_,puppet-prometheus/spec/defines/daemon_spec.rb_(Other)_,,,,,,,,,,,,,,,,,,,,,,,,,,,,,,,,,,,,,,,,,,,,,,,,,,,,,,,,,,,,
puppet-prometheus/data/defaults.yaml_(Other)_,puppet-prometheus/manifests/config.pp_(IaC)_,puppet-prometheus/manifests/init.pp_(IaC)_,puppet-prometheus/spec/classes/prometheus_spec.rb_(Other)_,,,,,,,,,,,,,,,,,,,,,,,,,,,,,,,,,,,,,,,,,,,,,,,,,,,,,,,,,,
puppet-prometheus/data/defaults.yaml_(Other)_,puppet-prometheus/manifests/grok_exporter.pp_(IaC)_,puppet-prometheus/spec/classes/grok_exporter_spec.rb_(Other)_,puppet-prometheus/spec/fixtures/files/grok-exporter.yaml_(Other)_,,,,,,,,,,,,,,,,,,,,,,,,,,,,,,,,,,,,,,,,,,,,,,,,,,,,,,,,,,
puppet-prometheus/manifests/memcached_exporter.pp_(IaC)_,puppet-prometheus/spec/classes/memcached_exporter_spec.rb_(Other)_,,,,,,,,,,,,,,,,,,,,,,,,,,,,,,,,,,,,,,,,,,,,,,,,,,,,,,,,,,,,
puppet-prometheus/manifests/puppetdb_exporter.pp_(IaC)_,puppet-prometheus/spec/classes/puppetdb_exporter_spec.rb_(Other)_,,,,,,,,,,,,,,,,,,,,,,,,,,,,,,,,,,,,,,,,,,,,,,,,,,,,,,,,,,,,
puppet-prometheus/data/defaults.yaml_(Other)_,puppet-prometheus/manifests/pushprox_client.pp_(IaC)_,puppet-prometheus/manifests/pushprox_proxy.pp_(IaC)_,,,,,,,,,,,,,,,,,,,,,,,,,,,,,,,,,,,,,,,,,,,,,,,,,,,,,,,,,,,
puppet-prometheus/manifests/dellhw_exporter.pp_(IaC)_,puppet-prometheus/spec/classes/dellhw_exporter_spec.rb_(Other)_,,,,,,,,,,,,,,,,,,,,,,,,,,,,,,,,,,,,,,,,,,,,,,,,,,,,,,,,,,,,
puppet-prometheus/manifests/dellhw_exporter.pp_(IaC)_,,,,,,,,,,,,,,,,,,,,,,,,,,,,,,,,,,,,,,,,,,,,,,,,,,,,,,,,,,,,,
puppet-prometheus/manifests/alertmanager.pp_(IaC)_,puppet-prometheus/manifests/alerts.pp_(IaC)_,puppet-prometheus/manifests/beanstalkd_exporter.pp_(IaC)_,puppet-prometheus/manifests/bird_exporter.pp_(IaC)_,puppet-prometheus/manifests/blackbox_exporter.pp_(IaC)_,puppet-prometheus/manifests/consul_exporter.pp_(IaC)_,puppet-prometheus/manifests/daemon.pp_(IaC)_,puppet-prometheus/manifests/elasticsearch_exporter.pp_(IaC)_,puppet-prometheus/manifests/graphite_exporter.pp_(IaC)_,puppet-prometheus/manifests/grok_exporter.pp_(IaC)_,puppet-prometheus/manifests/haproxy_exporter.pp_(IaC)_,puppet-prometheus/manifests/memcached_exporter.pp_(IaC)_,puppet-prometheus/manifests/mesos_exporter.pp_(IaC)_,puppet-prometheus/manifests/mongodb_exporter.pp_(IaC)_,puppet-prometheus/manifests/mysqld_exporter.pp_(IaC)_,puppet-prometheus/manifests/node_exporter.pp_(IaC)_,puppet-prometheus/manifests/process_exporter.pp_(IaC)_,puppet-prometheus/manifests/puppetdb_exporter.pp_(IaC)_,puppet-prometheus/manifests/pushgateway.pp_(IaC)_,puppet-prometheus/manifests/pushprox_client.pp_(IaC)_,puppet-prometheus/manifests/pushprox_proxy.pp_(IaC)_,puppet-prometheus/manifests/rabbitmq_exporter.pp_(IaC)_,puppet-prometheus/manifests/redis_exporter.pp_(IaC)_,puppet-prometheus/manifests/snmp_exporter.pp_(IaC)_,puppet-prometheus/manifests/statsd_exporter.pp_(IaC)_,puppet-prometheus/manifests/varnish_exporter.pp_(IaC)_,,,,,,,,,,,,,,,,,,,,,,,,,,,,,,,,,,,,
puppet-prometheus/manifests/bird_exporter.pp_(IaC)_,puppet-prometheus/manifests/graphite_exporter.pp_(IaC)_,puppet-prometheus/manifests/snmp_exporter.pp_(IaC)_,,,,,,,,,,,,,,,,,,,,,,,,,,,,,,,,,,,,,,,,,,,,,,,,,,,,,,,,,,,
puppet-prometheus/manifests/daemon.pp_(IaC)_,,,,,,,,,,,,,,,,,,,,,,,,,,,,,,,,,,,,,,,,,,,,,,,,,,,,,,,,,,,,,
puppet-prometheus/manifests/daemon.pp_(IaC)_,,,,,,,,,,,,,,,,,,,,,,,,,,,,,,,,,,,,,,,,,,,,,,,,,,,,,,,,,,,,,
puppet-prometheus/manifests/daemon.pp_(IaC)_,,,,,,,,,,,,,,,,,,,,,,,,,,,,,,,,,,,,,,,,,,,,,,,,,,,,,,,,,,,,,
puppet-prometheus/manifests/alertmanager.pp_(IaC)_,puppet-prometheus/manifests/alerts.pp_(IaC)_,puppet-prometheus/manifests/apache_exporter.pp_(IaC)_,puppet-prometheus/manifests/beanstalkd_exporter.pp_(IaC)_,puppet-prometheus/manifests/bird_exporter.pp_(IaC)_,puppet-prometheus/manifests/blackbox_exporter.pp_(IaC)_,puppet-prometheus/manifests/collectd_exporter.pp_(IaC)_,puppet-prometheus/manifests/config.pp_(IaC)_,puppet-prometheus/manifests/consul_exporter.pp_(IaC)_,puppet-prometheus/manifests/daemon.pp_(IaC)_,puppet-prometheus/manifests/dellhw_exporter.pp_(IaC)_,puppet-prometheus/manifests/elasticsearch_exporter.pp_(IaC)_,puppet-prometheus/manifests/graphite_exporter.pp_(IaC)_,puppet-prometheus/manifests/grok_exporter.pp_(IaC)_,puppet-prometheus/manifests/haproxy_exporter.pp_(IaC)_,puppet-prometheus/manifests/init.pp_(IaC)_,puppet-prometheus/manifests/install.pp_(IaC)_,puppet-prometheus/manifests/memcached_exporter.pp_(IaC)_,puppet-prometheus/manifests/mesos_exporter.pp_(IaC)_,puppet-prometheus/manifests/mongodb_exporter.pp_(IaC)_,puppet-prometheus/manifests/mysqld_exporter.pp_(IaC)_,puppet-prometheus/manifests/nginx_vts_exporter.pp_(IaC)_,puppet-prometheus/manifests/node_exporter.pp_(IaC)_,puppet-prometheus/manifests/postgres_exporter.pp_(IaC)_,puppet-prometheus/manifests/process_exporter.pp_(IaC)_,puppet-prometheus/manifests/puppetdb_exporter.pp_(IaC)_,puppet-prometheus/manifests/pushgateway.pp_(IaC)_,puppet-prometheus/manifests/pushprox_client.pp_(IaC)_,puppet-prometheus/manifests/pushprox_proxy.pp_(IaC)_,puppet-prometheus/manifests/rabbitmq_exporter.pp_(IaC)_,puppet-prometheus/manifests/redis_exporter.pp_(IaC)_,puppet-prometheus/manifests/run_service.pp_(IaC)_,puppet-prometheus/manifests/scrape_job.pp_(IaC)_,puppet-prometheus/manifests/server.pp_(IaC)_,puppet-prometheus/manifests/service_reload.pp_(IaC)_,puppet-prometheus/manifests/snmp_exporter.pp_(IaC)_,puppet-prometheus/manifests/statsd_exporter.pp_(IaC)_,puppet-prometheus/manifests/varnish_exporter.pp_(IaC)_,puppet-prometheus/spec/classes/snmp_exporter_spec.rb_(Other)_,,,,,,,,,,,,,,,,,,,,,,,
puppet-prometheus/manifests/dellhw_exporter.pp_(IaC)_,,,,,,,,,,,,,,,,,,,,,,,,,,,,,,,,,,,,,,,,,,,,,,,,,,,,,,,,,,,,,
puppet-prometheus/manifests/dellhw_exporter.pp_(IaC)_,,,,,,,,,,,,,,,,,,,,,,,,,,,,,,,,,,,,,,,,,,,,,,,,,,,,,,,,,,,,,
puppet-prometheus/manifests/dellhw_exporter.pp_(IaC)_,,,,,,,,,,,,,,,,,,,,,,,,,,,,,,,,,,,,,,,,,,,,,,,,,,,,,,,,,,,,,
puppet-prometheus/spec/type_aliases/gsuri_spec.rb_(Other)_,puppet-prometheus/types/gsuri.pp_(IaC)_,puppet-prometheus/types/uri.pp_(IaC)_,,,,,,,,,,,,,,,,,,,,,,,,,,,,,,,,,,,,,,,,,,,,,,,,,,,,,,,,,,,
puppet-prometheus/manifests/init.pp_(IaC)_,puppet-prometheus/metadata.json_(Other)_,,,,,,,,,,,,,,,,,,,,,,,,,,,,,,,,,,,,,,,,,,,,,,,,,,,,,,,,,,,,
puppet-prometheus/manifests/apache_exporter.pp_(IaC)_,puppet-prometheus/manifests/beanstalkd_exporter.pp_(IaC)_,puppet-prometheus/manifests/bird_exporter.pp_(IaC)_,puppet-prometheus/manifests/blackbox_exporter.pp_(IaC)_,puppet-prometheus/manifests/collectd_exporter.pp_(IaC)_,puppet-prometheus/manifests/consul_exporter.pp_(IaC)_,puppet-prometheus/manifests/dellhw_exporter.pp_(IaC)_,puppet-prometheus/manifests/elasticsearch_exporter.pp_(IaC)_,puppet-prometheus/manifests/graphite_exporter.pp_(IaC)_,puppet-prometheus/manifests/grok_exporter.pp_(IaC)_,puppet-prometheus/manifests/haproxy_exporter.pp_(IaC)_,puppet-prometheus/manifests/memcached_exporter.pp_(IaC)_,puppet-prometheus/manifests/mesos_exporter.pp_(IaC)_,puppet-prometheus/manifests/mongodb_exporter.pp_(IaC)_,puppet-prometheus/manifests/mysqld_exporter.pp_(IaC)_,puppet-prometheus/manifests/nginx_vts_exporter.pp_(IaC)_,puppet-prometheus/manifests/node_exporter.pp_(IaC)_,puppet-prometheus/manifests/postfix_exporter.pp_(IaC)_,puppet-prometheus/manifests/postgres_exporter.pp_(IaC)_,puppet-prometheus/manifests/process_exporter.pp_(IaC)_,puppet-prometheus/manifests/puppetdb_exporter.pp_(IaC)_,puppet-prometheus/manifests/rabbitmq_exporter.pp_(IaC)_,puppet-prometheus/manifests/redis_exporter.pp_(IaC)_,puppet-prometheus/manifests/snmp_exporter.pp_(IaC)_,puppet-prometheus/manifests/statsd_exporter.pp_(IaC)_,puppet-prometheus/manifests/varnish_exporter.pp_(IaC)_,,,,,,,,,,,,,,,,,,,,,,,,,,,,,,,,,,,,
puppet-prometheus/manifests/postfix_exporter.pp_(IaC)_,,,,,,,,,,,,,,,,,,,,,,,,,,,,,,,,,,,,,,,,,,,,,,,,,,,,,,,,,,,,,
puppet-prometheus/manifests/config.pp_(IaC)_,puppet-prometheus/manifests/init.pp_(IaC)_,puppet-prometheus/manifests/server.pp_(IaC)_,,,,,,,,,,,,,,,,,,,,,,,,,,,,,,,,,,,,,,,,,,,,,,,,,,,,,,,,,,,
puppet-prometheus/manifests/apache_exporter.pp_(IaC)_,puppet-prometheus/manifests/beanstalkd_exporter.pp_(IaC)_,puppet-prometheus/manifests/bird_exporter.pp_(IaC)_,puppet-prometheus/manifests/blackbox_exporter.pp_(IaC)_,puppet-prometheus/manifests/collectd_exporter.pp_(IaC)_,puppet-prometheus/manifests/consul_exporter.pp_(IaC)_,puppet-prometheus/manifests/daemon.pp_(IaC)_,puppet-prometheus/manifests/dellhw_exporter.pp_(IaC)_,puppet-prometheus/manifests/elasticsearch_exporter.pp_(IaC)_,puppet-prometheus/manifests/graphite_exporter.pp_(IaC)_,puppet-prometheus/manifests/grok_exporter.pp_(IaC)_,puppet-prometheus/manifests/haproxy_exporter.pp_(IaC)_,puppet-prometheus/manifests/memcached_exporter.pp_(IaC)_,puppet-prometheus/manifests/mesos_exporter.pp_(IaC)_,puppet-prometheus/manifests/mongodb_exporter.pp_(IaC)_,puppet-prometheus/manifests/mysqld_exporter.pp_(IaC)_,puppet-prometheus/manifests/node_exporter.pp_(IaC)_,puppet-prometheus/manifests/postgres_exporter.pp_(IaC)_,puppet-prometheus/manifests/process_exporter.pp_(IaC)_,puppet-prometheus/manifests/puppetdb_exporter.pp_(IaC)_,puppet-prometheus/manifests/rabbitmq_exporter.pp_(IaC)_,puppet-prometheus/manifests/redis_exporter.pp_(IaC)_,puppet-prometheus/manifests/snmp_exporter.pp_(IaC)_,puppet-prometheus/manifests/statsd_exporter.pp_(IaC)_,puppet-prometheus/manifests/varnish_exporter.pp_(IaC)_,puppet-prometheus/types/install.pp_(IaC)_,,,,,,,,,,,,,,,,,,,,,,,,,,,,,,,,,,,,
puppet-prometheus/.sync.yml_(Other)_,puppet-prometheus/.travis.yml_(Other)_,puppet-prometheus/manifests/alertmanager.pp_(IaC)_,puppet-prometheus/manifests/config.pp_(IaC)_,puppet-prometheus/manifests/daemon.pp_(IaC)_,puppet-prometheus/manifests/service_reload.pp_(IaC)_,puppet-prometheus/metadata.json_(Other)_,puppet-prometheus/spec/classes/prometheus_spec.rb_(Other)_,puppet-prometheus/spec/classes/server_spec.rb_(Other)_,puppet-prometheus/spec/defines/daemon_spec.rb_(Other)_,puppet-prometheus/spec/spec_helper_methods.rb_(Other)_,puppet-prometheus/types/initstyle.pp_(IaC)_,,,,,,,,,,,,,,,,,,,,,,,,,,,,,,,,,,,,,,,,,,,,,,,,,,
puppet-prometheus/manifests/bird_exporter.pp_(IaC)_,puppet-prometheus/manifests/daemon.pp_(IaC)_,puppet-prometheus/spec/classes/apache_exporter_spec.rb_(Other)_,puppet-prometheus/spec/classes/bird_exporter_spec.rb_(Other)_,puppet-prometheus/spec/classes/node_exporter_spec.rb_(Other)_,puppet-prometheus/templates/daemon.env.erb_(Other)_,puppet-prometheus/templates/daemon.systemd.erb_(Other)_,,,,,,,,,,,,,,,,,,,,,,,,,,,,,,,,,,,,,,,,,,,,,,,,,,,,,,,
puppet-prometheus/manifests/config.pp_(IaC)_,,,,,,,,,,,,,,,,,,,,,,,,,,,,,,,,,,,,,,,,,,,,,,,,,,,,,,,,,,,,,
puppet-prometheus/manifests/init.pp_(IaC)_,,,,,,,,,,,,,,,,,,,,,,,,,,,,,,,,,,,,,,,,,,,,,,,,,,,,,,,,,,,,,
puppet-prometheus/manifests/alertmanager.pp_(IaC)_,puppet-prometheus/manifests/config.pp_(IaC)_,puppet-prometheus/manifests/daemon.pp_(IaC)_,puppet-prometheus/manifests/service_reload.pp_(IaC)_,puppet-prometheus/metadata.json_(Other)_,puppet-prometheus/spec/classes/bird_exporter_spec.rb_(Other)_,puppet-prometheus/spec/classes/node_exporter_spec.rb_(Other)_,puppet-prometheus/spec/classes/prometheus_spec.rb_(Other)_,puppet-prometheus/spec/defines/daemon_spec.rb_(Other)_,puppet-prometheus/spec/spec_helper_methods.rb_(Other)_,puppet-prometheus/types/initstyle.pp_(IaC)_,,,,,,,,,,,,,,,,,,,,,,,,,,,,,,,,,,,,,,,,,,,,,,,,,,,
puppet-prometheus/manifests/unbound_exporter.pp_(IaC)_,puppet-prometheus/spec/classes/unbound_exporter_spec.rb_(Other)_,,,,,,,,,,,,,,,,,,,,,,,,,,,,,,,,,,,,,,,,,,,,,,,,,,,,,,,,,,,,
puppet-prometheus/manifests/puppetdb_exporter.pp_(IaC)_,puppet-prometheus/spec/classes/puppetdb_exporter_spec.rb_(Other)_,,,,,,,,,,,,,,,,,,,,,,,,,,,,,,,,,,,,,,,,,,,,,,,,,,,,,,,,,,,,
puppet-prometheus/manifests/apache_exporter.pp_(IaC)_,puppet-prometheus/manifests/beanstalkd_exporter.pp_(IaC)_,puppet-prometheus/manifests/blackbox_exporter.pp_(IaC)_,puppet-prometheus/manifests/collectd_exporter.pp_(IaC)_,puppet-prometheus/manifests/consul_exporter.pp_(IaC)_,puppet-prometheus/manifests/dellhw_exporter.pp_(IaC)_,puppet-prometheus/manifests/elasticsearch_exporter.pp_(IaC)_,puppet-prometheus/manifests/graphite_exporter.pp_(IaC)_,puppet-prometheus/manifests/grok_exporter.pp_(IaC)_,puppet-prometheus/manifests/haproxy_exporter.pp_(IaC)_,puppet-prometheus/manifests/memcached_exporter.pp_(IaC)_,puppet-prometheus/manifests/mesos_exporter.pp_(IaC)_,puppet-prometheus/manifests/mongodb_exporter.pp_(IaC)_,puppet-prometheus/manifests/mysqld_exporter.pp_(IaC)_,puppet-prometheus/manifests/node_exporter.pp_(IaC)_,puppet-prometheus/manifests/postgres_exporter.pp_(IaC)_,puppet-prometheus/manifests/process_exporter.pp_(IaC)_,puppet-prometheus/manifests/puppetdb_exporter.pp_(IaC)_,puppet-prometheus/manifests/rabbitmq_exporter.pp_(IaC)_,puppet-prometheus/manifests/redis_exporter.pp_(IaC)_,puppet-prometheus/manifests/snmp_exporter.pp_(IaC)_,puppet-prometheus/manifests/statsd_exporter.pp_(IaC)_,puppet-prometheus/manifests/varnish_exporter.pp_(IaC)_,puppet-prometheus/spec/classes/node_exporter_spec.rb_(Other)_,,,,,,,,,,,,,,,,,,,,,,,,,,,,,,,,,,,,,,
puppet-prometheus/manifests/config.pp_(IaC)_,,,,,,,,,,,,,,,,,,,,,,,,,,,,,,,,,,,,,,,,,,,,,,,,,,,,,,,,,,,,,
puppet-prometheus/data/defaults.yaml_(Other)_,puppet-prometheus/manifests/beanstalkd_exporter.pp_(IaC)_,puppet-prometheus/spec/classes/beanstalkd_exporter_spec.rb_(Other)_,,,,,,,,,,,,,,,,,,,,,,,,,,,,,,,,,,,,,,,,,,,,,,,,,,,,,,,,,,,
puppet-prometheus/manifests/ipmi_exporter.pp_(IaC)_,puppet-prometheus/spec/classes/ipmi_exporter_spec.rb_(Other)_,puppet-prometheus/spec/classes/node_exporter_spec.rb_(Other)_,,,,,,,,,,,,,,,,,,,,,,,,,,,,,,,,,,,,,,,,,,,,,,,,,,,,,,,,,,,
puppet-prometheus/manifests/bind_exporter.pp_(IaC)_,puppet-prometheus/spec/acceptance/bind_exporter_spec.rb_(Other)_,puppet-prometheus/spec/classes/bind_exporter_spec.rb_(Other)_,,,,,,,,,,,,,,,,,,,,,,,,,,,,,,,,,,,,,,,,,,,,,,,,,,,,,,,,,,,
puppet-prometheus/manifests/config.pp_(IaC)_,,,,,,,,,,,,,,,,,,,,,,,,,,,,,,,,,,,,,,,,,,,,,,,,,,,,,,,,,,,,,
puppet-prometheus/manifests/daemon.pp_(IaC)_,puppet-prometheus/templates/daemon.env.epp_(Other)_,puppet-prometheus/templates/daemon.env.erb_(Other)_,,,,,,,,,,,,,,,,,,,,,,,,,,,,,,,,,,,,,,,,,,,,,,,,,,,,,,,,,,,
puppet-prometheus/manifests/daemon.pp_(IaC)_,,,,,,,,,,,,,,,,,,,,,,,,,,,,,,,,,,,,,,,,,,,,,,,,,,,,,,,,,,,,,
puppet-prometheus/manifests/daemon.pp_(IaC)_,,,,,,,,,,,,,,,,,,,,,,,,,,,,,,,,,,,,,,,,,,,,,,,,,,,,,,,,,,,,,
puppet-prometheus/manifests/daemon.pp_(IaC)_,,,,,,,,,,,,,,,,,,,,,,,,,,,,,,,,,,,,,,,,,,,,,,,,,,,,,,,,,,,,,
puppet-prometheus/manifests/daemon.pp_(IaC)_,,,,,,,,,,,,,,,,,,,,,,,,,,,,,,,,,,,,,,,,,,,,,,,,,,,,,,,,,,,,,
puppet-prometheus/manifests/bird_exporter.pp_(IaC)_,puppet-prometheus/spec/classes/bird_exporter_spec.rb_(Other)_,,,,,,,,,,,,,,,,,,,,,,,,,,,,,,,,,,,,,,,,,,,,,,,,,,,,,,,,,,,,
puppet-prometheus/manifests/apache_exporter.pp_(IaC)_,puppet-prometheus/spec/classes/apache_exporter_spec.rb_(Other)_,,,,,,,,,,,,,,,,,,,,,,,,,,,,,,,,,,,,,,,,,,,,,,,,,,,,,,,,,,,,
puppet-prometheus/data/defaults.yaml_(Other)_,puppet-prometheus/manifests/config.pp_(IaC)_,puppet-prometheus/manifests/init.pp_(IaC)_,puppet-prometheus/manifests/server.pp_(IaC)_,puppet-prometheus/spec/acceptance/prometheus_server_spec.rb_(Other)_,puppet-prometheus/spec/classes/server_spec.rb_(Other)_,puppet-prometheus/templates/prometheus.yaml.erb_(Other)_,,,,,,,,,,,,,,,,,,,,,,,,,,,,,,,,,,,,,,,,,,,,,,,,,,,,,,,
puppet-prometheus/manifests/ipsec_exporter.pp_(IaC)_,puppet-prometheus/spec/acceptance/ipsec_exporter_spec.rb_(Other)_,puppet-prometheus/spec/classes/ipsec_exporter_spec.rb_(Other)_,,,,,,,,,,,,,,,,,,,,,,,,,,,,,,,,,,,,,,,,,,,,,,,,,,,,,,,,,,,
puppet-prometheus/data/defaults.yaml_(Other)_,puppet-prometheus/manifests/mongodb_exporter.pp_(IaC)_,puppet-prometheus/spec/classes/mongodb_exporter_spec.rb_(Other)_,,,,,,,,,,,,,,,,,,,,,,,,,,,,,,,,,,,,,,,,,,,,,,,,,,,,,,,,,,,
puppet-prometheus/manifests/openldap_exporter.pp_(IaC)_,puppet-prometheus/spec/acceptance/openldap_exporter_spec.rb_(Other)_,puppet-prometheus/spec/classes/openldap_exporter_spec.rb_(Other)_,,,,,,,,,,,,,,,,,,,,,,,,,,,,,,,,,,,,,,,,,,,,,,,,,,,,,,,,,,,
puppet-prometheus/data/defaults.yaml_(Other)_,puppet-prometheus/manifests/openvpn_exporter.pp_(IaC)_,puppet-prometheus/spec/acceptance/openvpn_exporter_spec.rb_(Other)_,puppet-prometheus/spec/classes/openvpn_exporter_spec.rb_(Other)_,,,,,,,,,,,,,,,,,,,,,,,,,,,,,,,,,,,,,,,,,,,,,,,,,,,,,,,,,,
puppet-prometheus/manifests/openvpn_exporter.pp_(IaC)_,,,,,,,,,,,,,,,,,,,,,,,,,,,,,,,,,,,,,,,,,,,,,,,,,,,,,,,,,,,,,
puppet-prometheus/data/defaults.yaml_(Other)_,puppet-prometheus/manifests/openvpn_exporter.pp_(IaC)_,,,,,,,,,,,,,,,,,,,,,,,,,,,,,,,,,,,,,,,,,,,,,,,,,,,,,,,,,,,,
puppet-prometheus/manifests/beanstalkd_exporter.pp_(IaC)_,puppet-prometheus/manifests/bird_exporter.pp_(IaC)_,puppet-prometheus/manifests/blackbox_exporter.pp_(IaC)_,puppet-prometheus/manifests/collectd_exporter.pp_(IaC)_,puppet-prometheus/manifests/consul_exporter.pp_(IaC)_,puppet-prometheus/manifests/dellhw_exporter.pp_(IaC)_,puppet-prometheus/manifests/elasticsearch_exporter.pp_(IaC)_,puppet-prometheus/manifests/graphite_exporter.pp_(IaC)_,puppet-prometheus/manifests/ipmi_exporter.pp_(IaC)_,puppet-prometheus/manifests/memcached_exporter.pp_(IaC)_,puppet-prometheus/manifests/mesos_exporter.pp_(IaC)_,puppet-prometheus/manifests/mongodb_exporter.pp_(IaC)_,puppet-prometheus/manifests/node_exporter.pp_(IaC)_,puppet-prometheus/manifests/openldap_exporter.pp_(IaC)_,puppet-prometheus/manifests/postgres_exporter.pp_(IaC)_,puppet-prometheus/manifests/puppetdb_exporter.pp_(IaC)_,puppet-prometheus/manifests/rabbitmq_exporter.pp_(IaC)_,puppet-prometheus/manifests/redis_exporter.pp_(IaC)_,puppet-prometheus/manifests/snmp_exporter.pp_(IaC)_,puppet-prometheus/manifests/unbound_exporter.pp_(IaC)_,,,,,,,,,,,,,,,,,,,,,,,,,,,,,,,,,,,,,,,,,,
puppet-prometheus/manifests/openvpn_exporter.pp_(IaC)_,,,,,,,,,,,,,,,,,,,,,,,,,,,,,,,,,,,,,,,,,,,,,,,,,,,,,,,,,,,,,
puppet-prometheus/manifests/bird_exporter.pp_(IaC)_,puppet-prometheus/manifests/blackbox_exporter.pp_(IaC)_,puppet-prometheus/manifests/consul_exporter.pp_(IaC)_,puppet-prometheus/manifests/dellhw_exporter.pp_(IaC)_,puppet-prometheus/manifests/elasticsearch_exporter.pp_(IaC)_,puppet-prometheus/manifests/graphite_exporter.pp_(IaC)_,puppet-prometheus/manifests/haproxy_exporter.pp_(IaC)_,puppet-prometheus/manifests/ipmi_exporter.pp_(IaC)_,puppet-prometheus/manifests/ipsec_exporter.pp_(IaC)_,puppet-prometheus/manifests/memcached_exporter.pp_(IaC)_,puppet-prometheus/manifests/mesos_exporter.pp_(IaC)_,puppet-prometheus/manifests/mongodb_exporter.pp_(IaC)_,puppet-prometheus/manifests/nginx_vts_exporter.pp_(IaC)_,puppet-prometheus/manifests/node_exporter.pp_(IaC)_,puppet-prometheus/manifests/openldap_exporter.pp_(IaC)_,puppet-prometheus/manifests/postgres_exporter.pp_(IaC)_,puppet-prometheus/manifests/puppetdb_exporter.pp_(IaC)_,puppet-prometheus/manifests/rabbitmq_exporter.pp_(IaC)_,puppet-prometheus/manifests/redis_exporter.pp_(IaC)_,puppet-prometheus/manifests/snmp_exporter.pp_(IaC)_,puppet-prometheus/manifests/unbound_exporter.pp_(IaC)_,puppet-prometheus/manifests/varnish_exporter.pp_(IaC)_,,,,,,,,,,,,,,,,,,,,,,,,,,,,,,,,,,,,,,,,
puppet-prometheus/manifests/bind_exporter.pp_(IaC)_,puppet-prometheus/manifests/nginx_vts_exporter.pp_(IaC)_,puppet-prometheus/manifests/postfix_exporter.pp_(IaC)_,puppet-prometheus/manifests/unbound_exporter.pp_(IaC)_,,,,,,,,,,,,,,,,,,,,,,,,,,,,,,,,,,,,,,,,,,,,,,,,,,,,,,,,,,
puppet-prometheus/manifests/bind_exporter.pp_(IaC)_,puppet-prometheus/manifests/nginx_vts_exporter.pp_(IaC)_,,,,,,,,,,,,,,,,,,,,,,,,,,,,,,,,,,,,,,,,,,,,,,,,,,,,,,,,,,,,
puppet-prometheus/types/uri.pp_(IaC)_,,,,,,,,,,,,,,,,,,,,,,,,,,,,,,,,,,,,,,,,,,,,,,,,,,,,,,,,,,,,,
puppet-prometheus/manifests/ipmi_exporter.pp_(IaC)_,puppet-prometheus/spec/acceptance/ipmi_exporter_spec.rb_(Other)_,puppet-prometheus/spec/classes/ipmi_exporter_spec.rb_(Other)_,puppet-prometheus/templates/ipmi_exporter.yaml.epp_(Other)_,,,,,,,,,,,,,,,,,,,,,,,,,,,,,,,,,,,,,,,,,,,,,,,,,,,,,,,,,,
puppet-prometheus/data/defaults.yaml_(Other)_,puppet-prometheus/manifests/alertmanager.pp_(IaC)_,puppet-prometheus/spec/classes/alertmanager_spec.rb_(Other)_,puppet-prometheus/templates/alertmanager.yaml.erb_(Other)_,,,,,,,,,,,,,,,,,,,,,,,,,,,,,,,,,,,,,,,,,,,,,,,,,,,,,,,,,,
puppet-prometheus/manifests/ipmi_exporter.pp_(IaC)_,,,,,,,,,,,,,,,,,,,,,,,,,,,,,,,,,,,,,,,,,,,,,,,,,,,,,,,,,,,,,
puppet-prometheus/manifests/ipmi_exporter.pp_(IaC)_,puppet-prometheus/spec/acceptance/ipmi_exporter_spec.rb_(Other)_,puppet-prometheus/spec/default_module_facts.yml_(Other)_,,,,,,,,,,,,,,,,,,,,,,,,,,,,,,,,,,,,,,,,,,,,,,,,,,,,,,,,,,,
puppet-prometheus/manifests/ssh_exporter.pp_(IaC)_,puppet-prometheus/spec/acceptance/ssh_exporter_spec.rb_(Other)_,puppet-prometheus/spec/classes/ssh_exporter_spec.rb_(Other)_,puppet-prometheus/templates/ssh_exporter.yaml.epp_(Other)_,,,,,,,,,,,,,,,,,,,,,,,,,,,,,,,,,,,,,,,,,,,,,,,,,,,,,,,,,,
puppet-prometheus/manifests/ssl_exporter.pp_(IaC)_,puppet-prometheus/spec/acceptance/ssl_exporter_spec.rb_(Other)_,puppet-prometheus/spec/classes/ssl_exporter_spec.rb_(Other)_,puppet-prometheus/templates/ssl_exporter.yaml.epp_(Other)_,,,,,,,,,,,,,,,,,,,,,,,,,,,,,,,,,,,,,,,,,,,,,,,,,,,,,,,,,,