NB_recommended_files,Best_solution,Recommended_files,Co_modified_files,Commits_hash,PRECISION,RECALL,FSCORE,SUCCESS_RATE,MRR
[3],"[[590, 652, 646, 219, 648, 108, 175, 155, 366, 602]]","[['iiab/roles/bluetooth/tasks/main.yml_(IaC)_', 'iiab/roles/2-common/tasks/centos.yml.unused_(IaC)_', 'iiab/roles/2-common/tasks/packages.yml_(IaC)_', 'iiab/roles/phpmyadmin/tasks/main.yml_(IaC)_', 'iiab/roles/2-common/tasks/fl.yml_(IaC)_', 'iiab/roles/calibre-web/templates/calibre-web.conf.j2.unused_(Other)_', 'iiab/roles/wordpress/tasks/nginx.yml_(IaC)_', 'iiab/roles/nodered/tasks/apache.yml_(IaC)_', 'iiab/roles/network/tasks/hostapd.yml_(IaC)_', 'iiab/roles/mysql/tasks/install.yml_(IaC)_']]","[['iiab/roles/2-common/tasks/packages.yml_(IaC)_', 'iiab/roles/iiab-admin/templates/sshpwd-lxde-iiab.sh.j2_(Other)_', 'iiab/roles/jupyterhub/tasks/install.yml_(IaC)_', 'iiab/roles/kalite/tasks/install.yml_(IaC)_']]",['8aef9d8fc87a83214ff2f059f2f465b3c96a6d8a'],[0.3333333333333333],[0.25],[0.28571428571428575],[1],[0.3333333333333333]
[3],"[[649, 354, 708, 683, 666, 345, 654, 128, 54, 570]]","[['iiab/roles/2-common/tasks/xo.yml.unused_(IaC)_', 'iiab/roles/network/tasks/detected_network.yml_(IaC)_', 'iiab/roles/cups/tasks/nginx.yml_(IaC)_', 'iiab/roles/1-prep/tasks/raspberry_pi.yml_(IaC)_', 'iiab/roles/transmission/tasks/install.yml_(IaC)_', 'iiab/roles/sugarizer/tasks/install.yml_(IaC)_', 'iiab/roles/2-common/tasks/main.yml_(IaC)_', 'iiab/roles/firmware/tasks/install.yml_(IaC)_', 'iiab/roles/www_base/files/html/css/bootstrap-theme.min.css.map_(Other)_', 'iiab/roles/samba/defaults/main.yml_(Other)_']]","[['iiab/roles/2-common/tasks/packages.yml_(IaC)_', 'iiab/roles/iiab-admin/templates/sshpwd-lxde-iiab.sh.j2_(Other)_', 'iiab/roles/jupyterhub/tasks/install.yml_(IaC)_', 'iiab/roles/kalite/tasks/install.yml_(IaC)_']]",['8aef9d8fc87a83214ff2f059f2f465b3c96a6d8a'],[0.0],[0.0],[0],[0],[0]
[3],"[[653, 646, 140, 497, 693, 664, 717, 187, 654, 133]]","[['iiab/roles/2-common/tasks/fedora.yml.unused_(IaC)_', 'iiab/roles/2-common/tasks/packages.yml_(IaC)_', 'iiab/roles/kiwix/tasks/apache.yml.unused_(IaC)_', 'iiab/roles/yarn/tasks/main.yml_(IaC)_', 'iiab/roles/4-server-options/tasks/main.yml_(IaC)_', 'iiab/roles/2-common/templates/iiab-startup.sh_(Other)_', 'iiab/roles/azuracast/tasks/main.yml_(IaC)_', 'iiab/roles/sshd/tasks/main.yml_(IaC)_', 'iiab/roles/2-common/tasks/main.yml_(IaC)_', 'iiab/roles/calibre/tasks/py-installer.yml_(IaC)_']]","[['iiab/roles/2-common/tasks/packages.yml_(IaC)_', 'iiab/roles/iiab-admin/templates/sshpwd-lxde-iiab.sh.j2_(Other)_', 'iiab/roles/jupyterhub/tasks/install.yml_(IaC)_', 'iiab/roles/kalite/tasks/install.yml_(IaC)_']]",['8aef9d8fc87a83214ff2f059f2f465b3c96a6d8a'],[0.3333333333333333],[0.25],[0.28571428571428575],[1],[0.5]
[3],"[[654, 646, 306, 237, 602, 603, 144, 525, 647, 134]]","[['iiab/roles/2-common/tasks/main.yml_(IaC)_', 'iiab/roles/2-common/tasks/packages.yml_(IaC)_', 'iiab/roles/0-DEPRECATED-ROLES/xovis/tasks/main.yml_(IaC)_', 'iiab/roles/0-DEPRECATED-ROLES/sugar-stats/templates/statistics-consolidation/stats-consolidation.logrotate_(Other)_', 'iiab/roles/mysql/tasks/install.yml_(IaC)_', 'iiab/roles/mysql/tasks/fedora.yml.unused_(IaC)_', 'iiab/roles/kiwix/tasks/kiwix-apk.yml_(IaC)_', 'iiab/roles/kalite/templates/f18/kalite-cron.service.j2_(Other)_', 'iiab/roles/2-common/tasks/net_mods.yml.unused_(IaC)_', 'iiab/roles/calibre/tasks/install.yml_(IaC)_']]","[['iiab/roles/2-common/tasks/packages.yml_(IaC)_', 'iiab/roles/iiab-admin/templates/sshpwd-lxde-iiab.sh.j2_(Other)_', 'iiab/roles/jupyterhub/tasks/install.yml_(IaC)_', 'iiab/roles/kalite/tasks/install.yml_(IaC)_']]",['8aef9d8fc87a83214ff2f059f2f465b3c96a6d8a'],[0.3333333333333333],[0.25],[0.28571428571428575],[1],[0.5]
[3],"[[697, 649, 645, 454, 125, 376, 443, 574, 628, 233]]","[['iiab/roles/mediawiki/tasks/install.yml_(IaC)_', 'iiab/roles/2-common/tasks/xo.yml.unused_(IaC)_', 'iiab/roles/2-common/tasks/prep.yml.unused_(IaC)_', 'iiab/roles/usb_lib/tasks/install.yml_(IaC)_', 'iiab/roles/nodejs/tasks/main.yml_(IaC)_', 'iiab/roles/network/tasks/fedora/edit_ifcfg.yml_(IaC)_', 'iiab/roles/network/templates/named/school.internal.zone.16.in-addr.db.j2_(Other)_', 'iiab/roles/nginx/tasks/install.yml_(IaC)_', 'iiab/roles/internetarchive/tasks/install.yml_(IaC)_', 'iiab/roles/awstats/templates/logrotate.d.apache2.unused_(Other)_']]","[['iiab/roles/2-common/tasks/packages.yml_(IaC)_', 'iiab/roles/iiab-admin/templates/sshpwd-lxde-iiab.sh.j2_(Other)_', 'iiab/roles/jupyterhub/tasks/install.yml_(IaC)_', 'iiab/roles/kalite/tasks/install.yml_(IaC)_']]",['8aef9d8fc87a83214ff2f059f2f465b3c96a6d8a'],[0.0],[0.0],[0],[0],[0]
[3],"[[654, 646, 498, 687, 167, 331, 219, 626, 486, 488]]","[['iiab/roles/2-common/tasks/main.yml_(IaC)_', 'iiab/roles/2-common/tasks/packages.yml_(IaC)_', 'iiab/roles/9-local-addons/tasks/main.yml_(IaC)_', 'iiab/roles/1-prep/tasks/main.yml_(IaC)_', 'iiab/roles/minetest/tasks/provision.yml_(IaC)_', 'iiab/roles/0-DEPRECATED-ROLES/ejabberd_xs/templates/ejabberd-xs.init_(Other)_', 'iiab/roles/phpmyadmin/tasks/main.yml_(IaC)_', 'iiab/roles/internetarchive/tasks/apache.yml.unused_(IaC)_', 'iiab/roles/munin/tasks/apache.yml.unused_(IaC)_', 'iiab/roles/munin/tasks/install.yml_(IaC)_']]","[['iiab/roles/2-common/tasks/packages.yml_(IaC)_', 'iiab/roles/iiab-admin/templates/sshpwd-lxde-iiab.sh.j2_(Other)_', 'iiab/roles/jupyterhub/tasks/install.yml_(IaC)_', 'iiab/roles/kalite/tasks/install.yml_(IaC)_']]",['8aef9d8fc87a83214ff2f059f2f465b3c96a6d8a'],[0.3333333333333333],[0.25],[0.28571428571428575],[1],[0.5]
[3],"[[649, 45, 124, 347, 650, 465, 483, 675, 496, 440]]","[['iiab/roles/2-common/tasks/xo.yml.unused_(IaC)_', 'iiab/roles/mosquitto/tasks/main.yml_(IaC)_', 'iiab/roles/nodejs/tasks/install.yml_(IaC)_', 'iiab/roles/sugarizer/tasks/main.yml_(IaC)_', 'iiab/roles/2-common/tasks/yum-historical.yml.unused_(IaC)_', 'iiab/roles/pbx/tasks/apache.yml_(IaC)_', 'iiab/roles/pbx/templates/pjsip_custom.conf_(Other)_', 'iiab/roles/0-init/tasks/main.yml_(IaC)_', 'iiab/roles/yarn/tasks/install.yml_(IaC)_', 'iiab/roles/network/templates/named/named-iiab.conf.j2_(Other)_']]","[['iiab/roles/2-common/tasks/packages.yml_(IaC)_', 'iiab/roles/iiab-admin/templates/sshpwd-lxde-iiab.sh.j2_(Other)_', 'iiab/roles/jupyterhub/tasks/install.yml_(IaC)_', 'iiab/roles/kalite/tasks/install.yml_(IaC)_']]",['8aef9d8fc87a83214ff2f059f2f465b3c96a6d8a'],[0.0],[0.0],[0],[0],[0]
[3],"[[654, 569, 646, 634, 647, 463, 582, 135, 166, 427]]","[['iiab/roles/2-common/tasks/main.yml_(IaC)_', 'iiab/roles/samba/tasks/main.yml_(IaC)_', 'iiab/roles/2-common/tasks/packages.yml_(IaC)_', 'iiab/roles/monit/tasks/install.yml_(IaC)_', 'iiab/roles/2-common/tasks/net_mods.yml.unused_(IaC)_', 'iiab/roles/pbx/tasks/asterisk.yml_(IaC)_', 'iiab/roles/nginx/templates/uwsgi.service.unused_(Other)_', 'iiab/roles/calibre/tasks/main.yml_(IaC)_', 'iiab/roles/minetest/tasks/minetest_install_mods.yml_(IaC)_', 'iiab/roles/network/templates/dhcp/dhcpd-env.j2_(Other)_']]","[['iiab/roles/2-common/tasks/packages.yml_(IaC)_', 'iiab/roles/iiab-admin/templates/sshpwd-lxde-iiab.sh.j2_(Other)_', 'iiab/roles/jupyterhub/tasks/install.yml_(IaC)_', 'iiab/roles/kalite/tasks/install.yml_(IaC)_']]",['8aef9d8fc87a83214ff2f059f2f465b3c96a6d8a'],[0.3333333333333333],[0.25],[0.28571428571428575],[1],[0.3333333333333333]
[3],"[[648, 466, 646, 325, 354, 437, 419, 698, 298, 55]]","[['iiab/roles/2-common/tasks/fl.yml_(IaC)_', 'iiab/roles/pbx/tasks/freepbx_dependencies.yml.unused_(IaC)_', 'iiab/roles/2-common/tasks/packages.yml_(IaC)_', 'iiab/roles/0-DEPRECATED-ROLES/httpd-enable/tasks/main.yml_(IaC)_', 'iiab/roles/network/tasks/detected_network.yml_(IaC)_', 'iiab/roles/network/templates/named/dns-jail.conf_(Other)_', 'iiab/roles/network/templates/network/ifcfg.j2_(Other)_', 'iiab/roles/mediawiki/tasks/main.yml_(IaC)_', 'iiab/roles/0-DEPRECATED-ROLES/elgg/templates/elgg.conf.unused_(Other)_', 'iiab/roles/www_base/files/html/js/XMLDisplay.js_(Other)_']]","[['iiab/roles/2-common/tasks/packages.yml_(IaC)_', 'iiab/roles/iiab-admin/templates/sshpwd-lxde-iiab.sh.j2_(Other)_', 'iiab/roles/jupyterhub/tasks/install.yml_(IaC)_', 'iiab/roles/kalite/tasks/install.yml_(IaC)_']]",['8aef9d8fc87a83214ff2f059f2f465b3c96a6d8a'],[0.3333333333333333],[0.25],[0.28571428571428575],[1],[0.3333333333333333]
[3],"[[646, 650, 538, 601, 645, 164, 140, 572, 589, 690]]","[['iiab/roles/2-common/tasks/packages.yml_(IaC)_', 'iiab/roles/2-common/tasks/yum-historical.yml.unused_(IaC)_', 'iiab/roles/iiab-admin/defaults/main.yml_(Other)_', 'iiab/roles/mysql/tasks/centos.yml.unused_(IaC)_', 'iiab/roles/2-common/tasks/prep.yml.unused_(IaC)_', 'iiab/roles/minetest/tasks/calc_vars.yml_(IaC)_', 'iiab/roles/kiwix/tasks/apache.yml.unused_(IaC)_', 'iiab/roles/samba/handlers/main.yml_(IaC)_', 'iiab/roles/bluetooth/tasks/enable-or-disable.yml_(IaC)_', 'iiab/roles/1-prep/templates/92-rtc-i2c.rules_(Other)_']]","[['iiab/roles/2-common/tasks/packages.yml_(IaC)_', 'iiab/roles/iiab-admin/templates/sshpwd-lxde-iiab.sh.j2_(Other)_', 'iiab/roles/jupyterhub/tasks/install.yml_(IaC)_', 'iiab/roles/kalite/tasks/install.yml_(IaC)_']]",['8aef9d8fc87a83214ff2f059f2f465b3c96a6d8a'],[0.3333333333333333],[0.25],[0.28571428571428575],[1],[1.0]
[3],"[[646, 358, 607, 375, 573, 212, 115, 537, 629, 468, 170]]","[['iiab/roles/2-common/tasks/packages.yml_(IaC)_', 'iiab/roles/network/tasks/avahi.yml_(IaC)_', 'iiab/roles/lokole/tasks/apache.yml.unused_(IaC)_', 'iiab/roles/network/tasks/fedora/redetect.yml_(IaC)_', 'iiab/roles/nginx/tasks/homepage.yml_(IaC)_', 'iiab/roles/moodle/tasks/main.yml_(IaC)_', 'iiab/roles/captiveportal/tasks/install.yml_(IaC)_', 'iiab/roles/iiab-admin/tasks/main.yml_(IaC)_', 'iiab/roles/internetarchive/tasks/main.yml_(IaC)_', 'iiab/roles/pbx/tasks/enable-or-disable.yml_(IaC)_', 'iiab/roles/minetest/tasks/main.yml_(IaC)_']]","[['iiab/roles/2-common/tasks/packages.yml_(IaC)_', 'iiab/roles/iiab-admin/templates/sshpwd-lxde-iiab.sh.j2_(Other)_', 'iiab/roles/jupyterhub/tasks/install.yml_(IaC)_', 'iiab/roles/kalite/tasks/install.yml_(IaC)_']]",['8aef9d8fc87a83214ff2f059f2f465b3c96a6d8a'],[0.3333333333333333],[0.25],[0.28571428571428575],[1],[1.0]
[3],"[[646, 117, 293, 455, 615, 567, 210, 695, 111, 484]]","[['iiab/roles/2-common/tasks/packages.yml_(IaC)_', 'iiab/roles/captiveportal/tasks/main.yml_(IaC)_', 'iiab/roles/0-DEPRECATED-ROLES/elgg/tasks/main.yml_(IaC)_', 'iiab/roles/usb_lib/tasks/main.yml_(IaC)_', 'iiab/roles/lokole/templates/lokole_celery_worker.conf_(Other)_', 'iiab/roles/samba/tasks/install.yml_(IaC)_', 'iiab/roles/moodle/tasks/mathjax.yml_(IaC)_', 'iiab/roles/mediawiki/tasks/apache.yml.unused_(IaC)_', 'iiab/roles/postgresql/tasks/main.yml_(IaC)_', 'iiab/roles/pbx/templates/asterisk.conf.diff_(Other)_']]","[['iiab/roles/2-common/tasks/packages.yml_(IaC)_', 'iiab/roles/iiab-admin/templates/sshpwd-lxde-iiab.sh.j2_(Other)_', 'iiab/roles/jupyterhub/tasks/install.yml_(IaC)_', 'iiab/roles/kalite/tasks/install.yml_(IaC)_']]",['8aef9d8fc87a83214ff2f059f2f465b3c96a6d8a'],[0.3333333333333333],[0.25],[0.28571428571428575],[1],[1.0]
[3],"[[646, 219, 651, 488, 648, 432, 282, 92, 134, 365]]","[['iiab/roles/2-common/tasks/packages.yml_(IaC)_', 'iiab/roles/phpmyadmin/tasks/main.yml_(IaC)_', 'iiab/roles/2-common/tasks/iiab-startup.yml_(IaC)_', 'iiab/roles/munin/tasks/install.yml_(IaC)_', 'iiab/roles/2-common/tasks/fl.yml_(IaC)_', 'iiab/roles/network/templates/named/named.j2_(Other)_', 'iiab/roles/0-DEPRECATED-ROLES/owncloud/tasks/owncloud_enabled.yml_(IaC)_', 'iiab/roles/nextcloud/tasks/install.yml_(IaC)_', 'iiab/roles/calibre/tasks/install.yml_(IaC)_', 'iiab/roles/network/tasks/dhcpd.yml_(IaC)_']]","[['iiab/roles/2-common/tasks/packages.yml_(IaC)_', 'iiab/roles/iiab-admin/templates/sshpwd-lxde-iiab.sh.j2_(Other)_', 'iiab/roles/jupyterhub/tasks/install.yml_(IaC)_', 'iiab/roles/kalite/tasks/install.yml_(IaC)_']]",['8aef9d8fc87a83214ff2f059f2f465b3c96a6d8a'],[0.3333333333333333],[0.25],[0.28571428571428575],[1],[1.0]
[3],"[[682, 646, 260, 128, 125, 358, 166, 538, 176, 167]]","[['iiab/roles/1-prep/tasks/hardware.yml_(IaC)_', 'iiab/roles/2-common/tasks/packages.yml_(IaC)_', 'iiab/roles/0-DEPRECATED-ROLES/moodle-1.9/moodle/tasks/main.yml_(IaC)_', 'iiab/roles/firmware/tasks/install.yml_(IaC)_', 'iiab/roles/nodejs/tasks/main.yml_(IaC)_', 'iiab/roles/network/tasks/avahi.yml_(IaC)_', 'iiab/roles/minetest/tasks/minetest_install_mods.yml_(IaC)_', 'iiab/roles/iiab-admin/defaults/main.yml_(Other)_', 'iiab/roles/wordpress/tasks/setup.yml_(IaC)_', 'iiab/roles/minetest/tasks/provision.yml_(IaC)_']]","[['iiab/roles/2-common/tasks/packages.yml_(IaC)_', 'iiab/roles/iiab-admin/templates/sshpwd-lxde-iiab.sh.j2_(Other)_', 'iiab/roles/jupyterhub/tasks/install.yml_(IaC)_', 'iiab/roles/kalite/tasks/install.yml_(IaC)_']]",['8aef9d8fc87a83214ff2f059f2f465b3c96a6d8a'],[0.3333333333333333],[0.25],[0.28571428571428575],[1],[0.5]
[3],"[[646, 649, 306, 356, 88, 165, 647, 710, 305, 349]]","[['iiab/roles/2-common/tasks/packages.yml_(IaC)_', 'iiab/roles/2-common/tasks/xo.yml.unused_(IaC)_', 'iiab/roles/0-DEPRECATED-ROLES/xovis/tasks/main.yml_(IaC)_', 'iiab/roles/network/tasks/dansguardian.yml.unused_(IaC)_', 'iiab/roles/nextcloud/tasks/apache.yml.unused_(IaC)_', 'iiab/roles/minetest/tasks/minetest_install.yml_(IaC)_', 'iiab/roles/2-common/tasks/net_mods.yml.unused_(IaC)_', 'iiab/roles/cups/tasks/enable-or-disable.yml_(IaC)_', 'iiab/roles/0-DEPRECATED-ROLES/activity-server/templates/xs-activity-server.conf_(Other)_', 'iiab/roles/sugarizer/templates/sugarizer.conf.j2.unused_(Other)_']]","[['iiab/roles/2-common/tasks/packages.yml_(IaC)_', 'iiab/roles/iiab-admin/templates/sshpwd-lxde-iiab.sh.j2_(Other)_', 'iiab/roles/jupyterhub/tasks/install.yml_(IaC)_', 'iiab/roles/kalite/tasks/install.yml_(IaC)_']]",['8aef9d8fc87a83214ff2f059f2f465b3c96a6d8a'],[0.3333333333333333],[0.25],[0.28571428571428575],[1],[1.0]
[3],"[[646, 685, 647, 354, 226, 127, 367, 359, 358, 209]]","[['iiab/roles/2-common/tasks/packages.yml_(IaC)_', 'iiab/roles/1-prep/tasks/uuid.yml_(IaC)_', 'iiab/roles/2-common/tasks/net_mods.yml.unused_(IaC)_', 'iiab/roles/network/tasks/detected_network.yml_(IaC)_', 'iiab/roles/awstats/tasks/main.yml_(IaC)_', 'iiab/roles/firmware/tasks/download.yml_(IaC)_', 'iiab/roles/network/tasks/down-debian.yml_(IaC)_', 'iiab/roles/network/tasks/sysd-netd-debian.yml_(IaC)_', 'iiab/roles/network/tasks/avahi.yml_(IaC)_', 'iiab/roles/moodle/tasks/nginx.yml_(IaC)_']]","[['iiab/roles/2-common/tasks/packages.yml_(IaC)_', 'iiab/roles/iiab-admin/templates/sshpwd-lxde-iiab.sh.j2_(Other)_', 'iiab/roles/jupyterhub/tasks/install.yml_(IaC)_', 'iiab/roles/kalite/tasks/install.yml_(IaC)_']]",['8aef9d8fc87a83214ff2f059f2f465b3c96a6d8a'],[0.3333333333333333],[0.25],[0.28571428571428575],[1],[1.0]
[3],"[[652, 646, 636, 356, 584, 654, 716, 576, 394, 556]]","[['iiab/roles/2-common/tasks/centos.yml.unused_(IaC)_', 'iiab/roles/2-common/tasks/packages.yml_(IaC)_', 'iiab/roles/monit/tasks/main.yml_(IaC)_', 'iiab/roles/network/tasks/dansguardian.yml.unused_(IaC)_', 'iiab/roles/nginx/templates/mime.types.j2_(Other)_', 'iiab/roles/2-common/tasks/main.yml_(IaC)_', 'iiab/roles/azuracast/tasks/enable-or-disable.yml_(IaC)_', 'iiab/roles/nginx/tasks/main.yml_(IaC)_', 'iiab/roles/network/templates/squid/dansguardian.conf.debian.j2.unused_(Other)_', 'iiab/roles/gitea/templates/gitea.service.j2_(Other)_']]","[['iiab/roles/2-common/tasks/packages.yml_(IaC)_', 'iiab/roles/iiab-admin/templates/sshpwd-lxde-iiab.sh.j2_(Other)_', 'iiab/roles/jupyterhub/tasks/install.yml_(IaC)_', 'iiab/roles/kalite/tasks/install.yml_(IaC)_']]",['8aef9d8fc87a83214ff2f059f2f465b3c96a6d8a'],[0.3333333333333333],[0.25],[0.28571428571428575],[1],[0.5]
[3],"[[646, 652, 209, 573, 607, 221, 676, 175, 366, 70]]","[['iiab/roles/2-common/tasks/packages.yml_(IaC)_', 'iiab/roles/2-common/tasks/centos.yml.unused_(IaC)_', 'iiab/roles/moodle/tasks/nginx.yml_(IaC)_', 'iiab/roles/nginx/tasks/homepage.yml_(IaC)_', 'iiab/roles/lokole/tasks/apache.yml.unused_(IaC)_', 'iiab/roles/phpmyadmin/templates/phpmyadmin.conf.j2_(Other)_', 'iiab/roles/0-init/tasks/hostname.yml_(IaC)_', 'iiab/roles/wordpress/tasks/nginx.yml_(IaC)_', 'iiab/roles/network/tasks/hostapd.yml_(IaC)_', 'iiab/roles/www_base/files/html/fonts/glyphicons-halflings-regular.eot_(Other)_']]","[['iiab/roles/2-common/tasks/packages.yml_(IaC)_', 'iiab/roles/iiab-admin/templates/sshpwd-lxde-iiab.sh.j2_(Other)_', 'iiab/roles/jupyterhub/tasks/install.yml_(IaC)_', 'iiab/roles/kalite/tasks/install.yml_(IaC)_']]",['8aef9d8fc87a83214ff2f059f2f465b3c96a6d8a'],[0.3333333333333333],[0.25],[0.28571428571428575],[1],[1.0]
[3],"[[651, 646, 550, 557, 100, 681, 369, 224, 191, 732]]","[['iiab/roles/2-common/tasks/iiab-startup.yml_(IaC)_', 'iiab/roles/2-common/tasks/packages.yml_(IaC)_', 'iiab/roles/gitea/tasks/apache.yml.unused_(IaC)_', 'iiab/roles/gitea/templates/app.ini.j2_(Other)_', 'iiab/roles/calibre-web/tasks/nginx.yml_(IaC)_', 'iiab/roles/vnstat/templates/vnstat.conf.j2_(Other)_', 'iiab/roles/network/tasks/netplan.yml_(IaC)_', 'iiab/roles/awstats/tasks/nginx.yml_(IaC)_', 'iiab/roles/osm-vector-maps/tasks/main.yml_(IaC)_', 'iiab/scripts/calibre-install-packages.sh.unused_(Other)_']]","[['iiab/roles/2-common/tasks/packages.yml_(IaC)_', 'iiab/roles/iiab-admin/templates/sshpwd-lxde-iiab.sh.j2_(Other)_', 'iiab/roles/jupyterhub/tasks/install.yml_(IaC)_', 'iiab/roles/kalite/tasks/install.yml_(IaC)_']]",['8aef9d8fc87a83214ff2f059f2f465b3c96a6d8a'],[0.3333333333333333],[0.25],[0.28571428571428575],[1],[0.5]
[3],"[[646, 607, 188, 252, 680, 517, 535, 410, 354, 444]]","[['iiab/roles/2-common/tasks/packages.yml_(IaC)_', 'iiab/roles/lokole/tasks/apache.yml.unused_(IaC)_', 'iiab/roles/6-generic-apps/tasks/main.yml_(IaC)_', 'iiab/roles/0-DEPRECATED-ROLES/dokuwiki/tasks/enable.yml_(IaC)_', 'iiab/roles/vnstat/tasks/main.yml_(IaC)_', 'iiab/roles/kalite/tasks/main.yml_(IaC)_', 'iiab/roles/iiab-admin/tasks/admin-user.yml_(IaC)_', 'iiab/roles/network/templates/network/br0.j2.deprecated_(Other)_', 'iiab/roles/network/tasks/detected_network.yml_(IaC)_', 'iiab/roles/network/templates/named/school.internal.zone.48.in-addr.db.j2_(Other)_']]","[['iiab/roles/2-common/tasks/packages.yml_(IaC)_', 'iiab/roles/iiab-admin/templates/sshpwd-lxde-iiab.sh.j2_(Other)_', 'iiab/roles/jupyterhub/tasks/install.yml_(IaC)_', 'iiab/roles/kalite/tasks/install.yml_(IaC)_']]",['8aef9d8fc87a83214ff2f059f2f465b3c96a6d8a'],[0.3333333333333333],[0.25],[0.28571428571428575],[1],[1.0]
[3],"[[646, 711, 679, 645, 489, 653, 722, 219, 361, 528]]","[['iiab/roles/2-common/tasks/packages.yml_(IaC)_', 'iiab/roles/cups/tasks/main.yml_(IaC)_', 'iiab/roles/vnstat/tasks/enable-or-disable.yml_(IaC)_', 'iiab/roles/2-common/tasks/prep.yml.unused_(IaC)_', 'iiab/roles/munin/tasks/main.yml_(IaC)_', 'iiab/roles/2-common/tasks/fedora.yml.unused_(IaC)_', 'iiab/roles/matomo/tasks/main.yml_(IaC)_', 'iiab/roles/phpmyadmin/tasks/main.yml_(IaC)_', 'iiab/roles/network/tasks/enable_services.yml_(IaC)_', 'iiab/roles/3-base-server/tasks/main.yml_(IaC)_']]","[['iiab/roles/2-common/tasks/packages.yml_(IaC)_', 'iiab/roles/iiab-admin/templates/sshpwd-lxde-iiab.sh.j2_(Other)_', 'iiab/roles/jupyterhub/tasks/install.yml_(IaC)_', 'iiab/roles/kalite/tasks/install.yml_(IaC)_']]",['8aef9d8fc87a83214ff2f059f2f465b3c96a6d8a'],[0.3333333333333333],[0.25],[0.28571428571428575],[1],[1.0]
[3],"[[646, 652, 717, 45, 653, 362, 626, 542, 553, 124]]","[['iiab/roles/2-common/tasks/packages.yml_(IaC)_', 'iiab/roles/2-common/tasks/centos.yml.unused_(IaC)_', 'iiab/roles/azuracast/tasks/main.yml_(IaC)_', 'iiab/roles/mosquitto/tasks/main.yml_(IaC)_', 'iiab/roles/2-common/tasks/fedora.yml.unused_(IaC)_', 'iiab/roles/network/tasks/restart.yml_(IaC)_', 'iiab/roles/internetarchive/tasks/apache.yml.unused_(IaC)_', 'iiab/roles/openvpn/tasks/enable-or-disable.yml_(IaC)_', 'iiab/roles/gitea/tasks/main.yml_(IaC)_', 'iiab/roles/nodejs/tasks/install.yml_(IaC)_']]","[['iiab/roles/2-common/tasks/packages.yml_(IaC)_', 'iiab/roles/iiab-admin/templates/sshpwd-lxde-iiab.sh.j2_(Other)_', 'iiab/roles/jupyterhub/tasks/install.yml_(IaC)_', 'iiab/roles/kalite/tasks/install.yml_(IaC)_']]",['8aef9d8fc87a83214ff2f059f2f465b3c96a6d8a'],[0.3333333333333333],[0.25],[0.28571428571428575],[1],[1.0]
[3],"[[219, 465, 100, 646, 115, 454, 647, 576, 102, 711]]","[['iiab/roles/phpmyadmin/tasks/main.yml_(IaC)_', 'iiab/roles/pbx/tasks/apache.yml_(IaC)_', 'iiab/roles/calibre-web/tasks/nginx.yml_(IaC)_', 'iiab/roles/2-common/tasks/packages.yml_(IaC)_', 'iiab/roles/captiveportal/tasks/install.yml_(IaC)_', 'iiab/roles/usb_lib/tasks/install.yml_(IaC)_', 'iiab/roles/2-common/tasks/net_mods.yml.unused_(IaC)_', 'iiab/roles/nginx/tasks/main.yml_(IaC)_', 'iiab/roles/calibre-web/tasks/main.yml_(IaC)_', 'iiab/roles/cups/tasks/main.yml_(IaC)_']]","[['iiab/roles/2-common/tasks/packages.yml_(IaC)_', 'iiab/roles/iiab-admin/templates/sshpwd-lxde-iiab.sh.j2_(Other)_', 'iiab/roles/jupyterhub/tasks/install.yml_(IaC)_', 'iiab/roles/kalite/tasks/install.yml_(IaC)_']]",['8aef9d8fc87a83214ff2f059f2f465b3c96a6d8a'],[0.0],[0.0],[0],[0],[0]
[3],"[[354, 708, 682, 646, 209, 657, 648, 464, 440, 156]]","[['iiab/roles/network/tasks/detected_network.yml_(IaC)_', 'iiab/roles/cups/tasks/nginx.yml_(IaC)_', 'iiab/roles/1-prep/tasks/hardware.yml_(IaC)_', 'iiab/roles/2-common/tasks/packages.yml_(IaC)_', 'iiab/roles/moodle/tasks/nginx.yml_(IaC)_', 'iiab/roles/2-common/templates/local.repo.unused_(Other)_', 'iiab/roles/2-common/tasks/fl.yml_(IaC)_', 'iiab/roles/pbx/tasks/chan_dongle.yml_(IaC)_', 'iiab/roles/network/templates/named/named-iiab.conf.j2_(Other)_', 'iiab/roles/nodered/tasks/install.yml_(IaC)_']]","[['iiab/roles/2-common/tasks/packages.yml_(IaC)_', 'iiab/roles/iiab-admin/templates/sshpwd-lxde-iiab.sh.j2_(Other)_', 'iiab/roles/jupyterhub/tasks/install.yml_(IaC)_', 'iiab/roles/kalite/tasks/install.yml_(IaC)_']]",['8aef9d8fc87a83214ff2f059f2f465b3c96a6d8a'],[0.0],[0.0],[0],[0],[0]
[3],"[[590, 646, 649, 364, 543, 588, 651, 131, 177, 188]]","[['iiab/roles/bluetooth/tasks/main.yml_(IaC)_', 'iiab/roles/2-common/tasks/packages.yml_(IaC)_', 'iiab/roles/2-common/tasks/xo.yml.unused_(IaC)_', 'iiab/roles/network/tasks/wondershaper.yml.unused_(IaC)_', 'iiab/roles/openvpn/tasks/main.yml_(IaC)_', 'iiab/roles/bluetooth/tasks/install.yml_(IaC)_', 'iiab/roles/2-common/tasks/iiab-startup.yml_(IaC)_', 'iiab/roles/calibre/tasks/create-db.yml_(IaC)_', 'iiab/roles/wordpress/tasks/install.yml_(IaC)_', 'iiab/roles/6-generic-apps/tasks/main.yml_(IaC)_']]","[['iiab/roles/2-common/tasks/packages.yml_(IaC)_', 'iiab/roles/iiab-admin/templates/sshpwd-lxde-iiab.sh.j2_(Other)_', 'iiab/roles/jupyterhub/tasks/install.yml_(IaC)_', 'iiab/roles/kalite/tasks/install.yml_(IaC)_']]",['8aef9d8fc87a83214ff2f059f2f465b3c96a6d8a'],[0.3333333333333333],[0.25],[0.28571428571428575],[1],[0.5]
[3],"[[489, 45, 590, 187, 650, 358, 467, 479, 697, 210]]","[['iiab/roles/munin/tasks/main.yml_(IaC)_', 'iiab/roles/mosquitto/tasks/main.yml_(IaC)_', 'iiab/roles/bluetooth/tasks/main.yml_(IaC)_', 'iiab/roles/sshd/tasks/main.yml_(IaC)_', 'iiab/roles/2-common/tasks/yum-historical.yml.unused_(IaC)_', 'iiab/roles/network/tasks/avahi.yml_(IaC)_', 'iiab/roles/pbx/tasks/install.yml_(IaC)_', 'iiab/roles/pbx/templates/71-freepbx-framework.patch.unused_(Other)_', 'iiab/roles/mediawiki/tasks/install.yml_(IaC)_', 'iiab/roles/moodle/tasks/mathjax.yml_(IaC)_']]","[['iiab/roles/2-common/tasks/packages.yml_(IaC)_', 'iiab/roles/iiab-admin/templates/sshpwd-lxde-iiab.sh.j2_(Other)_', 'iiab/roles/jupyterhub/tasks/install.yml_(IaC)_', 'iiab/roles/kalite/tasks/install.yml_(IaC)_']]",['8aef9d8fc87a83214ff2f059f2f465b3c96a6d8a'],[0.0],[0.0],[0],[0],[0]
[3],"[[361, 648, 536, 652, 142, 356, 276, 117, 681, 433]]","[['iiab/roles/network/tasks/enable_services.yml_(IaC)_', 'iiab/roles/2-common/tasks/fl.yml_(IaC)_', 'iiab/roles/iiab-admin/tasks/access.yml.unused_(IaC)_', 'iiab/roles/2-common/tasks/centos.yml.unused_(IaC)_', 'iiab/roles/kiwix/tasks/install.yml_(IaC)_', 'iiab/roles/network/tasks/dansguardian.yml.unused_(IaC)_', 'iiab/roles/0-DEPRECATED-ROLES/nodogsplash/tasks/rpi.yml_(IaC)_', 'iiab/roles/captiveportal/tasks/main.yml_(IaC)_', 'iiab/roles/vnstat/templates/vnstat.conf.j2_(Other)_', 'iiab/roles/network/templates/named/named.zero_(Other)_']]","[['iiab/roles/2-common/tasks/packages.yml_(IaC)_', 'iiab/roles/iiab-admin/templates/sshpwd-lxde-iiab.sh.j2_(Other)_', 'iiab/roles/jupyterhub/tasks/install.yml_(IaC)_', 'iiab/roles/kalite/tasks/install.yml_(IaC)_']]",['8aef9d8fc87a83214ff2f059f2f465b3c96a6d8a'],[0.0],[0.0],[0],[0],[0]
[3],"[[185, 646, 650, 682, 562, 368, 157, 224, 339, 176]]","[['iiab/roles/sshd/tasks/install.yml_(IaC)_', 'iiab/roles/2-common/tasks/packages.yml_(IaC)_', 'iiab/roles/2-common/tasks/yum-historical.yml.unused_(IaC)_', 'iiab/roles/1-prep/tasks/hardware.yml_(IaC)_', 'iiab/roles/kolibri/tasks/main.yml_(IaC)_', 'iiab/roles/network/tasks/main.yml_(IaC)_', 'iiab/roles/nodered/tasks/group.yml_(IaC)_', 'iiab/roles/awstats/tasks/nginx.yml_(IaC)_', 'iiab/roles/0-DEPRECATED-ROLES/ejabberd/templates/ejabberd-iiab.service.j2_(Other)_', 'iiab/roles/wordpress/tasks/setup.yml_(IaC)_']]","[['iiab/roles/2-common/tasks/packages.yml_(IaC)_', 'iiab/roles/iiab-admin/templates/sshpwd-lxde-iiab.sh.j2_(Other)_', 'iiab/roles/jupyterhub/tasks/install.yml_(IaC)_', 'iiab/roles/kalite/tasks/install.yml_(IaC)_']]",['8aef9d8fc87a83214ff2f059f2f465b3c96a6d8a'],[0.3333333333333333],[0.25],[0.28571428571428575],[1],[0.5]
[3],"[[646, 652, 650, 356, 354, 88, 629, 720, 247, 92]]","[['iiab/roles/2-common/tasks/packages.yml_(IaC)_', 'iiab/roles/2-common/tasks/centos.yml.unused_(IaC)_', 'iiab/roles/2-common/tasks/yum-historical.yml.unused_(IaC)_', 'iiab/roles/network/tasks/dansguardian.yml.unused_(IaC)_', 'iiab/roles/network/tasks/detected_network.yml_(IaC)_', 'iiab/roles/nextcloud/tasks/apache.yml.unused_(IaC)_', 'iiab/roles/internetarchive/tasks/main.yml_(IaC)_', 'iiab/roles/azuracast/templates/env.j2_(Other)_', 'iiab/roles/0-DEPRECATED-ROLES/pathagar/templates/pathagar.conf_(Other)_', 'iiab/roles/nextcloud/tasks/install.yml_(IaC)_']]","[['iiab/roles/2-common/tasks/packages.yml_(IaC)_', 'iiab/roles/iiab-admin/templates/sshpwd-lxde-iiab.sh.j2_(Other)_', 'iiab/roles/jupyterhub/tasks/install.yml_(IaC)_', 'iiab/roles/kalite/tasks/install.yml_(IaC)_']]",['8aef9d8fc87a83214ff2f059f2f465b3c96a6d8a'],[0.3333333333333333],[0.25],[0.28571428571428575],[1],[1.0]
[3],"[[178, 646, 356, 453, 153, 543, 696, 627, 91, 628]]","[['iiab/roles/wordpress/tasks/main.yml_(IaC)_', 'iiab/roles/2-common/tasks/packages.yml_(IaC)_', 'iiab/roles/network/tasks/dansguardian.yml.unused_(IaC)_', 'iiab/roles/usb_lib/tasks/nginx.yml_(IaC)_', 'iiab/roles/nodered/tasks/nginx.yml_(IaC)_', 'iiab/roles/openvpn/tasks/main.yml_(IaC)_', 'iiab/roles/mediawiki/tasks/nginx.yml_(IaC)_', 'iiab/roles/internetarchive/tasks/nginx.yml_(IaC)_', 'iiab/roles/nextcloud/tasks/setup.yml_(IaC)_', 'iiab/roles/internetarchive/tasks/install.yml_(IaC)_']]","[['iiab/roles/2-common/tasks/packages.yml_(IaC)_', 'iiab/roles/iiab-admin/templates/sshpwd-lxde-iiab.sh.j2_(Other)_', 'iiab/roles/jupyterhub/tasks/install.yml_(IaC)_', 'iiab/roles/kalite/tasks/install.yml_(IaC)_']]",['8aef9d8fc87a83214ff2f059f2f465b3c96a6d8a'],[0.3333333333333333],[0.25],[0.28571428571428575],[1],[0.5]
[3],"[[651, 99, 646, 223, 704, 186, 125, 334, 283, 415]]","[['iiab/roles/2-common/tasks/iiab-startup.yml_(IaC)_', 'iiab/roles/calibre-web/tasks/apache.yml.unused_(IaC)_', 'iiab/roles/2-common/tasks/packages.yml_(IaC)_', 'iiab/roles/awstats/tasks/apache.yml.unused_(IaC)_', 'iiab/roles/remoteit/tasks/main.yml_(IaC)_', 'iiab/roles/sshd/tasks/enable-or-disable.yml_(IaC)_', 'iiab/roles/nodejs/tasks/main.yml_(IaC)_', 'iiab/roles/0-DEPRECATED-ROLES/rachel/tasks/rachel_enabled.yml_(IaC)_', 'iiab/roles/0-DEPRECATED-ROLES/owncloud/tasks/F18.yml_(IaC)_', 'iiab/roles/network/templates/network/ap0-manage.conf_(Other)_']]","[['iiab/roles/2-common/tasks/packages.yml_(IaC)_', 'iiab/roles/iiab-admin/templates/sshpwd-lxde-iiab.sh.j2_(Other)_', 'iiab/roles/jupyterhub/tasks/install.yml_(IaC)_', 'iiab/roles/kalite/tasks/install.yml_(IaC)_']]",['8aef9d8fc87a83214ff2f059f2f465b3c96a6d8a'],[0.3333333333333333],[0.25],[0.28571428571428575],[1],[0.3333333333333333]
