ansible-hardening/defaults/main.yml_(Other)_,ansible-hardening/doc/metadata/U_RedHat_6_V1R12_Manual-xccdf.xml_(Other)_,ansible-hardening/doc/metadata/import-existing-notes.py_(Other)_,ansible-hardening/doc/metadata/template_all.j2_(Other)_,ansible-hardening/doc/metadata/template_doc.j2_(Other)_,ansible-hardening/doc/metadata/template_toc.j2_(Other)_,ansible-hardening/doc/source/_exts/metadata-docs.py_(Other)_,ansible-hardening/doc/source/conf.py_(Other)_,ansible-hardening/tasks/rhel6stig/aide.yml_(IaC)_,ansible-hardening/tasks/rhel6stig/apt.yml_(IaC)_,ansible-hardening/tasks/rhel6stig/auditd.yml_(IaC)_,ansible-hardening/tasks/rhel6stig/auth.yml_(IaC)_,ansible-hardening/tasks/rhel6stig/boot.yml_(IaC)_,ansible-hardening/tasks/rhel6stig/console.yml_(IaC)_,ansible-hardening/tasks/rhel6stig/file_perms.yml_(IaC)_,ansible-hardening/tasks/rhel6stig/kernel.yml_(IaC)_,ansible-hardening/tasks/rhel6stig/lsm.yml_(IaC)_,ansible-hardening/tasks/rhel6stig/mail.yml_(IaC)_,ansible-hardening/tasks/rhel6stig/main.yml_(IaC)_,ansible-hardening/tasks/rhel6stig/misc.yml_(IaC)_,ansible-hardening/tasks/rhel6stig/nfsd.yml_(IaC)_,ansible-hardening/tasks/rhel6stig/rpm.yml_(IaC)_,ansible-hardening/tasks/rhel6stig/services.yml_(IaC)_,ansible-hardening/tasks/rhel6stig/sshd.yml_(IaC)_,ansible-hardening/tests/test.yml_(Other)_,ansible-hardening/vars/debian.yml_(Other)_,ansible-hardening/vars/redhat.yml_(Other)_
ansible-hardening/doc/Makefile_(Other)_,ansible-hardening/doc/source/_themes/openstack/theme.conf_(Other)_,ansible-hardening/doc/source/conf.py_(Other)_,ansible-hardening/openstack-ansible-security/defaults/main.yml_(Other)_,ansible-hardening/openstack-ansible-security/handlers/main.yml_(IaC)_,ansible-hardening/openstack-ansible-security/meta/main.yml_(Other)_,ansible-hardening/openstack-ansible-security/tasks/apt.yml_(IaC)_,ansible-hardening/openstack-ansible-security/tasks/auditd.yml_(IaC)_,ansible-hardening/openstack-ansible-security/tasks/auth.yml_(IaC)_,ansible-hardening/openstack-ansible-security/tasks/boot.yml_(IaC)_,ansible-hardening/openstack-ansible-security/tasks/console.yml_(IaC)_,ansible-hardening/openstack-ansible-security/tasks/file_perms.yml_(IaC)_,ansible-hardening/openstack-ansible-security/tasks/kernel.yml_(IaC)_,ansible-hardening/openstack-ansible-security/tasks/mail.yml_(IaC)_,ansible-hardening/openstack-ansible-security/tasks/main.yml_(IaC)_,ansible-hardening/openstack-ansible-security/tasks/misc.yml_(IaC)_,ansible-hardening/openstack-ansible-security/tasks/nfsd.yml_(IaC)_,ansible-hardening/openstack-ansible-security/tasks/services.yml_(IaC)_,ansible-hardening/openstack-ansible-security/tasks/sshd.yml_(IaC)_,ansible-hardening/openstack-ansible-security/templates/chrony.conf.j2_(Other)_,ansible-hardening/openstack-ansible-security/templates/osas-auditd.j2_(Other)_,ansible-hardening/openstack-ansible-security/vars/main.yml_(Other)_,ansible-hardening/setup.cfg_(Other)_,ansible-hardening/setup.py_(Other)_,,,
ansible-hardening/openstack-ansible-security/tasks/kernel.yml_(IaC)_,,,,,,,,,,,,,,,,,,,,,,,,,,
ansible-hardening/openstack-ansible-security/tasks/kernel.yml_(IaC)_,,,,,,,,,,,,,,,,,,,,,,,,,,
ansible-hardening/openstack-ansible-security/tasks/boot.yml_(IaC)_,,,,,,,,,,,,,,,,,,,,,,,,,,
ansible-hardening/openstack-ansible-security/defaults/main.yml_(Other)_,ansible-hardening/openstack-ansible-security/tasks/services.yml_(IaC)_,,,,,,,,,,,,,,,,,,,,,,,,,
ansible-hardening/openstack-ansible-security/tasks/misc.yml_(IaC)_,,,,,,,,,,,,,,,,,,,,,,,,,,
ansible-hardening/openstack-ansible-security/defaults/main.yml_(Other)_,ansible-hardening/openstack-ansible-security/tasks/auditd.yml_(IaC)_,,,,,,,,,,,,,,,,,,,,,,,,,
ansible-hardening/openstack-ansible-security/tasks/kernel.yml_(IaC)_,,,,,,,,,,,,,,,,,,,,,,,,,,
ansible-hardening/defaults/main.yml_(Other)_,ansible-hardening/handlers/main.yml_(IaC)_,ansible-hardening/meta/main.yml_(Other)_,ansible-hardening/run_tests.sh_(Other)_,ansible-hardening/tasks/apt.yml_(IaC)_,ansible-hardening/tasks/auditd.yml_(IaC)_,ansible-hardening/tasks/auth.yml_(IaC)_,ansible-hardening/tasks/boot.yml_(IaC)_,ansible-hardening/tasks/console.yml_(IaC)_,ansible-hardening/tasks/file_perms.yml_(IaC)_,ansible-hardening/tasks/kernel.yml_(IaC)_,ansible-hardening/tasks/mail.yml_(IaC)_,ansible-hardening/tasks/main.yml_(IaC)_,ansible-hardening/tasks/misc.yml_(IaC)_,ansible-hardening/tasks/nfsd.yml_(IaC)_,ansible-hardening/tasks/services.yml_(IaC)_,ansible-hardening/tasks/sshd.yml_(IaC)_,ansible-hardening/templates/chrony.conf.j2_(Other)_,ansible-hardening/templates/osas-auditd.j2_(Other)_,ansible-hardening/tests/ansible.cfg_(Other)_,ansible-hardening/tests/inventory_(Other)_,ansible-hardening/tests/test.yml_(Other)_,ansible-hardening/vars/main.yml_(Other)_,,,,
ansible-hardening/defaults/main.yml_(Other)_,ansible-hardening/tasks/kernel.yml_(IaC)_,,,,,,,,,,,,,,,,,,,,,,,,,
ansible-hardening/tasks/file_perms.yml_(IaC)_,,,,,,,,,,,,,,,,,,,,,,,,,,
ansible-hardening/tasks/file_perms.yml_(IaC)_,,,,,,,,,,,,,,,,,,,,,,,,,,
ansible-hardening/defaults/main.yml_(Other)_,ansible-hardening/tasks/auditd.yml_(IaC)_,,,,,,,,,,,,,,,,,,,,,,,,,
ansible-hardening/defaults/main.yml_(Other)_,ansible-hardening/tasks/services.yml_(IaC)_,,,,,,,,,,,,,,,,,,,,,,,,,
ansible-hardening/defaults/main.yml_(Other)_,ansible-hardening/tasks/auditd.yml_(IaC)_,,,,,,,,,,,,,,,,,,,,,,,,,
ansible-hardening/tasks/misc.yml_(IaC)_,,,,,,,,,,,,,,,,,,,,,,,,,,
ansible-hardening/tasks/auth.yml_(IaC)_,,,,,,,,,,,,,,,,,,,,,,,,,,
ansible-hardening/tasks/auditd.yml_(IaC)_,,,,,,,,,,,,,,,,,,,,,,,,,,
ansible-hardening/tasks/auth.yml_(IaC)_,,,,,,,,,,,,,,,,,,,,,,,,,,
ansible-hardening/defaults/main.yml_(Other)_,ansible-hardening/tasks/kernel.yml_(IaC)_,,,,,,,,,,,,,,,,,,,,,,,,,
ansible-hardening/defaults/main.yml_(Other)_,ansible-hardening/tasks/services.yml_(IaC)_,,,,,,,,,,,,,,,,,,,,,,,,,
ansible-hardening/defaults/main.yml_(Other)_,ansible-hardening/handlers/main.yml_(IaC)_,ansible-hardening/tasks/mail.yml_(IaC)_,,,,,,,,,,,,,,,,,,,,,,,,
ansible-hardening/tasks/misc.yml_(IaC)_,,,,,,,,,,,,,,,,,,,,,,,,,,
ansible-hardening/tasks/apt.yml_(IaC)_,ansible-hardening/tasks/auth.yml_(IaC)_,ansible-hardening/tasks/misc.yml_(IaC)_,ansible-hardening/tasks/nfsd.yml_(IaC)_,,,,,,,,,,,,,,,,,,,,,,,
ansible-hardening/defaults/main.yml_(Other)_,ansible-hardening/files/V-38682-modprobe.conf_(Other)_,ansible-hardening/tasks/kernel.yml_(IaC)_,,,,,,,,,,,,,,,,,,,,,,,,
ansible-hardening/tasks/auditd.yml_(IaC)_,ansible-hardening/tasks/mail.yml_(IaC)_,ansible-hardening/tasks/misc.yml_(IaC)_,,,,,,,,,,,,,,,,,,,,,,,,
ansible-hardening/handlers/main.yml_(IaC)_,ansible-hardening/tasks/file_perms.yml_(IaC)_,,,,,,,,,,,,,,,,,,,,,,,,,
ansible-hardening/defaults/main.yml_(Other)_,ansible-hardening/tasks/kernel.yml_(IaC)_,,,,,,,,,,,,,,,,,,,,,,,,,
ansible-hardening/defaults/main.yml_(Other)_,ansible-hardening/tasks/misc.yml_(IaC)_,,,,,,,,,,,,,,,,,,,,,,,,,
ansible-hardening/defaults/main.yml_(Other)_,ansible-hardening/tasks/misc.yml_(IaC)_,ansible-hardening/tasks/services.yml_(IaC)_,,,,,,,,,,,,,,,,,,,,,,,,
ansible-hardening/tasks/auditd.yml_(IaC)_,,,,,,,,,,,,,,,,,,,,,,,,,,
ansible-hardening/defaults/main.yml_(Other)_,ansible-hardening/tasks/misc.yml_(IaC)_,,,,,,,,,,,,,,,,,,,,,,,,,
ansible-hardening/tasks/auth.yml_(IaC)_,,,,,,,,,,,,,,,,,,,,,,,,,,
ansible-hardening/defaults/main.yml_(Other)_,ansible-hardening/tasks/auditd.yml_(IaC)_,,,,,,,,,,,,,,,,,,,,,,,,,
ansible-hardening/handlers/main.yml_(IaC)_,ansible-hardening/tasks/misc.yml_(IaC)_,,,,,,,,,,,,,,,,,,,,,,,,,
ansible-hardening/defaults/main.yml_(Other)_,ansible-hardening/handlers/main.yml_(IaC)_,ansible-hardening/openstack-ansible-security/templates/jail.local.j2_(Other)_,ansible-hardening/tasks/auth.yml_(IaC)_,,,,,,,,,,,,,,,,,,,,,,,
ansible-hardening/defaults/main.yml_(Other)_,ansible-hardening/handlers/main.yml_(IaC)_,ansible-hardening/tasks/misc.yml_(IaC)_,ansible-hardening/templates/ZZ_aide_exclusions.j2_(Other)_,,,,,,,,,,,,,,,,,,,,,,,
ansible-hardening/tasks/apt.yml_(IaC)_,,,,,,,,,,,,,,,,,,,,,,,,,,
ansible-hardening/tasks/auth.yml_(IaC)_,,,,,,,,,,,,,,,,,,,,,,,,,,
ansible-hardening/defaults/main.yml_(Other)_,ansible-hardening/tasks/auth.yml_(IaC)_,,,,,,,,,,,,,,,,,,,,,,,,,
ansible-hardening/tasks/auth.yml_(IaC)_,,,,,,,,,,,,,,,,,,,,,,,,,,
ansible-hardening/tasks/auth.yml_(IaC)_,,,,,,,,,,,,,,,,,,,,,,,,,,
ansible-hardening/tasks/misc.yml_(IaC)_,,,,,,,,,,,,,,,,,,,,,,,,,,
ansible-hardening/defaults/main.yml_(Other)_,ansible-hardening/tasks/file_perms.yml_(IaC)_,,,,,,,,,,,,,,,,,,,,,,,,,
ansible-hardening/tasks/auth.yml_(IaC)_,ansible-hardening/tasks/misc.yml_(IaC)_,,,,,,,,,,,,,,,,,,,,,,,,,
ansible-hardening/tasks/misc.yml_(IaC)_,,,,,,,,,,,,,,,,,,,,,,,,,,
ansible-hardening/tasks/auth.yml_(IaC)_,,,,,,,,,,,,,,,,,,,,,,,,,,
ansible-hardening/tasks/apt.yml_(IaC)_,ansible-hardening/tasks/auditd.yml_(IaC)_,ansible-hardening/tasks/auth.yml_(IaC)_,ansible-hardening/tasks/mail.yml_(IaC)_,ansible-hardening/tasks/main.yml_(IaC)_,ansible-hardening/tasks/misc.yml_(IaC)_,ansible-hardening/tasks/services.yml_(IaC)_,,,,,,,,,,,,,,,,,,,,
ansible-hardening/defaults/main.yml_(Other)_,ansible-hardening/tasks/auth.yml_(IaC)_,,,,,,,,,,,,,,,,,,,,,,,,,
ansible-hardening/meta/main.yml_(Other)_,ansible-hardening/tasks/misc.yml_(IaC)_,ansible-hardening/tests/ansible.cfg_(Other)_,ansible-hardening/tests/inventory_(Other)_,,,,,,,,,,,,,,,,,,,,,,,
ansible-hardening/defaults/main.yml_(Other)_,ansible-hardening/handlers/main.yml_(IaC)_,,,,,,,,,,,,,,,,,,,,,,,,,
ansible-hardening/tasks/mail.yml_(IaC)_,,,,,,,,,,,,,,,,,,,,,,,,,,
ansible-hardening/defaults/main.yml_(Other)_,ansible-hardening/tasks/auditd.yml_(IaC)_,,,,,,,,,,,,,,,,,,,,,,,,,
ansible-hardening/tasks/boot.yml_(IaC)_,ansible-hardening/tests/test.yml_(Other)_,,,,,,,,,,,,,,,,,,,,,,,,,
ansible-hardening/tasks/auth.yml_(IaC)_,,,,,,,,,,,,,,,,,,,,,,,,,,
ansible-hardening/defaults/main.yml_(Other)_,ansible-hardening/files/20auto-upgrades_(Other)_,ansible-hardening/tasks/apt.yml_(IaC)_,ansible-hardening/tests/test.yml_(Other)_,,,,,,,,,,,,,,,,,,,,,,,
ansible-hardening/defaults/main.yml_(Other)_,ansible-hardening/releasenotes/notes/dictionary-variables-removed-957c7b7b2108ba1f.yaml_(Other)_,ansible-hardening/releasenotes/notes/disable-failed-access-audit-logging-789dc01c8bcbef17.yaml_(Other)_,ansible-hardening/tasks/auth.yml_(IaC)_,ansible-hardening/tasks/kernel.yml_(IaC)_,ansible-hardening/tasks/services.yml_(IaC)_,ansible-hardening/templates/osas-auditd.j2_(Other)_,,,,,,,,,,,,,,,,,,,,
ansible-hardening/releasenotes/notes/handling-sshd-match-stanzas-fa40b97689004e46.yaml_(Other)_,ansible-hardening/tasks/sshd.yml_(IaC)_,,,,,,,,,,,,,,,,,,,,,,,,,
ansible-hardening/defaults/main.yml_(Other)_,ansible-hardening/handlers/main.yml_(IaC)_,ansible-hardening/releasenotes/notes/unique-variable-migration-c0639030b495438f.yaml_(Other)_,ansible-hardening/tasks/apt.yml_(IaC)_,ansible-hardening/tasks/auditd.yml_(IaC)_,ansible-hardening/tasks/auth.yml_(IaC)_,ansible-hardening/tasks/file_perms.yml_(IaC)_,ansible-hardening/tasks/kernel.yml_(IaC)_,ansible-hardening/tasks/mail.yml_(IaC)_,ansible-hardening/tasks/misc.yml_(IaC)_,ansible-hardening/tasks/sshd.yml_(IaC)_,ansible-hardening/templates/ZZ_aide_exclusions.j2_(Other)_,ansible-hardening/templates/chrony.conf.j2_(Other)_,ansible-hardening/templates/jail.local.j2_(Other)_,ansible-hardening/tests/test.yml_(Other)_,,,,,,,,,,,,
ansible-hardening/handlers/main.yml_(IaC)_,ansible-hardening/meta/main.yml_(Other)_,ansible-hardening/releasenotes/notes/support-for-centos-xenial-2b89c318cc3df4b0.yaml_(Other)_,ansible-hardening/tasks/apt.yml_(IaC)_,ansible-hardening/tasks/auditd.yml_(IaC)_,ansible-hardening/tasks/auth.yml_(IaC)_,ansible-hardening/tasks/console.yml_(IaC)_,ansible-hardening/tasks/mail.yml_(IaC)_,ansible-hardening/tasks/main.yml_(IaC)_,ansible-hardening/tasks/misc.yml_(IaC)_,ansible-hardening/tasks/nfsd.yml_(IaC)_,ansible-hardening/tasks/rpm.yml_(IaC)_,ansible-hardening/tasks/services.yml_(IaC)_,ansible-hardening/tests/test.yml_(Other)_,ansible-hardening/vars/redhat.yml_(Other)_,ansible-hardening/vars/ubuntu.yml_(Other)_,,,,,,,,,,,
ansible-hardening/tasks/auth.yml_(IaC)_,,,,,,,,,,,,,,,,,,,,,,,,,,
ansible-hardening/tasks/auditd.yml_(IaC)_,ansible-hardening/tasks/auth.yml_(IaC)_,,,,,,,,,,,,,,,,,,,,,,,,,
ansible-hardening/defaults/main.yml_(Other)_,ansible-hardening/releasenotes/notes/disable-netconsole-service-915bb33449b4012c.yaml_(Other)_,ansible-hardening/tasks/services.yml_(IaC)_,,,,,,,,,,,,,,,,,,,,,,,,
ansible-hardening/defaults/main.yml_(Other)_,ansible-hardening/releasenotes/notes/disabling-rdisc-centos-75115b3509941bfa.yaml_(Other)_,ansible-hardening/tasks/services.yml_(IaC)_,,,,,,,,,,,,,,,,,,,,,,,,
ansible-hardening/tasks/auditd.yml_(IaC)_,ansible-hardening/tasks/auth.yml_(IaC)_,,,,,,,,,,,,,,,,,,,,,,,,,
ansible-hardening/releasenotes/notes/fix-audit-log-permission-bug-81a772e2e6d0a5b3.yaml_(Other)_,ansible-hardening/tasks/auditd.yml_(IaC)_,,,,,,,,,,,,,,,,,,,,,,,,,
ansible-hardening/tasks/auth.yml_(IaC)_,,,,,,,,,,,,,,,,,,,,,,,,,,
ansible-hardening/defaults/main.yml_(Other)_,ansible-hardening/releasenotes/notes/enable-lsm-bae903e463079a3f.yaml_(Other)_,ansible-hardening/tasks/lsm.yml_(IaC)_,ansible-hardening/tasks/main.yml_(IaC)_,ansible-hardening/tasks/misc.yml_(IaC)_,,,,,,,,,,,,,,,,,,,,,,
ansible-hardening/defaults/main.yml_(Other)_,ansible-hardening/releasenotes/notes/auditing-mac-policy-changes-fb83e0260a6431ed.yaml_(Other)_,ansible-hardening/tasks/main.yml_(IaC)_,ansible-hardening/templates/osas-auditd.j2_(Other)_,,,,,,,,,,,,,,,,,,,,,,,
ansible-hardening/tasks/apt.yml_(IaC)_,ansible-hardening/tasks/auditd.yml_(IaC)_,ansible-hardening/tasks/auth.yml_(IaC)_,ansible-hardening/tasks/misc.yml_(IaC)_,ansible-hardening/tasks/nfsd.yml_(IaC)_,ansible-hardening/tasks/rpm.yml_(IaC)_,,,,,,,,,,,,,,,,,,,,,
ansible-hardening/tasks/auth.yml_(IaC)_,,,,,,,,,,,,,,,,,,,,,,,,,,
ansible-hardening/defaults/main.yml_(Other)_,ansible-hardening/releasenotes/notes/disable-graphical-interface-5db89cd1bef7e12d.yaml_(Other)_,ansible-hardening/tasks/misc.yml_(IaC)_,,,,,,,,,,,,,,,,,,,,,,,,
ansible-hardening/tasks/auth.yml_(IaC)_,,,,,,,,,,,,,,,,,,,,,,,,,,
ansible-hardening/releasenotes/notes/search-for-unlabeled-devices-cb047c5f767e93ce.yaml_(Other)_,ansible-hardening/tasks/misc.yml_(IaC)_,,,,,,,,,,,,,,,,,,,,,,,,,
ansible-hardening/tasks/main.yml_(IaC)_,,,,,,,,,,,,,,,,,,,,,,,,,,
ansible-hardening/tasks/lsm.yml_(IaC)_,,,,,,,,,,,,,,,,,,,,,,,,,,
ansible-hardening/tasks/nfsd.yml_(IaC)_,,,,,,,,,,,,,,,,,,,,,,,,,,
ansible-hardening/defaults/main.yml_(Other)_,ansible-hardening/tasks/kernel.yml_(IaC)_,,,,,,,,,,,,,,,,,,,,,,,,,
ansible-hardening/releasenotes/notes/fix-check-mode-with-tags-bf798856a27c53eb.yaml_(Other)_,ansible-hardening/tasks/main.yml_(IaC)_,,,,,,,,,,,,,,,,,,,,,,,,,
ansible-hardening/tasks/boot.yml_(IaC)_,ansible-hardening/vars/redhat.yml_(Other)_,ansible-hardening/vars/ubuntu.yml_(Other)_,,,,,,,,,,,,,,,,,,,,,,,,
ansible-hardening/releasenotes/notes/rhel-gpg-check-0b483a824314d1b3.yaml_(Other)_,ansible-hardening/tasks/rpm.yml_(IaC)_,,,,,,,,,,,,,,,,,,,,,,,,,
ansible-hardening/handlers/main.yml_(IaC)_,ansible-hardening/releasenotes/notes/augenrules-restart-39fe3e1e2de3eaba.yaml_(Other)_,,,,,,,,,,,,,,,,,,,,,,,,,
ansible-hardening/tasks/main.yml_(IaC)_,,,,,,,,,,,,,,,,,,,,,,,,,,
ansible-hardening/tasks/misc.yml_(IaC)_,,,,,,,,,,,,,,,,,,,,,,,,,,
ansible-hardening/tasks/misc.yml_(IaC)_,ansible-hardening/tasks/rpm.yml_(IaC)_,,,,,,,,,,,,,,,,,,,,,,,,,
ansible-hardening/tasks/misc.yml_(IaC)_,ansible-hardening/vars/redhat.yml_(Other)_,ansible-hardening/vars/ubuntu.yml_(Other)_,,,,,,,,,,,,,,,,,,,,,,,,
ansible-hardening/tasks/auditd.yml_(IaC)_,,,,,,,,,,,,,,,,,,,,,,,,,,
ansible-hardening/tasks/auditd.yml_(IaC)_,ansible-hardening/tasks/auth.yml_(IaC)_,ansible-hardening/tasks/console.yml_(IaC)_,ansible-hardening/tasks/main.yml_(IaC)_,ansible-hardening/tasks/misc.yml_(IaC)_,ansible-hardening/tasks/sshd.yml_(IaC)_,,,,,,,,,,,,,,,,,,,,,
ansible-hardening/defaults/main.yml_(Other)_,ansible-hardening/releasenotes/notes/package-state-6684c5634bdf127a.yaml_(Other)_,ansible-hardening/tasks/apt.yml_(IaC)_,ansible-hardening/tasks/auditd.yml_(IaC)_,ansible-hardening/tasks/auth.yml_(IaC)_,ansible-hardening/tasks/lsm.yml_(IaC)_,ansible-hardening/tasks/mail.yml_(IaC)_,ansible-hardening/tasks/misc.yml_(IaC)_,ansible-hardening/tasks/rpm.yml_(IaC)_,,,,,,,,,,,,,,,,,,
ansible-hardening/tasks/main.yml_(IaC)_,,,,,,,,,,,,,,,,,,,,,,,,,,
ansible-hardening/defaults/main.yml_(Other)_,ansible-hardening/releasenotes/notes/enable-tcp-syncookes-boolean-4a884a66a3a0e4d7.yaml_(Other)_,ansible-hardening/tasks/kernel.yml_(IaC)_,,,,,,,,,,,,,,,,,,,,,,,,
ansible-hardening/tasks/auditd.yml_(IaC)_,,,,,,,,,,,,,,,,,,,,,,,,,,
ansible-hardening/defaults/main.yml_(Other)_,ansible-hardening/tasks/kernel.yml_(IaC)_,,,,,,,,,,,,,,,,,,,,,,,,,
ansible-hardening/defaults/main.yml_(Other)_,ansible-hardening/releasenotes/notes/adding-v38526-381a407caa566b14.yaml_(Other)_,ansible-hardening/tasks/kernel.yml_(IaC)_,,,,,,,,,,,,,,,,,,,,,,,,
ansible-hardening/tasks/misc.yml_(IaC)_,ansible-hardening/vars/redhat.yml_(Other)_,ansible-hardening/vars/ubuntu.yml_(Other)_,,,,,,,,,,,,,,,,,,,,,,,,
ansible-hardening/tasks/misc.yml_(IaC)_,,,,,,,,,,,,,,,,,,,,,,,,,,
ansible-hardening/tasks/boot.yml_(IaC)_,,,,,,,,,,,,,,,,,,,,,,,,,,
ansible-hardening/defaults/main.yml_(Other)_,ansible-hardening/releasenotes/notes/adding-v38548-9c51b30bf9780ff3.yaml_(Other)_,ansible-hardening/tasks/kernel.yml_(IaC)_,,,,,,,,,,,,,,,,,,,,,,,,
ansible-hardening/defaults/main.yml_(Other)_,ansible-hardening/handlers/main.yml_(IaC)_,ansible-hardening/releasenotes/notes/aide-initialization-fix-16ab0223747d7719.yaml_(Other)_,ansible-hardening/tasks/aide.yml_(IaC)_,ansible-hardening/tasks/main.yml_(IaC)_,ansible-hardening/tasks/misc.yml_(IaC)_,ansible-hardening/vars/redhat.yml_(Other)_,ansible-hardening/vars/ubuntu.yml_(Other)_,,,,,,,,,,,,,,,,,,,
ansible-hardening/tasks/misc.yml_(IaC)_,,,,,,,,,,,,,,,,,,,,,,,,,,
ansible-hardening/tasks/auth.yml_(IaC)_,,,,,,,,,,,,,,,,,,,,,,,,,,
ansible-hardening/defaults/main.yml_(Other)_,ansible-hardening/releasenotes/notes/configurable-martian-logging-370ede40b036db0b.yaml_(Other)_,ansible-hardening/tasks/kernel.yml_(IaC)_,,,,,,,,,,,,,,,,,,,,,,,,
ansible-hardening/defaults/main.yml_(Other)_,ansible-hardening/handlers/main.yml_(IaC)_,ansible-hardening/releasenotes/notes/add-v38438-3f7e905892be4b4f.yaml_(Other)_,ansible-hardening/tasks/boot.yml_(IaC)_,ansible-hardening/vars/redhat.yml_(Other)_,ansible-hardening/vars/ubuntu.yml_(Other)_,,,,,,,,,,,,,,,,,,,,,
ansible-hardening/tasks/main.yml_(IaC)_,,,,,,,,,,,,,,,,,,,,,,,,,,
ansible-hardening/defaults/main.yml_(Other)_,ansible-hardening/tasks/main.yml_(IaC)_,ansible-hardening/tasks/rhel6stig/aide.yml_(IaC)_,ansible-hardening/tasks/rhel6stig/apt.yml_(IaC)_,ansible-hardening/tasks/rhel6stig/auditd.yml_(IaC)_,ansible-hardening/tasks/rhel6stig/auth.yml_(IaC)_,ansible-hardening/tasks/rhel6stig/boot.yml_(IaC)_,ansible-hardening/tasks/rhel6stig/console.yml_(IaC)_,ansible-hardening/tasks/rhel6stig/file_perms.yml_(IaC)_,ansible-hardening/tasks/rhel6stig/kernel.yml_(IaC)_,ansible-hardening/tasks/rhel6stig/lsm.yml_(IaC)_,ansible-hardening/tasks/rhel6stig/mail.yml_(IaC)_,ansible-hardening/tasks/rhel6stig/main.yml_(IaC)_,ansible-hardening/tasks/rhel6stig/misc.yml_(IaC)_,ansible-hardening/tasks/rhel6stig/nfsd.yml_(IaC)_,ansible-hardening/tasks/rhel6stig/rpm.yml_(IaC)_,ansible-hardening/tasks/rhel6stig/services.yml_(IaC)_,ansible-hardening/tasks/rhel6stig/sshd.yml_(IaC)_,ansible-hardening/tasks/rhel7stig/main.yml_(IaC)_,,,,,,,,
ansible-hardening/tasks/main.yml_(IaC)_,ansible-hardening/tasks/rhel6stig/apt.yml_(IaC)_,ansible-hardening/tests/test.yml_(Other)_,ansible-hardening/tests/test_check.yml_(Other)_,,,,,,,,,,,,,,,,,,,,,,,
ansible-hardening/defaults/main.yml_(Other)_,ansible-hardening/tasks/rhel7stig/file_perms.yml_(IaC)_,ansible-hardening/tasks/rhel7stig/main.yml_(IaC)_,,,,,,,,,,,,,,,,,,,,,,,,
ansible-hardening/tasks/rhel7stig/apt.yml_(IaC)_,ansible-hardening/tasks/rhel7stig/main.yml_(IaC)_,ansible-hardening/tasks/rhel7stig/rpm.yml_(IaC)_,,,,,,,,,,,,,,,,,,,,,,,,
ansible-hardening/defaults/main.yml_(Other)_,ansible-hardening/tasks/rhel7stig/auth.yml_(IaC)_,ansible-hardening/tasks/rhel7stig/main.yml_(IaC)_,,,,,,,,,,,,,,,,,,,,,,,,
ansible-hardening/tasks/rhel7stig/apt.yml_(IaC)_,ansible-hardening/tasks/rhel7stig/rpm.yml_(IaC)_,,,,,,,,,,,,,,,,,,,,,,,,,
ansible-hardening/defaults/main.yml_(Other)_,ansible-hardening/tasks/rhel7stig/main.yml_(IaC)_,ansible-hardening/tasks/rhel7stig/sshd.yml_(IaC)_,,,,,,,,,,,,,,,,,,,,,,,,
ansible-hardening/defaults/main.yml_(Other)_,ansible-hardening/tasks/rhel7stig/graphical.yml_(IaC)_,ansible-hardening/tasks/rhel7stig/main.yml_(IaC)_,,,,,,,,,,,,,,,,,,,,,,,,
ansible-hardening/tasks/rhel6stig/aide.yml_(IaC)_,ansible-hardening/tasks/rhel6stig/auditd.yml_(IaC)_,ansible-hardening/tasks/rhel6stig/auth.yml_(IaC)_,ansible-hardening/tasks/rhel6stig/misc.yml_(IaC)_,ansible-hardening/tasks/rhel6stig/nfsd.yml_(IaC)_,ansible-hardening/tasks/rhel6stig/services.yml_(IaC)_,ansible-hardening/tasks/rhel7stig/file_perms.yml_(IaC)_,,,,,,,,,,,,,,,,,,,,
ansible-hardening/defaults/main.yml_(Other)_,ansible-hardening/releasenotes/notes/chrony-config-variable-7a1a7862c05c9675.yaml_(Other)_,ansible-hardening/tasks/rhel6stig/aide.yml_(IaC)_,ansible-hardening/tasks/rhel6stig/apt.yml_(IaC)_,ansible-hardening/tasks/rhel6stig/auditd.yml_(IaC)_,ansible-hardening/tasks/rhel6stig/auth.yml_(IaC)_,ansible-hardening/tasks/rhel6stig/lsm.yml_(IaC)_,ansible-hardening/tasks/rhel6stig/mail.yml_(IaC)_,ansible-hardening/tasks/rhel6stig/misc.yml_(IaC)_,ansible-hardening/tasks/rhel6stig/rpm.yml_(IaC)_,ansible-hardening/tasks/rhel6stig/services.yml_(IaC)_,ansible-hardening/vars/redhat.yml_(Other)_,ansible-hardening/vars/ubuntu.yml_(Other)_,,,,,,,,,,,,,,
ansible-hardening/tasks/rhel6stig/apt.yml_(IaC)_,,,,,,,,,,,,,,,,,,,,,,,,,,
ansible-hardening/handlers/main.yml_(IaC)_,ansible-hardening/tests/test.yml_(Other)_,,,,,,,,,,,,,,,,,,,,,,,,,
ansible-hardening/handlers/main.yml_(IaC)_,ansible-hardening/tasks/rhel6stig/misc.yml_(IaC)_,ansible-hardening/vars/redhat.yml_(Other)_,ansible-hardening/vars/ubuntu.yml_(Other)_,,,,,,,,,,,,,,,,,,,,,,,
ansible-hardening/defaults/main.yml_(Other)_,ansible-hardening/tasks/rhel6stig/apt.yml_(IaC)_,ansible-hardening/tasks/rhel7stig/main.yml_(IaC)_,ansible-hardening/tasks/rhel7stig/packages.yml_(IaC)_,ansible-hardening/vars/redhat.yml_(Other)_,ansible-hardening/vars/ubuntu.yml_(Other)_,,,,,,,,,,,,,,,,,,,,,
ansible-hardening/defaults/main.yml_(Other)_,ansible-hardening/tasks/rhel7stig/apt.yml_(IaC)_,ansible-hardening/tasks/rhel7stig/rpm.yml_(IaC)_,,,,,,,,,,,,,,,,,,,,,,,,
ansible-hardening/tasks/rhel7stig/auth.yml_(IaC)_,ansible-hardening/tasks/rhel7stig/file_perms.yml_(IaC)_,ansible-hardening/tasks/rhel7stig/graphical.yml_(IaC)_,ansible-hardening/tasks/rhel7stig/main.yml_(IaC)_,ansible-hardening/tasks/rhel7stig/rpm.yml_(IaC)_,ansible-hardening/tasks/rhel7stig/sshd.yml_(IaC)_,,,,,,,,,,,,,,,,,,,,,
ansible-hardening/tasks/rhel7stig/packages.yml_(IaC)_,ansible-hardening/vars/redhat.yml_(Other)_,ansible-hardening/vars/ubuntu.yml_(Other)_,,,,,,,,,,,,,,,,,,,,,,,,
ansible-hardening/tasks/rhel7stig/packages.yml_(IaC)_,,,,,,,,,,,,,,,,,,,,,,,,,,
ansible-hardening/tasks/main.yml_(IaC)_,ansible-hardening/tasks/rhel6stig/aide.yml_(IaC)_,ansible-hardening/tasks/rhel6stig/apt.yml_(IaC)_,ansible-hardening/tasks/rhel6stig/auditd.yml_(IaC)_,ansible-hardening/tasks/rhel6stig/auth.yml_(IaC)_,ansible-hardening/tasks/rhel6stig/boot.yml_(IaC)_,ansible-hardening/tasks/rhel6stig/console.yml_(IaC)_,ansible-hardening/tasks/rhel6stig/mail.yml_(IaC)_,ansible-hardening/tasks/rhel6stig/misc.yml_(IaC)_,ansible-hardening/tasks/rhel6stig/nfsd.yml_(IaC)_,ansible-hardening/tasks/rhel6stig/rpm.yml_(IaC)_,ansible-hardening/tasks/rhel6stig/services.yml_(IaC)_,ansible-hardening/tasks/rhel6stig/sshd.yml_(IaC)_,ansible-hardening/tasks/rhel7stig/graphical.yml_(IaC)_,ansible-hardening/tasks/rhel7stig/sshd.yml_(IaC)_,,,,,,,,,,,,
ansible-hardening/defaults/main.yml_(Other)_,ansible-hardening/tasks/rhel7stig/auditd.yml_(IaC)_,ansible-hardening/vars/redhat.yml_(Other)_,ansible-hardening/vars/ubuntu.yml_(Other)_,,,,,,,,,,,,,,,,,,,,,,,
ansible-hardening/defaults/main.yml_(Other)_,ansible-hardening/tasks/rhel7stig/auditd.yml_(IaC)_,,,,,,,,,,,,,,,,,,,,,,,,,
ansible-hardening/defaults/main.yml_(Other)_,ansible-hardening/tasks/rhel7stig/sshd.yml_(IaC)_,ansible-hardening/templates/sshd_config_block.j2_(Other)_,,,,,,,,,,,,,,,,,,,,,,,,
ansible-hardening/tasks/main.yml_(IaC)_,ansible-hardening/tasks/rhel6stig/console.yml_(IaC)_,ansible-hardening/tasks/rhel6stig/misc.yml_(IaC)_,ansible-hardening/tasks/rhel6stig/services.yml_(IaC)_,,,,,,,,,,,,,,,,,,,,,,,
ansible-hardening/defaults/main.yml_(Other)_,ansible-hardening/tasks/rhel7stig/auditd.yml_(IaC)_,ansible-hardening/tasks/rhel7stig/main.yml_(IaC)_,ansible-hardening/templates/osas-auditd-rhel7.j2_(Other)_,,,,,,,,,,,,,,,,,,,,,,,
ansible-hardening/defaults/main.yml_(Other)_,ansible-hardening/tasks/rhel7stig/packages.yml_(IaC)_,ansible-hardening/tests/test.yml_(Other)_,,,,,,,,,,,,,,,,,,,,,,,,
ansible-hardening/defaults/main.yml_(Other)_,ansible-hardening/files/dconf-user-profile_(Other)_,ansible-hardening/handlers/main.yml_(IaC)_,ansible-hardening/tasks/rhel7stig/graphical.yml_(IaC)_,ansible-hardening/templates/dconf-screensaver-lock.j2_(Other)_,ansible-hardening/templates/dconf-session-user-config-lockout.j2_(Other)_,ansible-hardening/tests/test.yml_(Other)_,,,,,,,,,,,,,,,,,,,,
ansible-hardening/defaults/main.yml_(Other)_,ansible-hardening/handlers/main.yml_(IaC)_,ansible-hardening/tasks/rhel7stig/main.yml_(IaC)_,ansible-hardening/tasks/rhel7stig/misc.yml_(IaC)_,ansible-hardening/tasks/rhel7stig/packages.yml_(IaC)_,ansible-hardening/tests/test.yml_(Other)_,ansible-hardening/vars/redhat.yml_(Other)_,ansible-hardening/vars/ubuntu.yml_(Other)_,,,,,,,,,,,,,,,,,,,
ansible-hardening/defaults/main.yml_(Other)_,ansible-hardening/tasks/rhel7stig/apt.yml_(IaC)_,ansible-hardening/tasks/rhel7stig/rpm.yml_(IaC)_,ansible-hardening/vars/redhat.yml_(Other)_,,,,,,,,,,,,,,,,,,,,,,,
ansible-hardening/tasks/rhel7stig/sshd.yml_(IaC)_,,,,,,,,,,,,,,,,,,,,,,,,,,
ansible-hardening/tasks/rhel7stig/auth.yml_(IaC)_,,,,,,,,,,,,,,,,,,,,,,,,,,
ansible-hardening/defaults/main.yml_(Other)_,ansible-hardening/tasks/main.yml_(IaC)_,ansible-hardening/tasks/rhel7stig/kernel.yml_(IaC)_,ansible-hardening/tasks/rhel7stig/main.yml_(IaC)_,ansible-hardening/vars/sysctl.yml_(Other)_,,,,,,,,,,,,,,,,,,,,,,
ansible-hardening/tasks/rhel7stig/packages.yml_(IaC)_,ansible-hardening/vars/redhat.yml_(Other)_,ansible-hardening/vars/ubuntu.yml_(Other)_,,,,,,,,,,,,,,,,,,,,,,,,
ansible-hardening/tasks/rhel7stig/file_perms.yml_(IaC)_,,,,,,,,,,,,,,,,,,,,,,,,,,
ansible-hardening/defaults/main.yml_(Other)_,ansible-hardening/tasks/rhel7stig/auditd.yml_(IaC)_,ansible-hardening/templates/osas-auditd-rhel7.j2_(Other)_,ansible-hardening/vars/audit.yml_(Other)_,ansible-hardening/vars/redhat.yml_(Other)_,ansible-hardening/vars/ubuntu.yml_(Other)_,,,,,,,,,,,,,,,,,,,,,
ansible-hardening/tasks/rhel7stig/graphical.yml_(IaC)_,,,,,,,,,,,,,,,,,,,,,,,,,,
ansible-hardening/defaults/main.yml_(Other)_,ansible-hardening/files/dconf-profile-gdm_(Other)_,ansible-hardening/tasks/rhel7stig/graphical.yml_(IaC)_,ansible-hardening/templates/dconf-gdm-banner-message.j2_(Other)_,,,,,,,,,,,,,,,,,,,,,,,
ansible-hardening/tasks/main.yml_(IaC)_,,,,,,,,,,,,,,,,,,,,,,,,,,
ansible-hardening/tasks/main.yml_(IaC)_,ansible-hardening/tasks/rhel7stig/auditd.yml_(IaC)_,ansible-hardening/vars/common.yml_(Other)_,ansible-hardening/vars/main.yml_(Other)_,ansible-hardening/vars/redhat.yml_(Other)_,ansible-hardening/vars/sysctl.yml_(Other)_,ansible-hardening/vars/ubuntu.yml_(Other)_,,,,,,,,,,,,,,,,,,,,
ansible-hardening/defaults/main.yml_(Other)_,ansible-hardening/tasks/rhel7stig/auth.yml_(IaC)_,ansible-hardening/templates/pwquality.conf.j2_(Other)_,ansible-hardening/tests/test.yml_(Other)_,ansible-hardening/vars/common.yml_(Other)_,,,,,,,,,,,,,,,,,,,,,,
ansible-hardening/defaults/main.yml_(Other)_,ansible-hardening/tasks/rhel7stig/auth.yml_(IaC)_,,,,,,,,,,,,,,,,,,,,,,,,,
ansible-hardening/defaults/main.yml_(Other)_,ansible-hardening/tasks/rhel7stig/auth.yml_(IaC)_,,,,,,,,,,,,,,,,,,,,,,,,,
ansible-hardening/defaults/main.yml_(Other)_,ansible-hardening/tasks/rhel7stig/kernel.yml_(IaC)_,,,,,,,,,,,,,,,,,,,,,,,,,
ansible-hardening/defaults/main.yml_(Other)_,ansible-hardening/tasks/rhel7stig/lsm.yml_(IaC)_,ansible-hardening/tasks/rhel7stig/main.yml_(IaC)_,ansible-hardening/vars/redhat.yml_(Other)_,ansible-hardening/vars/ubuntu.yml_(Other)_,,,,,,,,,,,,,,,,,,,,,,
ansible-hardening/defaults/main.yml_(Other)_,ansible-hardening/tasks/rhel7stig/auditd.yml_(IaC)_,ansible-hardening/templates/osas-auditd-rhel7.j2_(Other)_,,,,,,,,,,,,,,,,,,,,,,,,
ansible-hardening/defaults/main.yml_(Other)_,ansible-hardening/tasks/rhel7stig/auth.yml_(IaC)_,,,,,,,,,,,,,,,,,,,,,,,,,
ansible-hardening/library/get_users_(Other)_,ansible-hardening/tasks/rhel7stig/auth.yml_(IaC)_,,,,,,,,,,,,,,,,,,,,,,,,,
ansible-hardening/defaults/main.yml_(Other)_,ansible-hardening/tasks/rhel7stig/auth.yml_(IaC)_,,,,,,,,,,,,,,,,,,,,,,,,,
ansible-hardening/tasks/rhel7stig/auth.yml_(IaC)_,,,,,,,,,,,,,,,,,,,,,,,,,,
ansible-hardening/tasks/rhel7stig/auth.yml_(IaC)_,,,,,,,,,,,,,,,,,,,,,,,,,,
ansible-hardening/defaults/main.yml_(Other)_,ansible-hardening/tasks/rhel7stig/auth.yml_(IaC)_,,,,,,,,,,,,,,,,,,,,,,,,,
ansible-hardening/defaults/main.yml_(Other)_,ansible-hardening/tasks/rhel7stig/file_perms.yml_(IaC)_,ansible-hardening/tests/test.yml_(Other)_,,,,,,,,,,,,,,,,,,,,,,,,
ansible-hardening/defaults/main.yml_(Other)_,ansible-hardening/tasks/rhel7stig/misc.yml_(IaC)_,,,,,,,,,,,,,,,,,,,,,,,,,
ansible-hardening/defaults/main.yml_(Other)_,ansible-hardening/handlers/main.yml_(IaC)_,ansible-hardening/tasks/rhel7stig/misc.yml_(IaC)_,,,,,,,,,,,,,,,,,,,,,,,,
ansible-hardening/defaults/main.yml_(Other)_,ansible-hardening/tasks/rhel7stig/misc.yml_(IaC)_,ansible-hardening/tests/test.yml_(Other)_,ansible-hardening/vars/redhat.yml_(Other)_,ansible-hardening/vars/ubuntu.yml_(Other)_,,,,,,,,,,,,,,,,,,,,,,
ansible-hardening/defaults/main.yml_(Other)_,ansible-hardening/tasks/rhel7stig/sshd.yml_(IaC)_,,,,,,,,,,,,,,,,,,,,,,,,,
ansible-hardening/defaults/main.yml_(Other)_,ansible-hardening/tasks/rhel7stig/sshd.yml_(IaC)_,,,,,,,,,,,,,,,,,,,,,,,,,
ansible-hardening/tasks/rhel7stig/auth.yml_(IaC)_,,,,,,,,,,,,,,,,,,,,,,,,,,
ansible-hardening/defaults/main.yml_(Other)_,ansible-hardening/tasks/rhel7stig/misc.yml_(IaC)_,,,,,,,,,,,,,,,,,,,,,,,,,
ansible-hardening/tasks/rhel7stig/misc.yml_(IaC)_,,,,,,,,,,,,,,,,,,,,,,,,,,
ansible-hardening/defaults/main.yml_(Other)_,ansible-hardening/tasks/rhel7stig/auth.yml_(IaC)_,ansible-hardening/vars/common.yml_(Other)_,,,,,,,,,,,,,,,,,,,,,,,,
ansible-hardening/tasks/rhel7stig/main.yml_(IaC)_,,,,,,,,,,,,,,,,,,,,,,,,,,
ansible-hardening/defaults/main.yml_(Other)_,ansible-hardening/tasks/rhel7stig/auth.yml_(IaC)_,ansible-hardening/tests/test.yml_(Other)_,,,,,,,,,,,,,,,,,,,,,,,,
ansible-hardening/defaults/main.yml_(Other)_,ansible-hardening/tasks/rhel7stig/auth.yml_(IaC)_,ansible-hardening/templates/pwquality.conf.j2_(Other)_,ansible-hardening/vars/common.yml_(Other)_,,,,,,,,,,,,,,,,,,,,,,,
ansible-hardening/defaults/main.yml_(Other)_,ansible-hardening/tasks/rhel7stig/auth.yml_(IaC)_,ansible-hardening/templates/pam_faillock.j2_(Other)_,,,,,,,,,,,,,,,,,,,,,,,,
ansible-hardening/defaults/main.yml_(Other)_,ansible-hardening/tasks/rhel7stig/kernel.yml_(IaC)_,,,,,,,,,,,,,,,,,,,,,,,,,
ansible-hardening/tasks/rhel7stig/auditd.yml_(IaC)_,,,,,,,,,,,,,,,,,,,,,,,,,,
ansible-hardening/defaults/main.yml_(Other)_,ansible-hardening/tasks/rhel7stig/auth.yml_(IaC)_,ansible-hardening/tests/test.yml_(Other)_,,,,,,,,,,,,,,,,,,,,,,,,
ansible-hardening/defaults/main.yml_(Other)_,ansible-hardening/tasks/rhel7stig/auth.yml_(IaC)_,,,,,,,,,,,,,,,,,,,,,,,,,
ansible-hardening/defaults/main.yml_(Other)_,ansible-hardening/tasks/rhel7stig/auditd.yml_(IaC)_,ansible-hardening/vars/common.yml_(Other)_,ansible-hardening/vars/redhat.yml_(Other)_,,,,,,,,,,,,,,,,,,,,,,,
ansible-hardening/tasks/rhel7stig/auth.yml_(IaC)_,,,,,,,,,,,,,,,,,,,,,,,,,,
ansible-hardening/library/get_users_(Other)_,ansible-hardening/tasks/rhel7stig/auth.yml_(IaC)_,,,,,,,,,,,,,,,,,,,,,,,,,
ansible-hardening/tasks/rhel7stig/lsm.yml_(IaC)_,,,,,,,,,,,,,,,,,,,,,,,,,,
ansible-hardening/defaults/main.yml_(Other)_,ansible-hardening/tasks/rhel7stig/aide.yml_(IaC)_,ansible-hardening/tasks/rhel7stig/main.yml_(IaC)_,ansible-hardening/tests/test.yml_(Other)_,ansible-hardening/vars/redhat.yml_(Other)_,ansible-hardening/vars/ubuntu.yml_(Other)_,,,,,,,,,,,,,,,,,,,,,
ansible-hardening/defaults/main.yml_(Other)_,ansible-hardening/tasks/rhel7stig/packages.yml_(IaC)_,ansible-hardening/tests/test.yml_(Other)_,ansible-hardening/vars/redhat.yml_(Other)_,ansible-hardening/vars/ubuntu.yml_(Other)_,,,,,,,,,,,,,,,,,,,,,,
ansible-hardening/defaults/main.yml_(Other)_,ansible-hardening/handlers/main.yml_(IaC)_,ansible-hardening/tasks/main.yml_(IaC)_,ansible-hardening/tasks/rhel7stig/auth.yml_(IaC)_,ansible-hardening/tests/test.yml_(Other)_,ansible-hardening/vars/redhat.yml_(Other)_,ansible-hardening/vars/ubuntu.yml_(Other)_,,,,,,,,,,,,,,,,,,,,
ansible-hardening/tasks/rhel7stig/auth.yml_(IaC)_,,,,,,,,,,,,,,,,,,,,,,,,,,
ansible-hardening/tasks/rhel7stig/auth.yml_(IaC)_,,,,,,,,,,,,,,,,,,,,,,,,,,
ansible-hardening/tasks/rhel7stig/auth.yml_(IaC)_,ansible-hardening/vars/redhat.yml_(Other)_,ansible-hardening/vars/ubuntu.yml_(Other)_,,,,,,,,,,,,,,,,,,,,,,,,
ansible-hardening/defaults/main.yml_(Other)_,ansible-hardening/tasks/rhel7stig/auth.yml_(IaC)_,,,,,,,,,,,,,,,,,,,,,,,,,
ansible-hardening/files/aide_extra.conf_(Other)_,ansible-hardening/tasks/rhel7stig/aide.yml_(IaC)_,,,,,,,,,,,,,,,,,,,,,,,,,
ansible-hardening/tasks/rhel7stig/auditd.yml_(IaC)_,ansible-hardening/vars/common.yml_(Other)_,,,,,,,,,,,,,,,,,,,,,,,,,
ansible-hardening/tasks/rhel7stig/misc.yml_(IaC)_,,,,,,,,,,,,,,,,,,,,,,,,,,
ansible-hardening/defaults/main.yml_(Other)_,ansible-hardening/tasks/rhel7stig/misc.yml_(IaC)_,,,,,,,,,,,,,,,,,,,,,,,,,
ansible-hardening/defaults/main.yml_(Other)_,ansible-hardening/tasks/rhel7stig/misc.yml_(IaC)_,ansible-hardening/templates/chrony.conf.j2_(Other)_,,,,,,,,,,,,,,,,,,,,,,,,
ansible-hardening/defaults/main.yml_(Other)_,ansible-hardening/tasks/rhel7stig/misc.yml_(IaC)_,,,,,,,,,,,,,,,,,,,,,,,,,
ansible-hardening/tasks/rhel7stig/misc.yml_(IaC)_,,,,,,,,,,,,,,,,,,,,,,,,,,
ansible-hardening/tasks/rhel7stig/misc.yml_(IaC)_,,,,,,,,,,,,,,,,,,,,,,,,,,
ansible-hardening/tasks/rhel7stig/sshd.yml_(IaC)_,,,,,,,,,,,,,,,,,,,,,,,,,,
ansible-hardening/tasks/rhel7stig/misc.yml_(IaC)_,,,,,,,,,,,,,,,,,,,,,,,,,,
ansible-hardening/tasks/rhel6stig/file_perms.yml_(IaC)_,ansible-hardening/tasks/rhel7stig/kernel.yml_(IaC)_,ansible-hardening/tasks/rhel7stig/misc.yml_(IaC)_,ansible-hardening/tests/test.yml_(Other)_,,,,,,,,,,,,,,,,,,,,,,,
ansible-hardening/tasks/rhel7stig/misc.yml_(IaC)_,,,,,,,,,,,,,,,,,,,,,,,,,,
ansible-hardening/tasks/rhel7stig/kernel.yml_(IaC)_,ansible-hardening/tasks/rhel7stig/packages.yml_(IaC)_,ansible-hardening/vars/redhat.yml_(Other)_,,,,,,,,,,,,,,,,,,,,,,,,
ansible-hardening/defaults/main.yml_(Other)_,ansible-hardening/tasks/rhel7stig/file_perms.yml_(IaC)_,ansible-hardening/tests/test.yml_(Other)_,,,,,,,,,,,,,,,,,,,,,,,,
ansible-hardening/tasks/rhel7stig/file_perms.yml_(IaC)_,,,,,,,,,,,,,,,,,,,,,,,,,,
ansible-hardening/tasks/rhel7stig/file_perms.yml_(IaC)_,,,,,,,,,,,,,,,,,,,,,,,,,,
ansible-hardening/tasks/rhel6stig/rpm.yml_(IaC)_,,,,,,,,,,,,,,,,,,,,,,,,,,
ansible-hardening/tasks/rhel6stig/auditd.yml_(IaC)_,ansible-hardening/tasks/rhel7stig/auditd.yml_(IaC)_,ansible-hardening/templates/osas-auditd-rhel7.j2_(Other)_,ansible-hardening/templates/osas-auditd.j2_(Other)_,ansible-hardening/tests/test.yml_(Other)_,,,,,,,,,,,,,,,,,,,,,,
ansible-hardening/tasks/rhel7stig/lsm.yml_(IaC)_,,,,,,,,,,,,,,,,,,,,,,,,,,
ansible-hardening/tasks/rhel7stig/file_perms.yml_(IaC)_,,,,,,,,,,,,,,,,,,,,,,,,,,
ansible-hardening/tasks/rhel6stig/apt.yml_(IaC)_,ansible-hardening/tasks/rhel6stig/rpm.yml_(IaC)_,ansible-hardening/tasks/rhel7stig/packages.yml_(IaC)_,,,,,,,,,,,,,,,,,,,,,,,,
ansible-hardening/tasks/rhel7stig/misc.yml_(IaC)_,,,,,,,,,,,,,,,,,,,,,,,,,,
ansible-hardening/tasks/rhel7stig/kernel.yml_(IaC)_,,,,,,,,,,,,,,,,,,,,,,,,,,
ansible-hardening/tasks/main.yml_(IaC)_,,,,,,,,,,,,,,,,,,,,,,,,,,
ansible-hardening/tasks/rhel7stig/file_perms.yml_(IaC)_,ansible-hardening/test_plugins/custom_tests.py_(Other)_,,,,,,,,,,,,,,,,,,,,,,,,,
ansible-hardening/tasks/rhel7stig/auth.yml_(IaC)_,ansible-hardening/vars/common.yml_(Other)_,,,,,,,,,,,,,,,,,,,,,,,,,
ansible-hardening/tasks/rhel6stig/apt.yml_(IaC)_,ansible-hardening/tasks/rhel7stig/apt.yml_(IaC)_,,,,,,,,,,,,,,,,,,,,,,,,,
ansible-hardening/tasks/rhel7stig/file_perms.yml_(IaC)_,,,,,,,,,,,,,,,,,,,,,,,,,,
ansible-hardening/tasks/rhel7stig/misc.yml_(IaC)_,,,,,,,,,,,,,,,,,,,,,,,,,,
ansible-hardening/tasks/rhel7stig/main.yml_(IaC)_,ansible-hardening/tasks/rhel7stig/rpm.yml_(IaC)_,,,,,,,,,,,,,,,,,,,,,,,,,
ansible-hardening/tasks/rhel7stig/sshd.yml_(IaC)_,,,,,,,,,,,,,,,,,,,,,,,,,,
ansible-hardening/tasks/rhel7stig/apt.yml_(IaC)_,,,,,,,,,,,,,,,,,,,,,,,,,,
ansible-hardening/tasks/rhel6stig/misc.yml_(IaC)_,,,,,,,,,,,,,,,,,,,,,,,,,,
ansible-hardening/tasks/rhel7stig/lsm.yml_(IaC)_,,,,,,,,,,,,,,,,,,,,,,,,,,
ansible-hardening/tasks/main.yml_(IaC)_,,,,,,,,,,,,,,,,,,,,,,,,,,
ansible-hardening/tasks/main.yml_(IaC)_,ansible-hardening/vars/common.yml_(Other)_,ansible-hardening/vars/main.yml_(Other)_,,,,,,,,,,,,,,,,,,,,,,,,
ansible-hardening/tasks/rhel6stig/auth.yml_(IaC)_,,,,,,,,,,,,,,,,,,,,,,,,,,
ansible-hardening/defaults/main.yml_(Other)_,ansible-hardening/doc/metadata/U_Red_Hat_Enterprise_Linux_7_STIG_V1R0-2_Manual-xccdf.xml_(Other)_,ansible-hardening/doc/metadata/U_Red_Hat_Enterprise_Linux_7_STIG_V1R1_Manual-xccdf.xml_(Other)_,ansible-hardening/doc/metadata/stig_to_rst.py_(Other)_,ansible-hardening/doc/source/_exts/metadata-docs-rhel7.py_(Other)_,ansible-hardening/releasenotes/notes/stig-rhel7-version-1-renumbering-fiesta-aa047fea3ea35e74.yaml_(Other)_,ansible-hardening/tasks/rhel7stig/aide.yml_(IaC)_,ansible-hardening/tasks/rhel7stig/apt.yml_(IaC)_,ansible-hardening/tasks/rhel7stig/auditd.yml_(IaC)_,ansible-hardening/tasks/rhel7stig/auth.yml_(IaC)_,ansible-hardening/tasks/rhel7stig/file_perms.yml_(IaC)_,ansible-hardening/tasks/rhel7stig/graphical.yml_(IaC)_,ansible-hardening/tasks/rhel7stig/kernel.yml_(IaC)_,ansible-hardening/tasks/rhel7stig/lsm.yml_(IaC)_,ansible-hardening/tasks/rhel7stig/misc.yml_(IaC)_,ansible-hardening/tasks/rhel7stig/packages.yml_(IaC)_,ansible-hardening/tasks/rhel7stig/rpm.yml_(IaC)_,ansible-hardening/tasks/rhel7stig/sshd.yml_(IaC)_,ansible-hardening/templates/dconf-screensaver-lock.j2_(Other)_,ansible-hardening/templates/dconf-session-user-config-lockout.j2_(Other)_,ansible-hardening/templates/osas-auditd-rhel7.j2_(Other)_,ansible-hardening/templates/pam_faillock.j2_(Other)_,ansible-hardening/templates/sshd_config_block.j2_(Other)_,ansible-hardening/vars/main.yml_(Other)_,ansible-hardening/vars/redhat.yml_(Other)_,,
ansible-hardening/tasks/rhel6stig/file_perms.yml_(IaC)_,ansible-hardening/vars/redhat.yml_(Other)_,ansible-hardening/vars/ubuntu.yml_(Other)_,,,,,,,,,,,,,,,,,,,,,,,,
ansible-hardening/defaults/main.yml_(Other)_,ansible-hardening/releasenotes/notes/customizable-login-banner-string-d8d5ae874e8e49f3.yaml_(Other)_,ansible-hardening/tasks/rhel7stig/misc.yml_(IaC)_,ansible-hardening/tasks/rhel7stig/sshd.yml_(IaC)_,,,,,,,,,,,,,,,,,,,,,,,
ansible-hardening/handlers/main.yml_(IaC)_,ansible-hardening/tasks/main.yml_(IaC)_,ansible-hardening/vars/redhat.yml_(Other)_,ansible-hardening/vars/ubuntu.yml_(Other)_,,,,,,,,,,,,,,,,,,,,,,,
ansible-hardening/defaults/main.yml_(Other)_,ansible-hardening/tasks/rhel7stig/misc.yml_(IaC)_,ansible-hardening/tests/test.yml_(Other)_,,,,,,,,,,,,,,,,,,,,,,,,
ansible-hardening/tasks/rhel7stig/misc.yml_(IaC)_,,,,,,,,,,,,,,,,,,,,,,,,,,
ansible-hardening/tasks/main.yml_(IaC)_,ansible-hardening/tests/test.yml_(Other)_,,,,,,,,,,,,,,,,,,,,,,,,,
ansible-hardening/files/aide_extra.conf_(Other)_,ansible-hardening/tasks/rhel7stig/aide.yml_(IaC)_,,,,,,,,,,,,,,,,,,,,,,,,,
ansible-hardening/tasks/rhel7stig/auth.yml_(IaC)_,,,,,,,,,,,,,,,,,,,,,,,,,,
ansible-hardening/tasks/rhel7stig/packages.yml_(IaC)_,ansible-hardening/tests/test.yml_(Other)_,,,,,,,,,,,,,,,,,,,,,,,,,
ansible-hardening/tasks/rhel7stig/aide.yml_(IaC)_,,,,,,,,,,,,,,,,,,,,,,,,,,
ansible-hardening/tasks/rhel7stig/accounts.yml_(IaC)_,ansible-hardening/tasks/rhel7stig/auth.yml_(IaC)_,ansible-hardening/tasks/rhel7stig/main.yml_(IaC)_,,,,,,,,,,,,,,,,,,,,,,,,
ansible-hardening/tasks/rhel7stig/lsm.yml_(IaC)_,ansible-hardening/tasks/rhel7stig/packages.yml_(IaC)_,ansible-hardening/vars/debian.yml_(Other)_,,,,,,,,,,,,,,,,,,,,,,,,
ansible-hardening/tasks/rhel7stig/auth.yml_(IaC)_,,,,,,,,,,,,,,,,,,,,,,,,,,
ansible-hardening/tasks/rhel7stig/lsm.yml_(IaC)_,,,,,,,,,,,,,,,,,,,,,,,,,,
ansible-hardening/run_tests.sh_(Other)_,ansible-hardening/tasks/rhel7stig/dnf.yml_(IaC)_,ansible-hardening/tasks/rhel7stig/main.yml_(IaC)_,ansible-hardening/tasks/rhel7stig/packages.yml_(IaC)_,ansible-hardening/tasks/rhel7stig/yum.yml_(IaC)_,ansible-hardening/vars/redhat.yml_(Other)_,,,,,,,,,,,,,,,,,,,,,
ansible-hardening/defaults/main.yml_(Other)_,ansible-hardening/doc/source/conf.py_(Other)_,ansible-hardening/files/V-38682-modprobe.conf_(Other)_,ansible-hardening/setup.cfg_(Other)_,ansible-hardening/tasks/rhel6stig/sshd.yml_(IaC)_,ansible-hardening/tasks/rhel7stig/accounts.yml_(IaC)_,ansible-hardening/tasks/rhel7stig/aide.yml_(IaC)_,ansible-hardening/tasks/rhel7stig/auth.yml_(IaC)_,ansible-hardening/tasks/rhel7stig/kernel.yml_(IaC)_,ansible-hardening/tasks/rhel7stig/misc.yml_(IaC)_,ansible-hardening/tasks/rhel7stig/sshd.yml_(IaC)_,ansible-hardening/templates/osas-auditd-rhel7.j2_(Other)_,ansible-hardening/tests/vagrant.yml_(Other)_,,,,,,,,,,,,,,
ansible-hardening/tasks/rhel7stig/main.yml_(IaC)_,ansible-hardening/vars/debian.yml_(Other)_,ansible-hardening/vars/redhat.yml_(Other)_,,,,,,,,,,,,,,,,,,,,,,,,
ansible-hardening/defaults/main.yml_(Other)_,ansible-hardening/tasks/rhel7stig/accounts.yml_(IaC)_,ansible-hardening/tests/test.yml_(Other)_,,,,,,,,,,,,,,,,,,,,,,,,
ansible-hardening/tasks/rhel7stig/sshd.yml_(IaC)_,,,,,,,,,,,,,,,,,,,,,,,,,,
ansible-hardening/tasks/rhel7stig/sshd.yml_(IaC)_,,,,,,,,,,,,,,,,,,,,,,,,,,
ansible-hardening/tasks/rhel7stig/aide.yml_(IaC)_,,,,,,,,,,,,,,,,,,,,,,,,,,
ansible-hardening/tasks/rhel7stig/aide.yml_(IaC)_,,,,,,,,,,,,,,,,,,,,,,,,,,
ansible-hardening/files/zypper-autoupdates_(Other)_,ansible-hardening/meta/main.yml_(Other)_,ansible-hardening/tasks/rhel7stig/aide.yml_(IaC)_,ansible-hardening/tasks/rhel7stig/auth.yml_(IaC)_,ansible-hardening/tasks/rhel7stig/file_perms.yml_(IaC)_,ansible-hardening/tasks/rhel7stig/kernel.yml_(IaC)_,ansible-hardening/tasks/rhel7stig/lsm.yml_(IaC)_,ansible-hardening/tasks/rhel7stig/main.yml_(IaC)_,ansible-hardening/tasks/rhel7stig/packages.yml_(IaC)_,ansible-hardening/tasks/rhel7stig/zypper.yml_(IaC)_,ansible-hardening/vars/debian.yml_(Other)_,ansible-hardening/vars/redhat.yml_(Other)_,ansible-hardening/vars/suse.yml_(Other)_,,,,,,,,,,,,,,
ansible-hardening/tasks/rhel7stig/apt.yml_(IaC)_,ansible-hardening/tasks/rhel7stig/dnf.yml_(IaC)_,ansible-hardening/tasks/rhel7stig/dnf.yml_(IaC)_,ansible-hardening/tasks/rhel7stig/packages.yml_(IaC)_,ansible-hardening/tasks/rhel7stig/rpm.yml_(IaC)_,ansible-hardening/tasks/rhel7stig/yum.yml_(IaC)_,ansible-hardening/tasks/rhel7stig/zypper.yml_(IaC)_,,,,,,,,,,,,,,,,,,,,
ansible-hardening/tasks/rhel7stig/async_tasks.yml_(IaC)_,ansible-hardening/tasks/rhel7stig/auth.yml_(IaC)_,ansible-hardening/tasks/rhel7stig/main.yml_(IaC)_,,,,,,,,,,,,,,,,,,,,,,,,
ansible-hardening/tasks/rhel7stig/accounts.yml_(IaC)_,,,,,,,,,,,,,,,,,,,,,,,,,,
ansible-hardening/tasks/rhel7stig/auth.yml_(IaC)_,,,,,,,,,,,,,,,,,,,,,,,,,,
ansible-hardening/defaults/main.yml_(Other)_,ansible-hardening/releasenotes/notes/conditionally-install-epel-9e8e1b67e5943019.yaml_(Other)_,ansible-hardening/tasks/main.yml_(IaC)_,ansible-hardening/tasks/rhel6stig/main.yml_(IaC)_,ansible-hardening/tasks/rhel7stig/main.yml_(IaC)_,,,,,,,,,,,,,,,,,,,,,,
ansible-hardening/defaults/main.yml_(Other)_,ansible-hardening/releasenotes/notes/allow-custom-epel-release-packages-b409be1aa46ee9c3.yaml_(Other)_,ansible-hardening/tasks/rhel6stig/main.yml_(IaC)_,ansible-hardening/tasks/rhel7stig/main.yml_(IaC)_,,,,,,,,,,,,,,,,,,,,,,,
ansible-hardening/tasks/rhel7stig/auditd.yml_(IaC)_,,,,,,,,,,,,,,,,,,,,,,,,,,
ansible-hardening/Vagrantfile_(Other)_,ansible-hardening/run_tests.sh_(Other)_,ansible-hardening/tasks/rhel7stig/lsm.yml_(IaC)_,,,,,,,,,,,,,,,,,,,,,,,,
ansible-hardening/releasenotes/notes/skip-sysctl-when-disabled-b32eca48df5b1437.yaml_(Other)_,ansible-hardening/tasks/rhel7stig/kernel.yml_(IaC)_,ansible-hardening/vars/main.yml_(Other)_,,,,,,,,,,,,,,,,,,,,,,,,
ansible-hardening/defaults/main.yml_(Other)_,ansible-hardening/tasks/rhel7stig/dnf.yml_(IaC)_,ansible-hardening/vars/redhat.yml_(Other)_,,,,,,,,,,,,,,,,,,,,,,,,
ansible-hardening/tasks/rhel7stig/lsm.yml_(IaC)_,,,,,,,,,,,,,,,,,,,,,,,,,,
ansible-hardening/tasks/rhel7stig/lsm.yml_(IaC)_,,,,,,,,,,,,,,,,,,,,,,,,,,
ansible-hardening/tasks/rhel7stig/auth.yml_(IaC)_,,,,,,,,,,,,,,,,,,,,,,,,,,
ansible-hardening/defaults/main.yml_(Other)_,ansible-hardening/doc/metadata/U_Red_Hat_Enterprise_Linux_7_STIG_V1R2_Manual-xccdf.xml_(Other)_,ansible-hardening/doc/metadata/stig_to_rst.py_(Other)_,ansible-hardening/doc/source/_exts/metadata-docs-rhel7.py_(Other)_,ansible-hardening/releasenotes/notes/remove-v72181-e29b9f5d9c971541.yaml_(Other)_,ansible-hardening/tasks/rhel7stig/auditd.yml_(IaC)_,ansible-hardening/vars/main.yml_(Other)_,,,,,,,,,,,,,,,,,,,,
ansible-hardening/defaults/main.yml_(Other)_,ansible-hardening/releasenotes/notes/world-writable-file-search-optional-7420269230a0e22f.yaml_(Other)_,ansible-hardening/tasks/rhel7stig/file_perms.yml_(IaC)_,,,,,,,,,,,,,,,,,,,,,,,,
ansible-hardening/tasks/rhel7stig/sshd.yml_(IaC)_,,,,,,,,,,,,,,,,,,,,,,,,,,
ansible-hardening/defaults/main.yml_(Other)_,ansible-hardening/doc/metadata/U_Red_Hat_Enterprise_Linux_7_STIG_V1R3_Manual-xccdf.xml_(Other)_,ansible-hardening/doc/source/_exts/metadata-docs-rhel7.py_(Other)_,ansible-hardening/releasenotes/notes/rhel7-stig-v1r3-update-c533ed40ba609ccf.yaml_(Other)_,ansible-hardening/tasks/rhel7stig/kernel.yml_(IaC)_,ansible-hardening/vars/main.yml_(Other)_,,,,,,,,,,,,,,,,,,,,,
ansible-hardening/defaults/main.yml_(Other)_,ansible-hardening/releasenotes/notes/disable-check-of-package-checksums-by-default-3543840512c348d6.yaml_(Other)_,ansible-hardening/tasks/rhel7stig/apt.yml_(IaC)_,ansible-hardening/tasks/rhel7stig/rpm.yml_(IaC)_,ansible-hardening/tasks/rhel7stig/zypper.yml_(IaC)_,,,,,,,,,,,,,,,,,,,,,,
ansible-hardening/defaults/main.yml_(Other)_,ansible-hardening/tasks/contrib/main.yml_(IaC)_,ansible-hardening/tasks/main.yml_(IaC)_,ansible-hardening/tasks/rhel7stig/kernel.yml_(IaC)_,ansible-hardening/tests/test.yml_(Other)_,ansible-hardening/vars/main.yml_(Other)_,,,,,,,,,,,,,,,,,,,,,
ansible-hardening/handlers/main.yml_(IaC)_,,,,,,,,,,,,,,,,,,,,,,,,,,
ansible-hardening/tasks/rhel7stig/file_perms.yml_(IaC)_,ansible-hardening/tests/test.yml_(Other)_,,,,,,,,,,,,,,,,,,,,,,,,,
ansible-hardening/tasks/rhel7stig/sshd.yml_(IaC)_,,,,,,,,,,,,,,,,,,,,,,,,,,
ansible-hardening/tasks/rhel7stig/auth.yml_(IaC)_,ansible-hardening/vars/debian.yml_(Other)_,ansible-hardening/vars/main.yml_(Other)_,ansible-hardening/vars/redhat.yml_(Other)_,ansible-hardening/vars/suse.yml_(Other)_,,,,,,,,,,,,,,,,,,,,,,
ansible-hardening/tasks/rhel7stig/async_tasks.yml_(IaC)_,ansible-hardening/tasks/rhel7stig/auth.yml_(IaC)_,ansible-hardening/tasks/rhel7stig/rpm.yml_(IaC)_,ansible-hardening/tasks/rhel7stig/zypper.yml_(IaC)_,,,,,,,,,,,,,,,,,,,,,,,
ansible-hardening/tasks/rhel7stig/misc.yml_(IaC)_,,,,,,,,,,,,,,,,,,,,,,,,,,
ansible-hardening/tasks/rhel7stig/auth.yml_(IaC)_,ansible-hardening/vars/main.yml_(Other)_,,,,,,,,,,,,,,,,,,,,,,,,,
ansible-hardening/tasks/main.yml_(IaC)_,ansible-hardening/tasks/rhel7stig/dnf.yml_(IaC)_,ansible-hardening/tasks/rhel7stig/main.yml_(IaC)_,ansible-hardening/tasks/rhel7stig/yum.yml_(IaC)_,,,,,,,,,,,,,,,,,,,,,,,
ansible-hardening/tasks/rhel7stig/aide.yml_(IaC)_,,,,,,,,,,,,,,,,,,,,,,,,,,
ansible-hardening/tasks/rhel7stig/lsm.yml_(IaC)_,,,,,,,,,,,,,,,,,,,,,,,,,,