algo/.travis.yml_(Other)_,algo/algo_(Other)_,algo/ansible.cfg_(Other)_,algo/cloud.yml_(Other)_,algo/config.cfg_(Other)_,algo/deploy.yml_(Other)_,algo/input.yml_(Other)_,algo/library/digital_ocean_tag.py_(Other)_,algo/library/ec2_ami_copy.py_(Other)_,algo/library/gce_region_facts.py_(Other)_,algo/library/lightsail_region_facts.py_(Other)_,algo/main.yml_(Other)_,algo/playbooks/cloud-post.yml_(IaC)_,algo/playbooks/cloud-pre.yml_(IaC)_,algo/playbooks/common.yml_(IaC)_,algo/playbooks/facts/FreeBSD.yml_(IaC)_,algo/playbooks/facts/main.yml_(IaC)_,algo/playbooks/freebsd.yml_(IaC)_,algo/playbooks/local.yml_(IaC)_,algo/playbooks/local_ssh.yml_(IaC)_,algo/playbooks/post.yml_(IaC)_,algo/playbooks/ubuntu.yml_(IaC)_,algo/roles/client/tasks/main.yml_(IaC)_,algo/roles/cloud-azure/defaults/main.yml_(Other)_,algo/roles/cloud-azure/handlers/main.yml_(IaC)_,algo/roles/cloud-azure/tasks/main.yml_(IaC)_,algo/roles/cloud-azure/tasks/prompts.yml_(IaC)_,algo/roles/cloud-digitalocean/handlers/main.yml_(IaC)_,algo/roles/cloud-digitalocean/tasks/main.yml_(IaC)_,algo/roles/cloud-digitalocean/tasks/prompts.yml_(IaC)_,algo/roles/cloud-digitalocean/templates/20-ipv6.cfg.j2_(Other)_,algo/roles/cloud-ec2/defaults/main.yml_(Other)_,algo/roles/cloud-ec2/handlers/main.yml_(IaC)_,algo/roles/cloud-ec2/tasks/cloudformation.yml_(IaC)_,algo/roles/cloud-ec2/tasks/encrypt_image.yml_(IaC)_,algo/roles/cloud-ec2/tasks/main.yml_(IaC)_,algo/roles/cloud-ec2/tasks/prompts.yml_(IaC)_,algo/roles/cloud-gce/handlers/main.yml_(IaC)_,algo/roles/cloud-gce/tasks/main.yml_(IaC)_,algo/roles/cloud-gce/tasks/prompts.yml_(IaC)_,algo/roles/cloud-lightsail/tasks/main.yml_(IaC)_,algo/roles/cloud-lightsail/tasks/prompts.yml_(IaC)_,algo/roles/cloud-openstack/tasks/main.yml_(IaC)_,algo/roles/cloud-scaleway/defaults/main.yml_(Other)_,algo/roles/cloud-scaleway/tasks/main.yml_(IaC)_,algo/roles/cloud-scaleway/tasks/prompts.yml_(IaC)_,algo/roles/cloud-vultr/tasks/main.yml_(IaC)_,algo/roles/cloud-vultr/tasks/prompts.yml_(IaC)_,algo/roles/common/tasks/facts.yml_(IaC)_,algo/roles/common/tasks/freebsd.yml_(IaC)_,algo/roles/common/tasks/main.yml_(IaC)_,algo/roles/common/tasks/ubuntu.yml_(IaC)_,algo/roles/dns_adblocking/meta/main.yml_(Other)_,algo/roles/dns_adblocking/tasks/main.yml_(IaC)_,algo/roles/dns_adblocking/templates/dnsmasq.conf.j2_(Other)_,algo/roles/dns_encryption/defaults/main.yml_(Other)_,algo/roles/dns_encryption/handlers/main.yml_(IaC)_,algo/roles/dns_encryption/meta/main.yml_(Other)_,algo/roles/dns_encryption/tasks/ubuntu.yml_(IaC)_,algo/roles/local/handlers/main.yml_(IaC)_,algo/roles/local/tasks/main.yml_(IaC)_,algo/roles/local/tasks/prompts.yml_(IaC)_,algo/roles/ssh_tunneling/meta/main.yml_(Other)_,algo/roles/ssh_tunneling/tasks/main.yml_(IaC)_,algo/roles/vpn/defaults/main.yml_(Other)_,algo/roles/vpn/meta/main.yml_(Other)_,algo/roles/vpn/tasks/client_configs.yml_(IaC)_,algo/roles/vpn/tasks/freebsd.yml_(IaC)_,algo/roles/vpn/tasks/main.yml_(IaC)_,algo/roles/vpn/tasks/openssl.yml_(IaC)_,algo/roles/vpn/templates/client_ipsec.conf.j2_(Other)_,algo/roles/vpn/templates/ipsec.conf.j2_(Other)_,algo/roles/vpn/templates/mobileconfig.j2_(Other)_,algo/roles/vpn/templates/rules.v4.j2_(Other)_,algo/roles/vpn/templates/rules.v6.j2_(Other)_,algo/roles/wireguard/defaults/main.yml_(Other)_,algo/roles/wireguard/meta/main.yml_(Other)_,algo/roles/wireguard/tasks/keys.yml_(IaC)_,algo/roles/wireguard/tasks/main.yml_(IaC)_,algo/server.yml_(Other)_,algo/tests/local-deploy.sh_(Other)_,algo/tests/update-users.sh_(Other)_,algo/users.yml_(Other)_
algo/ansible.cfg_(Other)_,algo/inventory_(Other)_,algo/roles/common/tasks/main.yml_(IaC)_,algo/vpn.yml_(Other)_,,,,,,,,,,,,,,,,,,,,,,,,,,,,,,,,,,,,,,,,,,,,,,,,,,,,,,,,,,,,,,,,,,,,,,,,,,,,,,,
algo/roles/common/tasks/main.yml_(IaC)_,algo/vpn.yml_(Other)_,,,,,,,,,,,,,,,,,,,,,,,,,,,,,,,,,,,,,,,,,,,,,,,,,,,,,,,,,,,,,,,,,,,,,,,,,,,,,,,,,
algo/roles/common/tasks/main.yml_(IaC)_,algo/vpn.yml_(Other)_,,,,,,,,,,,,,,,,,,,,,,,,,,,,,,,,,,,,,,,,,,,,,,,,,,,,,,,,,,,,,,,,,,,,,,,,,,,,,,,,,
algo/common.yml_(Other)_,algo/deploy.yml_(Other)_,algo/digitalocean.yml_(Other)_,algo/ec2.yml_(Other)_,algo/features.yml_(Other)_,algo/inventory_users_(Other)_,algo/roles/common/handlers/main.yml_(IaC)_,algo/roles/common/tasks/main.yml_(IaC)_,algo/roles/digitalocean/handlers/main.yml_(IaC)_,algo/roles/digitalocean/tasks/main.yml_(IaC)_,algo/roles/features/handlers/main.yml_(IaC)_,algo/roles/features/tasks/main.yml_(IaC)_,algo/roles/security/handlers/main.yml_(IaC)_,algo/roles/security/tasks/main.yml_(IaC)_,algo/roles/vpn/handlers/main.yml_(IaC)_,algo/roles/vpn/tasks/main.yml_(IaC)_,algo/security.yml_(Other)_,algo/vpn.yml_(Other)_,,,,,,,,,,,,,,,,,,,,,,,,,,,,,,,,,,,,,,,,,,,,,,,,,,,,,,,,,,,,,,,,,
algo/digitalocean.yml_(Other)_,algo/ec2-destroy.yml_(Other)_,algo/ec2.py_(Other)_,algo/ec2.yml_(Other)_,algo/inventory_users_(Other)_,algo/roles/ec2/handlers/main.yml_(IaC)_,algo/roles/ec2/tasks/main.yml_(IaC)_,algo/roles/logging/handlers/main.yml_(IaC)_,algo/roles/logging/tasks/main.yml_(IaC)_,algo/roles/security/handlers/main.yml_(IaC)_,algo/roles/security/tasks/main.yml_(IaC)_,,,,,,,,,,,,,,,,,,,,,,,,,,,,,,,,,,,,,,,,,,,,,,,,,,,,,,,,,,,,,,,,,,,,,,,,
algo/digitalocean.yml_(Other)_,algo/ec2.yml_(Other)_,algo/inventory_users_(Other)_,algo/non-cloud.yml_(Other)_,algo/roles/ec2/tasks/main.yml_(IaC)_,algo/run_(Other)_,,,,,,,,,,,,,,,,,,,,,,,,,,,,,,,,,,,,,,,,,,,,,,,,,,,,,,,,,,,,,,,,,,,,,,,,,,,,,
algo/digitalocean.yml_(Other)_,algo/inventory_users_(Other)_,algo/non-cloud.yml_(Other)_,algo/roles/vpn/tasks/main.yml_(IaC)_,algo/run_(Other)_,algo/users.yml_(Other)_,,,,,,,,,,,,,,,,,,,,,,,,,,,,,,,,,,,,,,,,,,,,,,,,,,,,,,,,,,,,,,,,,,,,,,,,,,,,,
algo/azure.yml_(Other)_,algo/google_cloud.yml_(Other)_,algo/roles/azure/handlers/main.yml_(IaC)_,algo/roles/azure/tasks/main.yml_(IaC)_,algo/roles/google_cloud/handlers/main.yml_(IaC)_,algo/roles/google_cloud/tasks/main.yml_(IaC)_,,,,,,,,,,,,,,,,,,,,,,,,,,,,,,,,,,,,,,,,,,,,,,,,,,,,,,,,,,,,,,,,,,,,,,,,,,,,,
algo/google_cloud.yml_(Other)_,algo/roles/google_cloud/tasks/main.yml_(IaC)_,algo/run_(Other)_,,,,,,,,,,,,,,,,,,,,,,,,,,,,,,,,,,,,,,,,,,,,,,,,,,,,,,,,,,,,,,,,,,,,,,,,,,,,,,,,
algo/roles/google_cloud/tasks/main.yml_(IaC)_,,,,,,,,,,,,,,,,,,,,,,,,,,,,,,,,,,,,,,,,,,,,,,,,,,,,,,,,,,,,,,,,,,,,,,,,,,,,,,,,,,
algo/digitalocean.yml_(Other)_,algo/roles/azure/tasks/main.yml_(IaC)_,algo/roles/features/tasks/main.yml_(IaC)_,algo/run_(Other)_,algo/templates/000-default.conf.j2_(Other)_,algo/templates/10-loopback-services.cfg.j2_(Other)_,algo/templates/10periodic.j2_(Other)_,algo/templates/20-ipv6.cfg.j2_(Other)_,algo/templates/50unattended-upgrades.j2_(Other)_,algo/templates/CIS.conf.j2_(Other)_,algo/templates/adblock.sh_(Other)_,algo/templates/audit.rules.j2_(Other)_,algo/templates/auditd.conf.j2_(Other)_,algo/templates/dnsmasq.conf.j2_(Other)_,algo/templates/easy-rsa.vars.j2_(Other)_,algo/templates/ipsec.conf.j2_(Other)_,algo/templates/ipsec.secrets.j2_(Other)_,algo/templates/mobileconfig.j2_(Other)_,algo/templates/pagespeed.conf.j2_(Other)_,algo/templates/ports.conf.j2_(Other)_,algo/templates/privoxy_config.j2_(Other)_,algo/templates/rsyslog.conf.j2_(Other)_,algo/templates/usr.sbin.privoxy.j2_(Other)_,algo/users.yml_(Other)_,,,,,,,,,,,,,,,,,,,,,,,,,,,,,,,,,,,,,,,,,,,,,,,,,,,,,,,,,,,
algo/azure.yml_(Other)_,algo/digitalocean.yml_(Other)_,algo/ec2.yml_(Other)_,algo/google_cloud.yml_(Other)_,algo/non-cloud.yml_(Other)_,algo/roles/common/handlers/main.yml_(IaC)_,algo/roles/common/tasks/main.yml_(IaC)_,algo/roles/digitalocean/tasks/main.yml_(IaC)_,algo/roles/ec2/tasks/main.yml_(IaC)_,algo/roles/features/handlers/main.yml_(IaC)_,algo/roles/features/tasks/main.yml_(IaC)_,algo/roles/google_cloud/tasks/main.yml_(IaC)_,algo/roles/logging/tasks/main.yml_(IaC)_,algo/roles/security/handlers/main.yml_(IaC)_,algo/roles/security/tasks/main.yml_(IaC)_,algo/roles/vpn/handlers/main.yml_(IaC)_,algo/roles/vpn/tasks/main.yml_(IaC)_,algo/users.yml_(Other)_,,,,,,,,,,,,,,,,,,,,,,,,,,,,,,,,,,,,,,,,,,,,,,,,,,,,,,,,,,,,,,,,,
algo/algo_(Other)_,algo/azure.yml_(Other)_,algo/digitalocean.yml_(Other)_,algo/ec2.yml_(Other)_,algo/gce.yml_(Other)_,algo/roles/cloud-azure/handlers/main.yml_(IaC)_,algo/roles/cloud-azure/tasks/main.yml_(IaC)_,algo/roles/cloud-digitalocean/handlers/main.yml_(IaC)_,algo/roles/cloud-digitalocean/tasks/main.yml_(IaC)_,algo/roles/cloud-digitalocean/templates/20-ipv6.cfg.j2_(Other)_,algo/roles/cloud-ec2/handlers/main.yml_(IaC)_,algo/roles/cloud-ec2/tasks/main.yml_(IaC)_,algo/roles/cloud-gce/handlers/main.yml_(IaC)_,algo/roles/cloud-gce/tasks/main.yml_(IaC)_,,,,,,,,,,,,,,,,,,,,,,,,,,,,,,,,,,,,,,,,,,,,,,,,,,,,,,,,,,,,,,,,,,,,,
algo/algo_(Other)_,algo/roles/cloud-gce/tasks/main.yml_(IaC)_,,,,,,,,,,,,,,,,,,,,,,,,,,,,,,,,,,,,,,,,,,,,,,,,,,,,,,,,,,,,,,,,,,,,,,,,,,,,,,,,,
algo/roles/common/tasks/main.yml_(IaC)_,,,,,,,,,,,,,,,,,,,,,,,,,,,,,,,,,,,,,,,,,,,,,,,,,,,,,,,,,,,,,,,,,,,,,,,,,,,,,,,,,,
algo/azure.yml_(Other)_,algo/digitalocean.yml_(Other)_,algo/ec2.yml_(Other)_,algo/gce.yml_(Other)_,algo/non-cloud.yml_(Other)_,algo/roles/common/handlers/main.yml_(IaC)_,algo/roles/common/tasks/main.yml_(IaC)_,algo/roles/features/handlers/main.yml_(IaC)_,algo/roles/features/tasks/main.yml_(IaC)_,algo/roles/features/templates/000-default.conf.j2_(Other)_,algo/roles/features/templates/10-loopback-services.cfg.j2_(Other)_,algo/roles/features/templates/adblock.sh_(Other)_,algo/roles/features/templates/dnsmasq.conf.j2_(Other)_,algo/roles/features/templates/pagespeed.conf.j2_(Other)_,algo/roles/features/templates/ports.conf.j2_(Other)_,algo/roles/features/templates/privoxy_config.j2_(Other)_,algo/roles/features/templates/usr.sbin.privoxy.j2_(Other)_,,,,,,,,,,,,,,,,,,,,,,,,,,,,,,,,,,,,,,,,,,,,,,,,,,,,,,,,,,,,,,,,,,
algo/roles/common/templates/10-loopback-services.cfg.j2_(Other)_,algo/roles/dns_adblocking/handlers/main.yml_(IaC)_,algo/roles/dns_adblocking/tasks/main.yml_(IaC)_,algo/roles/dns_adblocking/templates/adblock.sh_(Other)_,algo/roles/dns_adblocking/templates/dnsmasq.conf.j2_(Other)_,algo/roles/proxy/handlers/main.yml_(IaC)_,algo/roles/proxy/tasks/main.yml_(IaC)_,algo/roles/proxy/templates/000-default.conf.j2_(Other)_,algo/roles/proxy/templates/pagespeed.conf.j2_(Other)_,algo/roles/proxy/templates/ports.conf.j2_(Other)_,algo/roles/proxy/templates/privoxy_config.j2_(Other)_,algo/roles/proxy/templates/usr.sbin.privoxy.j2_(Other)_,,,,,,,,,,,,,,,,,,,,,,,,,,,,,,,,,,,,,,,,,,,,,,,,,,,,,,,,,,,,,,,,,,,,,,,
algo/algo_(Other)_,algo/digitalocean.yml_(Other)_,algo/ec2.yml_(Other)_,algo/gce.yml_(Other)_,algo/non-cloud.yml_(Other)_,algo/roles/cloud-digitalocean/tasks/main.yml_(IaC)_,algo/roles/cloud-ec2/tasks/main.yml_(IaC)_,algo/roles/cloud-gce/tasks/main.yml_(IaC)_,algo/users.yml_(Other)_,,,,,,,,,,,,,,,,,,,,,,,,,,,,,,,,,,,,,,,,,,,,,,,,,,,,,,,,,,,,,,,,,,,,,,,,,,
algo/roles/common/tasks/main.yml_(IaC)_,,,,,,,,,,,,,,,,,,,,,,,,,,,,,,,,,,,,,,,,,,,,,,,,,,,,,,,,,,,,,,,,,,,,,,,,,,,,,,,,,,
algo/config.cfg_(Other)_,algo/non-cloud.yml_(Other)_,algo/roles/vpn/tasks/main.yml_(IaC)_,algo/roles/vpn/templates/easy-rsa.vars.j2_(Other)_,algo/roles/vpn/templates/ipsec.conf.j2_(Other)_,algo/roles/vpn/templates/ipsec.secrets.j2_(Other)_,algo/roles/vpn/templates/mobileconfig.j2_(Other)_,,,,,,,,,,,,,,,,,,,,,,,,,,,,,,,,,,,,,,,,,,,,,,,,,,,,,,,,,,,,,,,,,,,,,,,,,,,,
algo/non-cloud.yml_(Other)_,algo/roles/vpn/tasks/main.yml_(IaC)_,,,,,,,,,,,,,,,,,,,,,,,,,,,,,,,,,,,,,,,,,,,,,,,,,,,,,,,,,,,,,,,,,,,,,,,,,,,,,,,,,
algo/roles/vpn/tasks/main.yml_(IaC)_,algo/users.yml_(Other)_,,,,,,,,,,,,,,,,,,,,,,,,,,,,,,,,,,,,,,,,,,,,,,,,,,,,,,,,,,,,,,,,,,,,,,,,,,,,,,,,,
algo/roles/vpn/tasks/main.yml_(IaC)_,,,,,,,,,,,,,,,,,,,,,,,,,,,,,,,,,,,,,,,,,,,,,,,,,,,,,,,,,,,,,,,,,,,,,,,,,,,,,,,,,,
algo/roles/common/tasks/main.yml_(IaC)_,algo/roles/common/templates/sshd_config.j2_(Other)_,,,,,,,,,,,,,,,,,,,,,,,,,,,,,,,,,,,,,,,,,,,,,,,,,,,,,,,,,,,,,,,,,,,,,,,,,,,,,,,,,
algo/roles/cloud-digitalocean/tasks/main.yml_(IaC)_,algo/roles/cloud-ec2/tasks/main.yml_(IaC)_,algo/roles/cloud-gce/tasks/main.yml_(IaC)_,algo/roles/dns_adblocking/tasks/main.yml_(IaC)_,algo/roles/security/handlers/main.yml_(IaC)_,algo/roles/security/tasks/main.yml_(IaC)_,,,,,,,,,,,,,,,,,,,,,,,,,,,,,,,,,,,,,,,,,,,,,,,,,,,,,,,,,,,,,,,,,,,,,,,,,,,,,
algo/ansible.cfg_(Other)_,algo/roles/common/templates/sshd_config.j2_(Other)_,algo/roles/dns_adblocking/handlers/main.yml_(IaC)_,algo/roles/dns_adblocking/tasks/main.yml_(IaC)_,algo/roles/security/handlers/main.yml_(IaC)_,algo/roles/security/tasks/main.yml_(IaC)_,algo/roles/security/templates/rules.v4.j2_(Other)_,algo/roles/security/templates/rules.v6.j2_(Other)_,algo/roles/vpn/handlers/main.yml_(IaC)_,algo/roles/vpn/tasks/main.yml_(IaC)_,,,,,,,,,,,,,,,,,,,,,,,,,,,,,,,,,,,,,,,,,,,,,,,,,,,,,,,,,,,,,,,,,,,,,,,,,
algo/roles/security/tasks/main.yml_(IaC)_,,,,,,,,,,,,,,,,,,,,,,,,,,,,,,,,,,,,,,,,,,,,,,,,,,,,,,,,,,,,,,,,,,,,,,,,,,,,,,,,,,
algo/roles/dns_adblocking/tasks/main.yml_(IaC)_,algo/roles/dns_adblocking/templates/adblock.sh_(Other)_,algo/roles/dns_adblocking/templates/dnsmasq.conf.j2_(Other)_,,,,,,,,,,,,,,,,,,,,,,,,,,,,,,,,,,,,,,,,,,,,,,,,,,,,,,,,,,,,,,,,,,,,,,,,,,,,,,,,
algo/roles/common/tasks/main.yml_(IaC)_,algo/roles/security/tasks/main.yml_(IaC)_,,,,,,,,,,,,,,,,,,,,,,,,,,,,,,,,,,,,,,,,,,,,,,,,,,,,,,,,,,,,,,,,,,,,,,,,,,,,,,,,,
algo/config.cfg_(Other)_,algo/roles/common/templates/10-loopback-services.cfg.j2_(Other)_,algo/roles/dns_adblocking/templates/dnsmasq.conf.j2_(Other)_,algo/roles/proxy/templates/ports.conf.j2_(Other)_,algo/roles/proxy/templates/privoxy_config.j2_(Other)_,algo/roles/security/templates/rules.v4.j2_(Other)_,algo/roles/security/templates/rules.v6.j2_(Other)_,algo/roles/vpn/handlers/main.yml_(IaC)_,algo/roles/vpn/templates/ipsec.conf.j2_(Other)_,,,,,,,,,,,,,,,,,,,,,,,,,,,,,,,,,,,,,,,,,,,,,,,,,,,,,,,,,,,,,,,,,,,,,,,,,,
algo/digitalocean.yml_(Other)_,algo/ec2.yml_(Other)_,algo/gce.yml_(Other)_,algo/non-cloud.yml_(Other)_,algo/roles/cloud-digitalocean/tasks/main.yml_(IaC)_,algo/roles/cloud-ec2/tasks/main.yml_(IaC)_,algo/roles/cloud-gce/tasks/main.yml_(IaC)_,,,,,,,,,,,,,,,,,,,,,,,,,,,,,,,,,,,,,,,,,,,,,,,,,,,,,,,,,,,,,,,,,,,,,,,,,,,,
algo/roles/security/templates/rules.v6.j2_(Other)_,algo/roles/vpn/tasks/main.yml_(IaC)_,algo/roles/vpn/templates/strongswan.conf.j2_(Other)_,,,,,,,,,,,,,,,,,,,,,,,,,,,,,,,,,,,,,,,,,,,,,,,,,,,,,,,,,,,,,,,,,,,,,,,,,,,,,,,,
algo/config.cfg_(Other)_,algo/roles/common/tasks/main.yml_(IaC)_,algo/roles/vpn/handlers/main.yml_(IaC)_,algo/roles/vpn/tasks/main.yml_(IaC)_,algo/roles/vpn/templates/100-CustomLimitations.conf.j2_(Other)_,,,,,,,,,,,,,,,,,,,,,,,,,,,,,,,,,,,,,,,,,,,,,,,,,,,,,,,,,,,,,,,,,,,,,,,,,,,,,,
algo/roles/dns_adblocking/tasks/main.yml_(IaC)_,algo/roles/proxy/tasks/main.yml_(IaC)_,algo/roles/security/tasks/main.yml_(IaC)_,algo/roles/vpn/handlers/main.yml_(IaC)_,algo/roles/vpn/tasks/main.yml_(IaC)_,,,,,,,,,,,,,,,,,,,,,,,,,,,,,,,,,,,,,,,,,,,,,,,,,,,,,,,,,,,,,,,,,,,,,,,,,,,,,,
algo/roles/vpn/handlers/main.yml_(IaC)_,algo/roles/vpn/tasks/main.yml_(IaC)_,,,,,,,,,,,,,,,,,,,,,,,,,,,,,,,,,,,,,,,,,,,,,,,,,,,,,,,,,,,,,,,,,,,,,,,,,,,,,,,,,
algo/roles/vpn/handlers/main.yml_(IaC)_,,,,,,,,,,,,,,,,,,,,,,,,,,,,,,,,,,,,,,,,,,,,,,,,,,,,,,,,,,,,,,,,,,,,,,,,,,,,,,,,,,
algo/config.cfg_(Other)_,algo/roles/dns_adblocking/tasks/main.yml_(IaC)_,algo/roles/dns_adblocking/templates/100-CustomLimitations.conf.j2_(Other)_,algo/roles/proxy/handlers/main.yml_(IaC)_,algo/roles/proxy/tasks/main.yml_(IaC)_,algo/roles/proxy/templates/apache2_100-CustomLimitations.conf.j2_(Other)_,algo/roles/proxy/templates/privoxy_100-CustomLimitations.conf.j2_(Other)_,algo/roles/vpn/tasks/main.yml_(IaC)_,algo/roles/vpn/templates/100-CustomLimitations.conf.j2_(Other)_,,,,,,,,,,,,,,,,,,,,,,,,,,,,,,,,,,,,,,,,,,,,,,,,,,,,,,,,,,,,,,,,,,,,,,,,,,
algo/digitalocean.yml_(Other)_,algo/ec2.yml_(Other)_,algo/gce.yml_(Other)_,algo/non-cloud.yml_(Other)_,algo/roles/cloud-digitalocean/tasks/main.yml_(IaC)_,algo/roles/cloud-ec2/tasks/main.yml_(IaC)_,algo/roles/cloud-gce/tasks/main.yml_(IaC)_,algo/roles/common/templates/sshd_config.j2_(Other)_,algo/roles/ssh_tunneling/handlers/main.yml_(IaC)_,algo/roles/ssh_tunneling/tasks/main.yml_(IaC)_,,,,,,,,,,,,,,,,,,,,,,,,,,,,,,,,,,,,,,,,,,,,,,,,,,,,,,,,,,,,,,,,,,,,,,,,,
algo/roles/vpn/handlers/main.yml_(IaC)_,,,,,,,,,,,,,,,,,,,,,,,,,,,,,,,,,,,,,,,,,,,,,,,,,,,,,,,,,,,,,,,,,,,,,,,,,,,,,,,,,,
algo/roles/vpn/handlers/main.yml_(IaC)_,,,,,,,,,,,,,,,,,,,,,,,,,,,,,,,,,,,,,,,,,,,,,,,,,,,,,,,,,,,,,,,,,,,,,,,,,,,,,,,,,,
algo/roles/vpn/handlers/main.yml_(IaC)_,,,,,,,,,,,,,,,,,,,,,,,,,,,,,,,,,,,,,,,,,,,,,,,,,,,,,,,,,,,,,,,,,,,,,,,,,,,,,,,,,,
algo/digitalocean.yml_(Other)_,algo/ec2.yml_(Other)_,algo/gce.yml_(Other)_,algo/non-cloud.yml_(Other)_,algo/roles/common/tasks/main.yml_(IaC)_,algo/roles/dns_adblocking/tasks/main.yml_(IaC)_,algo/roles/proxy/handlers/main.yml_(IaC)_,algo/roles/proxy/tasks/main.yml_(IaC)_,algo/roles/security/handlers/main.yml_(IaC)_,algo/roles/security/tasks/main.yml_(IaC)_,algo/roles/ssh_tunneling/tasks/main.yml_(IaC)_,algo/roles/vpn/handlers/main.yml_(IaC)_,algo/roles/vpn/tasks/main.yml_(IaC)_,,,,,,,,,,,,,,,,,,,,,,,,,,,,,,,,,,,,,,,,,,,,,,,,,,,,,,,,,,,,,,,,,,,,,,
algo/digitalocean.yml_(Other)_,algo/ec2.yml_(Other)_,algo/gce.yml_(Other)_,algo/non-cloud.yml_(Other)_,algo/roles/common/templates/sshd_config.j2_(Other)_,algo/roles/ssh_tunneling/tasks/main.yml_(IaC)_,,,,,,,,,,,,,,,,,,,,,,,,,,,,,,,,,,,,,,,,,,,,,,,,,,,,,,,,,,,,,,,,,,,,,,,,,,,,,
algo/roles/ssh_tunneling/tasks/main.yml_(IaC)_,algo/users.yml_(Other)_,,,,,,,,,,,,,,,,,,,,,,,,,,,,,,,,,,,,,,,,,,,,,,,,,,,,,,,,,,,,,,,,,,,,,,,,,,,,,,,,,
algo/roles/ssh_tunneling/tasks/main.yml_(IaC)_,algo/roles/ssh_tunneling/templates/known_hosts.j2_(Other)_,,,,,,,,,,,,,,,,,,,,,,,,,,,,,,,,,,,,,,,,,,,,,,,,,,,,,,,,,,,,,,,,,,,,,,,,,,,,,,,,,
algo/roles/ssh_tunneling/tasks/main.yml_(IaC)_,algo/users.yml_(Other)_,,,,,,,,,,,,,,,,,,,,,,,,,,,,,,,,,,,,,,,,,,,,,,,,,,,,,,,,,,,,,,,,,,,,,,,,,,,,,,,,,
algo/digitalocean.yml_(Other)_,algo/ec2.yml_(Other)_,algo/gce.yml_(Other)_,algo/non-cloud.yml_(Other)_,algo/roles/cloud-digitalocean/tasks/main.yml_(IaC)_,algo/roles/cloud-ec2/tasks/main.yml_(IaC)_,algo/roles/cloud-gce/tasks/main.yml_(IaC)_,algo/roles/common/handlers/main.yml_(IaC)_,algo/roles/common/tasks/main.yml_(IaC)_,algo/roles/security/handlers/main.yml_(IaC)_,algo/roles/security/tasks/main.yml_(IaC)_,algo/roles/security/templates/sshd_config.j2_(Other)_,algo/roles/ssh_tunneling/tasks/main.yml_(IaC)_,algo/roles/vpn/tasks/main.yml_(IaC)_,,,,,,,,,,,,,,,,,,,,,,,,,,,,,,,,,,,,,,,,,,,,,,,,,,,,,,,,,,,,,,,,,,,,,
algo/roles/logging/handlers/main.yml_(IaC)_,algo/roles/logging/tasks/main.yml_(IaC)_,algo/roles/logging/templates/CIS.conf.j2_(Other)_,algo/roles/logging/templates/rsyslog.conf.j2_(Other)_,algo/roles/security/handlers/main.yml_(IaC)_,algo/roles/security/tasks/main.yml_(IaC)_,,,,,,,,,,,,,,,,,,,,,,,,,,,,,,,,,,,,,,,,,,,,,,,,,,,,,,,,,,,,,,,,,,,,,,,,,,,,,
algo/roles/common/tasks/main.yml_(IaC)_,algo/roles/security/tasks/main.yml_(IaC)_,algo/roles/security/templates/10periodic.j2_(Other)_,algo/roles/security/templates/50unattended-upgrades.j2_(Other)_,,,,,,,,,,,,,,,,,,,,,,,,,,,,,,,,,,,,,,,,,,,,,,,,,,,,,,,,,,,,,,,,,,,,,,,,,,,,,,,
algo/config.cfg_(Other)_,algo/deploy.yml_(Other)_,algo/digitalocean.yml_(Other)_,algo/playbooks/common.yml_(IaC)_,algo/playbooks/digitalocean.yml_(IaC)_,algo/roles/cloud-digitalocean/tasks/main.yml_(IaC)_,algo/roles/security/tasks/main.yml_(IaC)_,,,,,,,,,,,,,,,,,,,,,,,,,,,,,,,,,,,,,,,,,,,,,,,,,,,,,,,,,,,,,,,,,,,,,,,,,,,,
algo/roles/common/tasks/main.yml_(IaC)_,algo/roles/logging/tasks/main.yml_(IaC)_,,,,,,,,,,,,,,,,,,,,,,,,,,,,,,,,,,,,,,,,,,,,,,,,,,,,,,,,,,,,,,,,,,,,,,,,,,,,,,,,,
algo/deploy.yml_(Other)_,algo/roles/cloud-ec2/tasks/main.yml_(IaC)_,algo/roles/cloud-gce/tasks/main.yml_(IaC)_,algo/roles/dns_adblocking/meta/main.yml_(Other)_,algo/roles/logging/meta/main.yml_(Other)_,algo/roles/proxy/meta/main.yml_(Other)_,algo/roles/security/meta/main.yml_(Other)_,algo/roles/ssh_tunneling/meta/main.yml_(Other)_,algo/roles/vpn/handlers/main.yml_(IaC)_,algo/roles/vpn/meta/main.yml_(Other)_,,,,,,,,,,,,,,,,,,,,,,,,,,,,,,,,,,,,,,,,,,,,,,,,,,,,,,,,,,,,,,,,,,,,,,,,,
algo/roles/vpn/handlers/main.yml_(IaC)_,,,,,,,,,,,,,,,,,,,,,,,,,,,,,,,,,,,,,,,,,,,,,,,,,,,,,,,,,,,,,,,,,,,,,,,,,,,,,,,,,,
algo/roles/cloud-digitalocean/tasks/main.yml_(IaC)_,,,,,,,,,,,,,,,,,,,,,,,,,,,,,,,,,,,,,,,,,,,,,,,,,,,,,,,,,,,,,,,,,,,,,,,,,,,,,,,,,,
algo/roles/cloud-ec2/tasks/main.yml_(IaC)_,,,,,,,,,,,,,,,,,,,,,,,,,,,,,,,,,,,,,,,,,,,,,,,,,,,,,,,,,,,,,,,,,,,,,,,,,,,,,,,,,,
algo/roles/cloud-gce/tasks/main.yml_(IaC)_,,,,,,,,,,,,,,,,,,,,,,,,,,,,,,,,,,,,,,,,,,,,,,,,,,,,,,,,,,,,,,,,,,,,,,,,,,,,,,,,,,
algo/algo_(Other)_,algo/deploy.yml_(Other)_,algo/non-cloud.yml_(Other)_,algo/roles/cloud-gce/tasks/main.yml_(IaC)_,algo/roles/local/handlers/main.yml_(IaC)_,algo/roles/local/tasks/main.yml_(IaC)_,,,,,,,,,,,,,,,,,,,,,,,,,,,,,,,,,,,,,,,,,,,,,,,,,,,,,,,,,,,,,,,,,,,,,,,,,,,,,
algo/deploy.yml_(Other)_,algo/playbooks/common.yml_(IaC)_,algo/playbooks/digitalocean.yml_(IaC)_,algo/roles/logging/tasks/main.yml_(IaC)_,algo/roles/security/tasks/main.yml_(IaC)_,algo/roles/vpn/handlers/main.yml_(IaC)_,algo/roles/vpn/meta/main.yml_(Other)_,,,,,,,,,,,,,,,,,,,,,,,,,,,,,,,,,,,,,,,,,,,,,,,,,,,,,,,,,,,,,,,,,,,,,,,,,,,,
algo/roles/local/tasks/main.yml_(IaC)_,algo/roles/vpn/tasks/main.yml_(IaC)_,,,,,,,,,,,,,,,,,,,,,,,,,,,,,,,,,,,,,,,,,,,,,,,,,,,,,,,,,,,,,,,,,,,,,,,,,,,,,,,,,
algo/config.cfg_(Other)_,algo/roles/vpn/tasks/main.yml_(IaC)_,,,,,,,,,,,,,,,,,,,,,,,,,,,,,,,,,,,,,,,,,,,,,,,,,,,,,,,,,,,,,,,,,,,,,,,,,,,,,,,,,
algo/algo_(Other)_,algo/config.cfg_(Other)_,algo/deploy.yml_(Other)_,algo/roles/cloud-ec2/tasks/main.yml_(IaC)_,,,,,,,,,,,,,,,,,,,,,,,,,,,,,,,,,,,,,,,,,,,,,,,,,,,,,,,,,,,,,,,,,,,,,,,,,,,,,,,
algo/roles/security/handlers/main.yml_(IaC)_,algo/roles/security/tasks/main.yml_(IaC)_,algo/roles/vpn/handlers/main.yml_(IaC)_,algo/roles/vpn/tasks/iptables.yml_(IaC)_,algo/roles/vpn/tasks/main.yml_(IaC)_,algo/roles/vpn/templates/rules.v4.j2_(Other)_,algo/roles/vpn/templates/rules.v6.j2_(Other)_,,,,,,,,,,,,,,,,,,,,,,,,,,,,,,,,,,,,,,,,,,,,,,,,,,,,,,,,,,,,,,,,,,,,,,,,,,,,
algo/roles/proxy/tasks/main.yml_(IaC)_,algo/roles/proxy/templates/default.filter.j2_(Other)_,,,,,,,,,,,,,,,,,,,,,,,,,,,,,,,,,,,,,,,,,,,,,,,,,,,,,,,,,,,,,,,,,,,,,,,,,,,,,,,,,
algo/config.cfg_(Other)_,algo/roles/vpn/tasks/main.yml_(IaC)_,algo/roles/vpn/templates/client_ipsec.conf.j2_(Other)_,algo/roles/vpn/templates/client_ipsec.secrets.j2_(Other)_,algo/roles/vpn/templates/ipsec.conf.j2_(Other)_,,,,,,,,,,,,,,,,,,,,,,,,,,,,,,,,,,,,,,,,,,,,,,,,,,,,,,,,,,,,,,,,,,,,,,,,,,,,,,
algo/roles/proxy/tasks/main.yml_(IaC)_,algo/roles/vpn/tasks/main.yml_(IaC)_,algo/roles/vpn/templates/mobileconfig.j2_(Other)_,,,,,,,,,,,,,,,,,,,,,,,,,,,,,,,,,,,,,,,,,,,,,,,,,,,,,,,,,,,,,,,,,,,,,,,,,,,,,,,,
algo/config.cfg_(Other)_,algo/roles/cloud-ec2/tasks/main.yml_(IaC)_,,,,,,,,,,,,,,,,,,,,,,,,,,,,,,,,,,,,,,,,,,,,,,,,,,,,,,,,,,,,,,,,,,,,,,,,,,,,,,,,,
algo/roles/ssh_tunneling/tasks/main.yml_(IaC)_,,,,,,,,,,,,,,,,,,,,,,,,,,,,,,,,,,,,,,,,,,,,,,,,,,,,,,,,,,,,,,,,,,,,,,,,,,,,,,,,,,
algo/roles/ssh_tunneling/tasks/main.yml_(IaC)_,,,,,,,,,,,,,,,,,,,,,,,,,,,,,,,,,,,,,,,,,,,,,,,,,,,,,,,,,,,,,,,,,,,,,,,,,,,,,,,,,,
algo/algo_(Other)_,algo/roles/common/tasks/main.yml_(IaC)_,,,,,,,,,,,,,,,,,,,,,,,,,,,,,,,,,,,,,,,,,,,,,,,,,,,,,,,,,,,,,,,,,,,,,,,,,,,,,,,,,
algo/roles/vpn/tasks/main.yml_(IaC)_,algo/roles/vpn/templates/mobileconfig.j2_(Other)_,,,,,,,,,,,,,,,,,,,,,,,,,,,,,,,,,,,,,,,,,,,,,,,,,,,,,,,,,,,,,,,,,,,,,,,,,,,,,,,,,
algo/roles/common/tasks/main.yml_(IaC)_,,,,,,,,,,,,,,,,,,,,,,,,,,,,,,,,,,,,,,,,,,,,,,,,,,,,,,,,,,,,,,,,,,,,,,,,,,,,,,,,,,
algo/roles/common/tasks/main.yml_(IaC)_,,,,,,,,,,,,,,,,,,,,,,,,,,,,,,,,,,,,,,,,,,,,,,,,,,,,,,,,,,,,,,,,,,,,,,,,,,,,,,,,,,
algo/roles/vpn/handlers/main.yml_(IaC)_,,,,,,,,,,,,,,,,,,,,,,,,,,,,,,,,,,,,,,,,,,,,,,,,,,,,,,,,,,,,,,,,,,,,,,,,,,,,,,,,,,
algo/roles/cloud-ec2/tasks/main.yml_(IaC)_,,,,,,,,,,,,,,,,,,,,,,,,,,,,,,,,,,,,,,,,,,,,,,,,,,,,,,,,,,,,,,,,,,,,,,,,,,,,,,,,,,
algo/algo_(Other)_,algo/roles/cloud-ec2/tasks/main.yml_(IaC)_,,,,,,,,,,,,,,,,,,,,,,,,,,,,,,,,,,,,,,,,,,,,,,,,,,,,,,,,,,,,,,,,,,,,,,,,,,,,,,,,,
algo/deploy.yml_(Other)_,algo/roles/vpn/handlers/main.yml_(IaC)_,algo/roles/vpn/tasks/main.yml_(IaC)_,,,,,,,,,,,,,,,,,,,,,,,,,,,,,,,,,,,,,,,,,,,,,,,,,,,,,,,,,,,,,,,,,,,,,,,,,,,,,,,,
algo/roles/cloud-ec2/tasks/main.yml_(IaC)_,,,,,,,,,,,,,,,,,,,,,,,,,,,,,,,,,,,,,,,,,,,,,,,,,,,,,,,,,,,,,,,,,,,,,,,,,,,,,,,,,,
algo/roles/cloud-ec2/tasks/main.yml_(IaC)_,,,,,,,,,,,,,,,,,,,,,,,,,,,,,,,,,,,,,,,,,,,,,,,,,,,,,,,,,,,,,,,,,,,,,,,,,,,,,,,,,,
algo/roles/vpn/tasks/main.yml_(IaC)_,algo/roles/vpn/templates/client_windows.ps1.j2_(Other)_,,,,,,,,,,,,,,,,,,,,,,,,,,,,,,,,,,,,,,,,,,,,,,,,,,,,,,,,,,,,,,,,,,,,,,,,,,,,,,,,,
algo/config.cfg_(Other)_,algo/roles/vpn/tasks/main.yml_(IaC)_,algo/users.yml_(Other)_,,,,,,,,,,,,,,,,,,,,,,,,,,,,,,,,,,,,,,,,,,,,,,,,,,,,,,,,,,,,,,,,,,,,,,,,,,,,,,,,
algo/roles/cloud-ec2/tasks/main.yml_(IaC)_,,,,,,,,,,,,,,,,,,,,,,,,,,,,,,,,,,,,,,,,,,,,,,,,,,,,,,,,,,,,,,,,,,,,,,,,,,,,,,,,,,
algo/algo_(Other)_,algo/azure.yml_(Other)_,algo/deploy.yml_(Other)_,algo/roles/cloud-azure/tasks/main.yml_(IaC)_,,,,,,,,,,,,,,,,,,,,,,,,,,,,,,,,,,,,,,,,,,,,,,,,,,,,,,,,,,,,,,,,,,,,,,,,,,,,,,,
algo/algo_(Other)_,algo/deploy.yml_(Other)_,algo/playbooks/common.yml_(IaC)_,,,,,,,,,,,,,,,,,,,,,,,,,,,,,,,,,,,,,,,,,,,,,,,,,,,,,,,,,,,,,,,,,,,,,,,,,,,,,,,,
algo/playbooks/common.yml_(IaC)_,,,,,,,,,,,,,,,,,,,,,,,,,,,,,,,,,,,,,,,,,,,,,,,,,,,,,,,,,,,,,,,,,,,,,,,,,,,,,,,,,,
algo/roles/cloud-ec2/tasks/main.yml_(IaC)_,,,,,,,,,,,,,,,,,,,,,,,,,,,,,,,,,,,,,,,,,,,,,,,,,,,,,,,,,,,,,,,,,,,,,,,,,,,,,,,,,,
algo/playbooks/digitalocean.yml_(IaC)_,,,,,,,,,,,,,,,,,,,,,,,,,,,,,,,,,,,,,,,,,,,,,,,,,,,,,,,,,,,,,,,,,,,,,,,,,,,,,,,,,,
algo/roles/cloud-ec2/tasks/main.yml_(IaC)_,,,,,,,,,,,,,,,,,,,,,,,,,,,,,,,,,,,,,,,,,,,,,,,,,,,,,,,,,,,,,,,,,,,,,,,,,,,,,,,,,,
algo/roles/ssh_tunneling/tasks/main.yml_(IaC)_,,,,,,,,,,,,,,,,,,,,,,,,,,,,,,,,,,,,,,,,,,,,,,,,,,,,,,,,,,,,,,,,,,,,,,,,,,,,,,,,,,
algo/playbooks/digitalocean.yml_(IaC)_,algo/roles/cloud-digitalocean/tasks/main.yml_(IaC)_,,,,,,,,,,,,,,,,,,,,,,,,,,,,,,,,,,,,,,,,,,,,,,,,,,,,,,,,,,,,,,,,,,,,,,,,,,,,,,,,,
algo/deploy.yml_(Other)_,algo/roles/cloud-azure/tasks/main.yml_(IaC)_,algo/roles/cloud-digitalocean/tasks/main.yml_(IaC)_,algo/roles/cloud-ec2/tasks/main.yml_(IaC)_,algo/roles/cloud-gce/tasks/main.yml_(IaC)_,algo/roles/common/tasks/main.yml_(IaC)_,algo/roles/local/tasks/main.yml_(IaC)_,algo/users.yml_(Other)_,,,,,,,,,,,,,,,,,,,,,,,,,,,,,,,,,,,,,,,,,,,,,,,,,,,,,,,,,,,,,,,,,,,,,,,,,,,
algo/config.cfg_(Other)_,algo/deploy.yml_(Other)_,algo/roles/cloud-azure/tasks/main.yml_(IaC)_,algo/roles/cloud-digitalocean/tasks/main.yml_(IaC)_,algo/roles/cloud-ec2/tasks/main.yml_(IaC)_,algo/roles/cloud-gce/tasks/main.yml_(IaC)_,algo/roles/local/tasks/main.yml_(IaC)_,algo/roles/vpn/tasks/main.yml_(IaC)_,algo/users.yml_(Other)_,,,,,,,,,,,,,,,,,,,,,,,,,,,,,,,,,,,,,,,,,,,,,,,,,,,,,,,,,,,,,,,,,,,,,,,,,,
algo/ansible.cfg_(Other)_,algo/config.cfg_(Other)_,algo/deploy.yml_(Other)_,algo/playbooks/local.yml_(IaC)_,algo/roles/cloud-azure/tasks/main.yml_(IaC)_,algo/roles/cloud-digitalocean/tasks/main.yml_(IaC)_,algo/roles/cloud-ec2/tasks/main.yml_(IaC)_,algo/roles/cloud-gce/tasks/main.yml_(IaC)_,,,,,,,,,,,,,,,,,,,,,,,,,,,,,,,,,,,,,,,,,,,,,,,,,,,,,,,,,,,,,,,,,,,,,,,,,,,
algo/algo_(Other)_,algo/roles/cloud-digitalocean/tasks/main.yml_(IaC)_,,,,,,,,,,,,,,,,,,,,,,,,,,,,,,,,,,,,,,,,,,,,,,,,,,,,,,,,,,,,,,,,,,,,,,,,,,,,,,,,,
algo/config.cfg_(Other)_,algo/roles/vpn/tasks/main.yml_(IaC)_,algo/users.yml_(Other)_,,,,,,,,,,,,,,,,,,,,,,,,,,,,,,,,,,,,,,,,,,,,,,,,,,,,,,,,,,,,,,,,,,,,,,,,,,,,,,,,
algo/ansible.cfg_(Other)_,algo/config.cfg_(Other)_,algo/deploy.yml_(Other)_,algo/playbooks/local.yml_(IaC)_,algo/roles/cloud-azure/tasks/main.yml_(IaC)_,algo/roles/cloud-digitalocean/tasks/main.yml_(IaC)_,algo/roles/cloud-ec2/tasks/main.yml_(IaC)_,algo/roles/cloud-gce/tasks/main.yml_(IaC)_,,,,,,,,,,,,,,,,,,,,,,,,,,,,,,,,,,,,,,,,,,,,,,,,,,,,,,,,,,,,,,,,,,,,,,,,,,,
algo/algo_(Other)_,algo/roles/cloud-digitalocean/tasks/main.yml_(IaC)_,,,,,,,,,,,,,,,,,,,,,,,,,,,,,,,,,,,,,,,,,,,,,,,,,,,,,,,,,,,,,,,,,,,,,,,,,,,,,,,,,
algo/roles/cloud-digitalocean/tasks/main.yml_(IaC)_,,,,,,,,,,,,,,,,,,,,,,,,,,,,,,,,,,,,,,,,,,,,,,,,,,,,,,,,,,,,,,,,,,,,,,,,,,,,,,,,,,
algo/roles/cloud-digitalocean/tasks/main.yml_(IaC)_,,,,,,,,,,,,,,,,,,,,,,,,,,,,,,,,,,,,,,,,,,,,,,,,,,,,,,,,,,,,,,,,,,,,,,,,,,,,,,,,,,
algo/roles/cloud-gce/tasks/main.yml_(IaC)_,,,,,,,,,,,,,,,,,,,,,,,,,,,,,,,,,,,,,,,,,,,,,,,,,,,,,,,,,,,,,,,,,,,,,,,,,,,,,,,,,,
algo/roles/cloud-ec2/tasks/main.yml_(IaC)_,,,,,,,,,,,,,,,,,,,,,,,,,,,,,,,,,,,,,,,,,,,,,,,,,,,,,,,,,,,,,,,,,,,,,,,,,,,,,,,,,,
algo/roles/vpn/tasks/main.yml_(IaC)_,,,,,,,,,,,,,,,,,,,,,,,,,,,,,,,,,,,,,,,,,,,,,,,,,,,,,,,,,,,,,,,,,,,,,,,,,,,,,,,,,,
algo/roles/cloud-ec2/tasks/encrypt_image.yml_(IaC)_,algo/roles/cloud-ec2/tasks/main.yml_(IaC)_,,,,,,,,,,,,,,,,,,,,,,,,,,,,,,,,,,,,,,,,,,,,,,,,,,,,,,,,,,,,,,,,,,,,,,,,,,,,,,,,,
algo/roles/cloud-ec2/tasks/encrypt_image.yml_(IaC)_,algo/roles/cloud-ec2/tasks/main.yml_(IaC)_,,,,,,,,,,,,,,,,,,,,,,,,,,,,,,,,,,,,,,,,,,,,,,,,,,,,,,,,,,,,,,,,,,,,,,,,,,,,,,,,,
algo/library/ec2_ami_copy.py_(Other)_,algo/roles/cloud-ec2/tasks/encrypt_image.yml_(IaC)_,algo/roles/cloud-ec2/tasks/main.yml_(IaC)_,,,,,,,,,,,,,,,,,,,,,,,,,,,,,,,,,,,,,,,,,,,,,,,,,,,,,,,,,,,,,,,,,,,,,,,,,,,,,,,,
algo/roles/common/tasks/main.yml_(IaC)_,algo/roles/vpn/tasks/iptables.yml_(IaC)_,algo/roles/vpn/tasks/main.yml_(IaC)_,,,,,,,,,,,,,,,,,,,,,,,,,,,,,,,,,,,,,,,,,,,,,,,,,,,,,,,,,,,,,,,,,,,,,,,,,,,,,,,,
algo/roles/dns_adblocking/tasks/main.yml_(IaC)_,algo/roles/proxy/tasks/main.yml_(IaC)_,,,,,,,,,,,,,,,,,,,,,,,,,,,,,,,,,,,,,,,,,,,,,,,,,,,,,,,,,,,,,,,,,,,,,,,,,,,,,,,,,
algo/deploy.yml_(Other)_,algo/playbooks/common.yml_(IaC)_,,,,,,,,,,,,,,,,,,,,,,,,,,,,,,,,,,,,,,,,,,,,,,,,,,,,,,,,,,,,,,,,,,,,,,,,,,,,,,,,,
algo/.travis.yml_(Other)_,algo/roles/common/tasks/main.yml_(IaC)_,algo/roles/dns_adblocking/tasks/main.yml_(IaC)_,algo/roles/proxy/tasks/main.yml_(IaC)_,algo/roles/vpn/tasks/main.yml_(IaC)_,,,,,,,,,,,,,,,,,,,,,,,,,,,,,,,,,,,,,,,,,,,,,,,,,,,,,,,,,,,,,,,,,,,,,,,,,,,,,,
algo/roles/cloud-digitalocean/tasks/main.yml_(IaC)_,,,,,,,,,,,,,,,,,,,,,,,,,,,,,,,,,,,,,,,,,,,,,,,,,,,,,,,,,,,,,,,,,,,,,,,,,,,,,,,,,,
algo/.travis.yml_(Other)_,algo/algo_(Other)_,algo/deploy.yml_(Other)_,algo/roles/ssh_tunneling/tasks/main.yml_(IaC)_,algo/roles/vpn/tasks/main.yml_(IaC)_,algo/roles/vpn/templates/easy-rsa.vars.j2_(Other)_,algo/roles/vpn/templates/mobileconfig.j2_(Other)_,algo/tests/update-users.sh_(Other)_,algo/users.yml_(Other)_,,,,,,,,,,,,,,,,,,,,,,,,,,,,,,,,,,,,,,,,,,,,,,,,,,,,,,,,,,,,,,,,,,,,,,,,,,
algo/roles/cloud-azure/tasks/main.yml_(IaC)_,,,,,,,,,,,,,,,,,,,,,,,,,,,,,,,,,,,,,,,,,,,,,,,,,,,,,,,,,,,,,,,,,,,,,,,,,,,,,,,,,,
algo/roles/vpn/tasks/main.yml_(IaC)_,algo/roles/vpn/templates/sswan.j2_(Other)_,,,,,,,,,,,,,,,,,,,,,,,,,,,,,,,,,,,,,,,,,,,,,,,,,,,,,,,,,,,,,,,,,,,,,,,,,,,,,,,,,
algo/roles/cloud-digitalocean/tasks/main.yml_(IaC)_,algo/roles/vpn/tasks/main.yml_(IaC)_,,,,,,,,,,,,,,,,,,,,,,,,,,,,,,,,,,,,,,,,,,,,,,,,,,,,,,,,,,,,,,,,,,,,,,,,,,,,,,,,,
algo/roles/ssh_tunneling/tasks/main.yml_(IaC)_,,,,,,,,,,,,,,,,,,,,,,,,,,,,,,,,,,,,,,,,,,,,,,,,,,,,,,,,,,,,,,,,,,,,,,,,,,,,,,,,,,
algo/roles/cloud-digitalocean/tasks/main.yml_(IaC)_,,,,,,,,,,,,,,,,,,,,,,,,,,,,,,,,,,,,,,,,,,,,,,,,,,,,,,,,,,,,,,,,,,,,,,,,,,,,,,,,,,
algo/roles/vpn/tasks/main.yml_(IaC)_,,,,,,,,,,,,,,,,,,,,,,,,,,,,,,,,,,,,,,,,,,,,,,,,,,,,,,,,,,,,,,,,,,,,,,,,,,,,,,,,,,
algo/roles/vpn/tasks/iptables.yml_(IaC)_,algo/roles/vpn/tasks/main.yml_(IaC)_,,,,,,,,,,,,,,,,,,,,,,,,,,,,,,,,,,,,,,,,,,,,,,,,,,,,,,,,,,,,,,,,,,,,,,,,,,,,,,,,,
algo/algo_(Other)_,algo/deploy.yml_(Other)_,algo/playbooks/local_ssh.yml_(IaC)_,algo/playbooks/post.yml_(IaC)_,,,,,,,,,,,,,,,,,,,,,,,,,,,,,,,,,,,,,,,,,,,,,,,,,,,,,,,,,,,,,,,,,,,,,,,,,,,,,,,
algo/roles/ssh_tunneling/tasks/main.yml_(IaC)_,algo/roles/ssh_tunneling/templates/ssh_config.j2_(Other)_,,,,,,,,,,,,,,,,,,,,,,,,,,,,,,,,,,,,,,,,,,,,,,,,,,,,,,,,,,,,,,,,,,,,,,,,,,,,,,,,,
algo/playbooks/local_ssh.yml_(IaC)_,,,,,,,,,,,,,,,,,,,,,,,,,,,,,,,,,,,,,,,,,,,,,,,,,,,,,,,,,,,,,,,,,,,,,,,,,,,,,,,,,,
algo/deploy_client.yml_(Other)_,algo/roles/client/handlers/main.yml_(IaC)_,algo/roles/client/tasks/main.yml_(IaC)_,algo/roles/client/tasks/systems/CentOS.yml_(IaC)_,algo/roles/client/tasks/systems/Debian.yml_(IaC)_,algo/roles/client/tasks/systems/Ubuntu.yml_(IaC)_,algo/roles/client/tasks/systems/main.yml_(IaC)_,,,,,,,,,,,,,,,,,,,,,,,,,,,,,,,,,,,,,,,,,,,,,,,,,,,,,,,,,,,,,,,,,,,,,,,,,,,,
algo/deploy.yml_(Other)_,algo/deploy_client.yml_(Other)_,algo/roles/client/tasks/main.yml_(IaC)_,algo/roles/client/tasks/systems/Fedora.yml_(IaC)_,algo/roles/client/tasks/systems/main.yml_(IaC)_,,,,,,,,,,,,,,,,,,,,,,,,,,,,,,,,,,,,,,,,,,,,,,,,,,,,,,,,,,,,,,,,,,,,,,,,,,,,,,
algo/roles/vpn/tasks/main.yml_(IaC)_,algo/users.yml_(Other)_,,,,,,,,,,,,,,,,,,,,,,,,,,,,,,,,,,,,,,,,,,,,,,,,,,,,,,,,,,,,,,,,,,,,,,,,,,,,,,,,,
algo/config.cfg_(Other)_,algo/playbooks/local.yml_(IaC)_,algo/roles/cloud-ec2/tasks/main.yml_(IaC)_,,,,,,,,,,,,,,,,,,,,,,,,,,,,,,,,,,,,,,,,,,,,,,,,,,,,,,,,,,,,,,,,,,,,,,,,,,,,,,,,
algo/roles/cloud-digitalocean/tasks/main.yml_(IaC)_,,,,,,,,,,,,,,,,,,,,,,,,,,,,,,,,,,,,,,,,,,,,,,,,,,,,,,,,,,,,,,,,,,,,,,,,,,,,,,,,,,
algo/roles/cloud-digitalocean/tasks/main.yml_(IaC)_,,,,,,,,,,,,,,,,,,,,,,,,,,,,,,,,,,,,,,,,,,,,,,,,,,,,,,,,,,,,,,,,,,,,,,,,,,,,,,,,,,
algo/roles/local/tasks/main.yml_(IaC)_,,,,,,,,,,,,,,,,,,,,,,,,,,,,,,,,,,,,,,,,,,,,,,,,,,,,,,,,,,,,,,,,,,,,,,,,,,,,,,,,,,
algo/roles/cloud-gce/tasks/main.yml_(IaC)_,,,,,,,,,,,,,,,,,,,,,,,,,,,,,,,,,,,,,,,,,,,,,,,,,,,,,,,,,,,,,,,,,,,,,,,,,,,,,,,,,,
algo/roles/cloud-azure/tasks/main.yml_(IaC)_,,,,,,,,,,,,,,,,,,,,,,,,,,,,,,,,,,,,,,,,,,,,,,,,,,,,,,,,,,,,,,,,,,,,,,,,,,,,,,,,,,
algo/roles/cloud-azure/tasks/main.yml_(IaC)_,,,,,,,,,,,,,,,,,,,,,,,,,,,,,,,,,,,,,,,,,,,,,,,,,,,,,,,,,,,,,,,,,,,,,,,,,,,,,,,,,,
algo/roles/cloud-ec2/tasks/main.yml_(IaC)_,,,,,,,,,,,,,,,,,,,,,,,,,,,,,,,,,,,,,,,,,,,,,,,,,,,,,,,,,,,,,,,,,,,,,,,,,,,,,,,,,,
algo/roles/cloud-gce/tasks/main.yml_(IaC)_,,,,,,,,,,,,,,,,,,,,,,,,,,,,,,,,,,,,,,,,,,,,,,,,,,,,,,,,,,,,,,,,,,,,,,,,,,,,,,,,,,
algo/roles/cloud-digitalocean/tasks/main.yml_(IaC)_,,,,,,,,,,,,,,,,,,,,,,,,,,,,,,,,,,,,,,,,,,,,,,,,,,,,,,,,,,,,,,,,,,,,,,,,,,,,,,,,,,
algo/roles/cloud-gce/tasks/main.yml_(IaC)_,,,,,,,,,,,,,,,,,,,,,,,,,,,,,,,,,,,,,,,,,,,,,,,,,,,,,,,,,,,,,,,,,,,,,,,,,,,,,,,,,,
algo/roles/cloud-azure/tasks/main.yml_(IaC)_,,,,,,,,,,,,,,,,,,,,,,,,,,,,,,,,,,,,,,,,,,,,,,,,,,,,,,,,,,,,,,,,,,,,,,,,,,,,,,,,,,
algo/.travis.yml_(Other)_,algo/playbooks/common.yml_(IaC)_,algo/playbooks/facts/FreeBSD.yml_(IaC)_,algo/playbooks/freebsd.yml_(IaC)_,algo/playbooks/ubuntu.yml_(IaC)_,algo/roles/common/handlers/main.yml_(IaC)_,algo/roles/common/tasks/freebsd.yml_(IaC)_,algo/roles/common/tasks/main.yml_(IaC)_,algo/roles/common/tasks/ubuntu.yml_(IaC)_,algo/roles/dns_adblocking/tasks/freebsd.yml_(IaC)_,algo/roles/dns_adblocking/tasks/main.yml_(IaC)_,algo/roles/dns_adblocking/tasks/ubuntu.yml_(IaC)_,algo/roles/security/handlers/main.yml_(IaC)_,algo/roles/ssh_tunneling/handlers/main.yml_(IaC)_,algo/roles/ssh_tunneling/tasks/main.yml_(IaC)_,algo/roles/vpn/tasks/client_configs.yml_(IaC)_,algo/roles/vpn/tasks/distribute_keys.yml_(IaC)_,algo/roles/vpn/tasks/freebsd.yml_(IaC)_,algo/roles/vpn/tasks/ipec_configuration.yml_(IaC)_,algo/roles/vpn/tasks/main.yml_(IaC)_,algo/roles/vpn/tasks/openssl.yml_(IaC)_,algo/roles/vpn/tasks/ubuntu.yml_(IaC)_,algo/roles/vpn/templates/strongswan.conf.j2_(Other)_,algo/users.yml_(Other)_,,,,,,,,,,,,,,,,,,,,,,,,,,,,,,,,,,,,,,,,,,,,,,,,,,,,,,,,,,,
algo/playbooks/local.yml_(IaC)_,algo/playbooks/local_ssh.yml_(IaC)_,,,,,,,,,,,,,,,,,,,,,,,,,,,,,,,,,,,,,,,,,,,,,,,,,,,,,,,,,,,,,,,,,,,,,,,,,,,,,,,,,
algo/playbooks/local_ssh.yml_(IaC)_,,,,,,,,,,,,,,,,,,,,,,,,,,,,,,,,,,,,,,,,,,,,,,,,,,,,,,,,,,,,,,,,,,,,,,,,,,,,,,,,,,
algo/roles/vpn/tasks/ubuntu.yml_(IaC)_,algo/roles/vpn/templates/rules.v4.j2_(Other)_,algo/roles/vpn/templates/rules.v6.j2_(Other)_,,,,,,,,,,,,,,,,,,,,,,,,,,,,,,,,,,,,,,,,,,,,,,,,,,,,,,,,,,,,,,,,,,,,,,,,,,,,,,,,
algo/roles/cloud-ec2/tasks/main.yml_(IaC)_,,,,,,,,,,,,,,,,,,,,,,,,,,,,,,,,,,,,,,,,,,,,,,,,,,,,,,,,,,,,,,,,,,,,,,,,,,,,,,,,,,
algo/playbooks/local.yml_(IaC)_,,,,,,,,,,,,,,,,,,,,,,,,,,,,,,,,,,,,,,,,,,,,,,,,,,,,,,,,,,,,,,,,,,,,,,,,,,,,,,,,,,
algo/algo_(Other)_,algo/config.cfg_(Other)_,algo/deploy.yml_(Other)_,algo/roles/client/tasks/main.yml_(IaC)_,algo/roles/security/templates/sshd_config.j2_(Other)_,algo/roles/vpn/tasks/main.yml_(IaC)_,algo/roles/vpn/tasks/ubuntu.yml_(IaC)_,,,,,,,,,,,,,,,,,,,,,,,,,,,,,,,,,,,,,,,,,,,,,,,,,,,,,,,,,,,,,,,,,,,,,,,,,,,,
algo/algo_(Other)_,algo/roles/cloud-azure/tasks/main.yml_(IaC)_,,,,,,,,,,,,,,,,,,,,,,,,,,,,,,,,,,,,,,,,,,,,,,,,,,,,,,,,,,,,,,,,,,,,,,,,,,,,,,,,,
algo/roles/client/tasks/main.yml_(IaC)_,algo/roles/cloud-digitalocean/tasks/main.yml_(IaC)_,algo/roles/dns_adblocking/templates/adblock.sh_(Other)_,algo/roles/dns_adblocking/templates/dnsmasq.conf.j2_(Other)_,algo/roles/proxy/templates/pagespeed.conf.j2_(Other)_,algo/roles/proxy/templates/privoxy_config.j2_(Other)_,algo/users.yml_(Other)_,,,,,,,,,,,,,,,,,,,,,,,,,,,,,,,,,,,,,,,,,,,,,,,,,,,,,,,,,,,,,,,,,,,,,,,,,,,,
algo/roles/common/tasks/freebsd.yml_(IaC)_,algo/roles/common/tasks/main.yml_(IaC)_,algo/roles/common/tasks/ubuntu.yml_(IaC)_,,,,,,,,,,,,,,,,,,,,,,,,,,,,,,,,,,,,,,,,,,,,,,,,,,,,,,,,,,,,,,,,,,,,,,,,,,,,,,,,
algo/roles/common/tasks/freebsd.yml_(IaC)_,algo/roles/common/tasks/main.yml_(IaC)_,algo/roles/common/tasks/ubuntu.yml_(IaC)_,,,,,,,,,,,,,,,,,,,,,,,,,,,,,,,,,,,,,,,,,,,,,,,,,,,,,,,,,,,,,,,,,,,,,,,,,,,,,,,,
algo/deploy.yml_(Other)_,algo/roles/logging/handlers/main.yml_(IaC)_,algo/roles/logging/meta/main.yml_(Other)_,algo/roles/logging/tasks/main.yml_(IaC)_,algo/roles/logging/templates/CIS.conf.j2_(Other)_,algo/roles/logging/templates/audit.rules.j2_(Other)_,algo/roles/logging/templates/auditd.conf.j2_(Other)_,algo/roles/logging/templates/rsyslog.conf.j2_(Other)_,,,,,,,,,,,,,,,,,,,,,,,,,,,,,,,,,,,,,,,,,,,,,,,,,,,,,,,,,,,,,,,,,,,,,,,,,,,
algo/roles/cloud-gce/tasks/main.yml_(IaC)_,,,,,,,,,,,,,,,,,,,,,,,,,,,,,,,,,,,,,,,,,,,,,,,,,,,,,,,,,,,,,,,,,,,,,,,,,,,,,,,,,,
algo/playbooks/common.yml_(IaC)_,algo/playbooks/local.yml_(IaC)_,algo/roles/security/templates/sshd_config.j2_(Other)_,,,,,,,,,,,,,,,,,,,,,,,,,,,,,,,,,,,,,,,,,,,,,,,,,,,,,,,,,,,,,,,,,,,,,,,,,,,,,,,,
algo/roles/cloud-gce/tasks/main.yml_(IaC)_,,,,,,,,,,,,,,,,,,,,,,,,,,,,,,,,,,,,,,,,,,,,,,,,,,,,,,,,,,,,,,,,,,,,,,,,,,,,,,,,,,
algo/playbooks/local.yml_(IaC)_,,,,,,,,,,,,,,,,,,,,,,,,,,,,,,,,,,,,,,,,,,,,,,,,,,,,,,,,,,,,,,,,,,,,,,,,,,,,,,,,,,
algo/roles/cloud-gce/tasks/main.yml_(IaC)_,algo/roles/vpn/defaults/main.yml_(Other)_,algo/roles/vpn/templates/client_ipsec.conf.j2_(Other)_,algo/roles/vpn/templates/client_windows.ps1.j2_(Other)_,algo/roles/vpn/templates/ipsec.conf.j2_(Other)_,algo/roles/vpn/templates/mobileconfig.j2_(Other)_,,,,,,,,,,,,,,,,,,,,,,,,,,,,,,,,,,,,,,,,,,,,,,,,,,,,,,,,,,,,,,,,,,,,,,,,,,,,,
algo/roles/vpn/tasks/main.yml_(IaC)_,,,,,,,,,,,,,,,,,,,,,,,,,,,,,,,,,,,,,,,,,,,,,,,,,,,,,,,,,,,,,,,,,,,,,,,,,,,,,,,,,,
algo/roles/ssh_tunneling/tasks/main.yml_(IaC)_,,,,,,,,,,,,,,,,,,,,,,,,,,,,,,,,,,,,,,,,,,,,,,,,,,,,,,,,,,,,,,,,,,,,,,,,,,,,,,,,,,
algo/config.cfg_(Other)_,algo/playbooks/local.yml_(IaC)_,algo/roles/cloud-azure/tasks/main.yml_(IaC)_,algo/roles/cloud-digitalocean/tasks/main.yml_(IaC)_,algo/roles/cloud-ec2/tasks/main.yml_(IaC)_,algo/roles/cloud-gce/tasks/main.yml_(IaC)_,,,,,,,,,,,,,,,,,,,,,,,,,,,,,,,,,,,,,,,,,,,,,,,,,,,,,,,,,,,,,,,,,,,,,,,,,,,,,
algo/roles/cloud-azure/tasks/main.yml_(IaC)_,algo/roles/cloud-digitalocean/tasks/main.yml_(IaC)_,algo/roles/cloud-ec2/tasks/main.yml_(IaC)_,algo/roles/cloud-gce/tasks/main.yml_(IaC)_,,,,,,,,,,,,,,,,,,,,,,,,,,,,,,,,,,,,,,,,,,,,,,,,,,,,,,,,,,,,,,,,,,,,,,,,,,,,,,,
algo/playbooks/local_ssh.yml_(IaC)_,,,,,,,,,,,,,,,,,,,,,,,,,,,,,,,,,,,,,,,,,,,,,,,,,,,,,,,,,,,,,,,,,,,,,,,,,,,,,,,,,,
algo/config.cfg_(Other)_,algo/deploy.yml_(Other)_,algo/playbooks/common.yml_(IaC)_,algo/playbooks/facts/main.yml_(IaC)_,algo/roles/dns_adblocking/tasks/main.yml_(IaC)_,algo/roles/proxy/handlers/main.yml_(IaC)_,algo/roles/proxy/meta/main.yml_(Other)_,algo/roles/proxy/tasks/main.yml_(IaC)_,algo/roles/proxy/templates/000-default.conf.j2_(Other)_,algo/roles/proxy/templates/apache2_100-CustomLimitations.conf.j2_(Other)_,algo/roles/proxy/templates/default.filter.j2_(Other)_,algo/roles/proxy/templates/pagespeed.conf.j2_(Other)_,algo/roles/proxy/templates/ports.conf.j2_(Other)_,algo/roles/proxy/templates/privoxy_100-CustomLimitations.conf.j2_(Other)_,algo/roles/proxy/templates/privoxy_config.j2_(Other)_,algo/roles/proxy/templates/usr.sbin.privoxy.j2_(Other)_,algo/roles/security/tasks/main.yml_(IaC)_,algo/roles/ssh_tunneling/tasks/main.yml_(IaC)_,algo/roles/vpn/tasks/main.yml_(IaC)_,algo/users.yml_(Other)_,,,,,,,,,,,,,,,,,,,,,,,,,,,,,,,,,,,,,,,,,,,,,,,,,,,,,,,,,,,,,,,
algo/roles/cloud-ec2/tasks/cloudformation.yml_(IaC)_,algo/roles/cloud-ec2/tasks/encrypt_image.yml_(IaC)_,algo/roles/cloud-ec2/tasks/main.yml_(IaC)_,algo/roles/cloud-ec2/templates/stack.yml.j2_(Other)_,algo/roles/vpn/templates/rules.v6.j2_(Other)_,,,,,,,,,,,,,,,,,,,,,,,,,,,,,,,,,,,,,,,,,,,,,,,,,,,,,,,,,,,,,,,,,,,,,,,,,,,,,,
algo/.travis.yml_(Other)_,algo/config.cfg_(Other)_,algo/roles/cloud-azure/tasks/main.yml_(IaC)_,algo/roles/cloud-digitalocean/tasks/main.yml_(IaC)_,algo/roles/cloud-ec2/tasks/main.yml_(IaC)_,algo/roles/cloud-gce/tasks/main.yml_(IaC)_,algo/roles/dns_adblocking/tasks/main.yml_(IaC)_,algo/roles/vpn/tasks/main.yml_(IaC)_,algo/roles/vpn/templates/ipsec.conf.j2_(Other)_,,,,,,,,,,,,,,,,,,,,,,,,,,,,,,,,,,,,,,,,,,,,,,,,,,,,,,,,,,,,,,,,,,,,,,,,,,
algo/playbooks/facts/main.yml_(IaC)_,algo/roles/vpn/defaults/main.yml_(Other)_,algo/roles/vpn/templates/client_ipsec.secrets.j2_(Other)_,algo/roles/vpn/templates/client_windows.ps1.j2_(Other)_,algo/roles/vpn/templates/ipsec.secrets.j2_(Other)_,,,,,,,,,,,,,,,,,,,,,,,,,,,,,,,,,,,,,,,,,,,,,,,,,,,,,,,,,,,,,,,,,,,,,,,,,,,,,,
algo/config.cfg_(Other)_,algo/deploy.yml_(Other)_,algo/roles/cloud-azure/tasks/main.yml_(IaC)_,algo/roles/cloud-digitalocean/tasks/main.yml_(IaC)_,algo/roles/cloud-ec2/tasks/main.yml_(IaC)_,algo/roles/cloud-gce/tasks/main.yml_(IaC)_,algo/roles/common/tasks/main.yml_(IaC)_,algo/roles/dns_adblocking/tasks/main.yml_(IaC)_,algo/roles/local/tasks/main.yml_(IaC)_,algo/roles/security/tasks/main.yml_(IaC)_,algo/roles/ssh_tunneling/tasks/main.yml_(IaC)_,algo/roles/vpn/tasks/main.yml_(IaC)_,algo/users.yml_(Other)_,,,,,,,,,,,,,,,,,,,,,,,,,,,,,,,,,,,,,,,,,,,,,,,,,,,,,,,,,,,,,,,,,,,,,,
algo/roles/vpn/tasks/ubuntu-hacks.yml_(IaC)_,algo/roles/vpn/tasks/ubuntu.yml_(IaC)_,algo/roles/vpn/templates/01_strongswan.pref.j2_(Other)_,algo/roles/vpn/templates/01_xenial_aptconf.j2_(Other)_,,,,,,,,,,,,,,,,,,,,,,,,,,,,,,,,,,,,,,,,,,,,,,,,,,,,,,,,,,,,,,,,,,,,,,,,,,,,,,,
algo/roles/cloud-ec2/tasks/main.yml_(IaC)_,algo/roles/cloud-ec2/templates/stack.yml.j2_(Other)_,,,,,,,,,,,,,,,,,,,,,,,,,,,,,,,,,,,,,,,,,,,,,,,,,,,,,,,,,,,,,,,,,,,,,,,,,,,,,,,,,
algo/playbooks/post.yml_(IaC)_,,,,,,,,,,,,,,,,,,,,,,,,,,,,,,,,,,,,,,,,,,,,,,,,,,,,,,,,,,,,,,,,,,,,,,,,,,,,,,,,,,
algo/deploy_client.yml_(Other)_,algo/roles/client/tasks/main.yml_(IaC)_,,,,,,,,,,,,,,,,,,,,,,,,,,,,,,,,,,,,,,,,,,,,,,,,,,,,,,,,,,,,,,,,,,,,,,,,,,,,,,,,,
algo/algo_(Other)_,algo/playbooks/facts/main.yml_(IaC)_,,,,,,,,,,,,,,,,,,,,,,,,,,,,,,,,,,,,,,,,,,,,,,,,,,,,,,,,,,,,,,,,,,,,,,,,,,,,,,,,,
algo/algo_(Other)_,algo/playbooks/facts/main.yml_(IaC)_,,,,,,,,,,,,,,,,,,,,,,,,,,,,,,,,,,,,,,,,,,,,,,,,,,,,,,,,,,,,,,,,,,,,,,,,,,,,,,,,,
algo/algo_(Other)_,algo/roles/dns_adblocking/tasks/main.yml_(IaC)_,,,,,,,,,,,,,,,,,,,,,,,,,,,,,,,,,,,,,,,,,,,,,,,,,,,,,,,,,,,,,,,,,,,,,,,,,,,,,,,,,
algo/roles/dns_adblocking/tasks/main.yml_(IaC)_,algo/roles/dns_adblocking/tasks/ubuntu.yml_(IaC)_,algo/roles/security/tasks/main.yml_(IaC)_,algo/roles/ssh_tunneling/tasks/main.yml_(IaC)_,algo/roles/vpn/tasks/freebsd.yml_(IaC)_,algo/roles/vpn/tasks/ipec_configuration.yml_(IaC)_,algo/roles/vpn/tasks/iptables.yml_(IaC)_,algo/roles/vpn/tasks/main.yml_(IaC)_,algo/roles/vpn/tasks/ubuntu-hacks.yml_(IaC)_,algo/roles/vpn/tasks/ubuntu.yml_(IaC)_,,,,,,,,,,,,,,,,,,,,,,,,,,,,,,,,,,,,,,,,,,,,,,,,,,,,,,,,,,,,,,,,,,,,,,,,,
algo/algo_(Other)_,algo/roles/ssh_tunneling/tasks/main.yml_(IaC)_,algo/roles/vpn/handlers/main.yml_(IaC)_,algo/roles/vpn/tasks/main.yml_(IaC)_,algo/roles/vpn/tasks/openssl.yml_(IaC)_,algo/users.yml_(Other)_,,,,,,,,,,,,,,,,,,,,,,,,,,,,,,,,,,,,,,,,,,,,,,,,,,,,,,,,,,,,,,,,,,,,,,,,,,,,,
algo/roles/vpn/tasks/openssl.yml_(IaC)_,,,,,,,,,,,,,,,,,,,,,,,,,,,,,,,,,,,,,,,,,,,,,,,,,,,,,,,,,,,,,,,,,,,,,,,,,,,,,,,,,,
algo/config.cfg_(Other)_,algo/roles/dns_adblocking/tasks/main.yml_(IaC)_,algo/roles/dns_adblocking/templates/adblock.sh.j2_(Other)_,,,,,,,,,,,,,,,,,,,,,,,,,,,,,,,,,,,,,,,,,,,,,,,,,,,,,,,,,,,,,,,,,,,,,,,,,,,,,,,,
algo/playbooks/local.yml_(IaC)_,algo/playbooks/local_ssh.yml_(IaC)_,algo/playbooks/post.yml_(IaC)_,algo/roles/vpn/tasks/client_configs.yml_(IaC)_,algo/roles/vpn/tasks/main.yml_(IaC)_,algo/roles/vpn/tasks/openssl.yml_(IaC)_,,,,,,,,,,,,,,,,,,,,,,,,,,,,,,,,,,,,,,,,,,,,,,,,,,,,,,,,,,,,,,,,,,,,,,,,,,,,,
algo/roles/vpn/tasks/client_configs.yml_(IaC)_,algo/roles/vpn/templates/android_html_helper.j2_(Other)_,,,,,,,,,,,,,,,,,,,,,,,,,,,,,,,,,,,,,,,,,,,,,,,,,,,,,,,,,,,,,,,,,,,,,,,,,,,,,,,,,
algo/roles/ssh_tunneling/tasks/main.yml_(IaC)_,algo/roles/vpn/tasks/openssl.yml_(IaC)_,algo/users.yml_(Other)_,,,,,,,,,,,,,,,,,,,,,,,,,,,,,,,,,,,,,,,,,,,,,,,,,,,,,,,,,,,,,,,,,,,,,,,,,,,,,,,,
algo/roles/cloud-gce/tasks/main.yml_(IaC)_,,,,,,,,,,,,,,,,,,,,,,,,,,,,,,,,,,,,,,,,,,,,,,,,,,,,,,,,,,,,,,,,,,,,,,,,,,,,,,,,,,
algo/roles/vpn/tasks/openssl.yml_(IaC)_,,,,,,,,,,,,,,,,,,,,,,,,,,,,,,,,,,,,,,,,,,,,,,,,,,,,,,,,,,,,,,,,,,,,,,,,,,,,,,,,,,
algo/config.cfg_(Other)_,algo/roles/vpn/tasks/client_configs.yml_(IaC)_,algo/roles/vpn/tasks/main.yml_(IaC)_,algo/roles/vpn/tasks/openssl.yml_(IaC)_,,,,,,,,,,,,,,,,,,,,,,,,,,,,,,,,,,,,,,,,,,,,,,,,,,,,,,,,,,,,,,,,,,,,,,,,,,,,,,,
algo/roles/vpn/tasks/openssl.yml_(IaC)_,,,,,,,,,,,,,,,,,,,,,,,,,,,,,,,,,,,,,,,,,,,,,,,,,,,,,,,,,,,,,,,,,,,,,,,,,,,,,,,,,,
algo/roles/vpn/tasks/main.yml_(IaC)_,algo/roles/vpn/tasks/ubuntu-hacks.yml_(IaC)_,algo/roles/vpn/tasks/ubuntu.yml_(IaC)_,algo/roles/vpn/templates/01_strongswan.pref.j2_(Other)_,algo/roles/vpn/templates/01_xenial_aptconf.j2_(Other)_,,,,,,,,,,,,,,,,,,,,,,,,,,,,,,,,,,,,,,,,,,,,,,,,,,,,,,,,,,,,,,,,,,,,,,,,,,,,,,
algo/deploy_client.yml_(Other)_,algo/roles/client/tasks/main.yml_(IaC)_,,,,,,,,,,,,,,,,,,,,,,,,,,,,,,,,,,,,,,,,,,,,,,,,,,,,,,,,,,,,,,,,,,,,,,,,,,,,,,,,,
algo/roles/cloud-gce/tasks/main.yml_(IaC)_,,,,,,,,,,,,,,,,,,,,,,,,,,,,,,,,,,,,,,,,,,,,,,,,,,,,,,,,,,,,,,,,,,,,,,,,,,,,,,,,,,
algo/roles/cloud-gce/tasks/main.yml_(IaC)_,,,,,,,,,,,,,,,,,,,,,,,,,,,,,,,,,,,,,,,,,,,,,,,,,,,,,,,,,,,,,,,,,,,,,,,,,,,,,,,,,,
algo/roles/dns_adblocking/tasks/main.yml_(IaC)_,algo/roles/dns_adblocking/templates/adblock.sh.j2_(Other)_,algo/roles/dns_adblocking/templates/dnsmasq.conf.j2_(Other)_,,,,,,,,,,,,,,,,,,,,,,,,,,,,,,,,,,,,,,,,,,,,,,,,,,,,,,,,,,,,,,,,,,,,,,,,,,,,,,,,
algo/playbooks/facts/main.yml_(IaC)_,,,,,,,,,,,,,,,,,,,,,,,,,,,,,,,,,,,,,,,,,,,,,,,,,,,,,,,,,,,,,,,,,,,,,,,,,,,,,,,,,,
algo/playbooks/facts/main.yml_(IaC)_,,,,,,,,,,,,,,,,,,,,,,,,,,,,,,,,,,,,,,,,,,,,,,,,,,,,,,,,,,,,,,,,,,,,,,,,,,,,,,,,,,
algo/roles/vpn/defaults/main.yml_(Other)_,algo/roles/vpn/tasks/openssl.yml_(IaC)_,,,,,,,,,,,,,,,,,,,,,,,,,,,,,,,,,,,,,,,,,,,,,,,,,,,,,,,,,,,,,,,,,,,,,,,,,,,,,,,,,
algo/algo_(Other)_,algo/roles/cloud-gce/tasks/main.yml_(IaC)_,,,,,,,,,,,,,,,,,,,,,,,,,,,,,,,,,,,,,,,,,,,,,,,,,,,,,,,,,,,,,,,,,,,,,,,,,,,,,,,,,
algo/roles/client/tasks/systems/CentOS.yml_(IaC)_,algo/roles/client/tasks/systems/Debian.yml_(IaC)_,algo/roles/client/tasks/systems/Fedora.yml_(IaC)_,algo/roles/client/tasks/systems/Ubuntu.yml_(IaC)_,,,,,,,,,,,,,,,,,,,,,,,,,,,,,,,,,,,,,,,,,,,,,,,,,,,,,,,,,,,,,,,,,,,,,,,,,,,,,,,
algo/roles/security/tasks/main.yml_(IaC)_,,,,,,,,,,,,,,,,,,,,,,,,,,,,,,,,,,,,,,,,,,,,,,,,,,,,,,,,,,,,,,,,,,,,,,,,,,,,,,,,,,
algo/roles/vpn/handlers/main.yml_(IaC)_,algo/roles/vpn/tasks/openssl.yml_(IaC)_,,,,,,,,,,,,,,,,,,,,,,,,,,,,,,,,,,,,,,,,,,,,,,,,,,,,,,,,,,,,,,,,,,,,,,,,,,,,,,,,,
algo/roles/common/tasks/ubuntu.yml_(IaC)_,,,,,,,,,,,,,,,,,,,,,,,,,,,,,,,,,,,,,,,,,,,,,,,,,,,,,,,,,,,,,,,,,,,,,,,,,,,,,,,,,,
algo/roles/cloud-digitalocean/tasks/main.yml_(IaC)_,,,,,,,,,,,,,,,,,,,,,,,,,,,,,,,,,,,,,,,,,,,,,,,,,,,,,,,,,,,,,,,,,,,,,,,,,,,,,,,,,,
algo/.travis.yml_(Other)_,algo/config.cfg_(Other)_,algo/roles/common/tasks/ubuntu.yml_(IaC)_,,,,,,,,,,,,,,,,,,,,,,,,,,,,,,,,,,,,,,,,,,,,,,,,,,,,,,,,,,,,,,,,,,,,,,,,,,,,,,,,
algo/.travis.yml_(Other)_,algo/algo_(Other)_,algo/config.cfg_(Other)_,algo/deploy.yml_(Other)_,algo/library/digital_ocean_tag.py_(Other)_,algo/library/lightsail.py_(Other)_,algo/playbooks/common.yml_(IaC)_,algo/playbooks/freebsd.yml_(IaC)_,algo/playbooks/post.yml_(IaC)_,algo/roles/client/tasks/main.yml_(IaC)_,algo/roles/client/tasks/systems/main.yml_(IaC)_,algo/roles/cloud-ec2/tasks/main.yml_(IaC)_,algo/roles/cloud-lightsail/tasks/main.yml_(IaC)_,algo/roles/cloud-openstack/tasks/main.yml_(IaC)_,algo/roles/cloud-scaleway/tasks/main.yml_(IaC)_,algo/roles/common/tasks/main.yml_(IaC)_,algo/roles/common/tasks/ubuntu.yml_(IaC)_,algo/roles/common/tasks/unattended-upgrades.yml_(IaC)_,algo/roles/common/templates/10periodic.j2_(Other)_,algo/roles/common/templates/50unattended-upgrades.j2_(Other)_,algo/roles/dns_adblocking/tasks/main.yml_(IaC)_,algo/roles/security/handlers/main.yml_(IaC)_,algo/roles/security/meta/main.yml_(Other)_,algo/roles/security/tasks/main.yml_(IaC)_,algo/roles/security/templates/sshd_config.j2_(Other)_,algo/roles/vpn/tasks/main.yml_(IaC)_,algo/roles/vpn/tasks/ubuntu.yml_(IaC)_,algo/users.yml_(Other)_,,,,,,,,,,,,,,,,,,,,,,,,,,,,,,,,,,,,,,,,,,,,,,,,,,,,,,,
algo/roles/cloud-ec2/files/stack.yml_(Other)_,algo/roles/cloud-ec2/tasks/cloudformation.yml_(IaC)_,,,,,,,,,,,,,,,,,,,,,,,,,,,,,,,,,,,,,,,,,,,,,,,,,,,,,,,,,,,,,,,,,,,,,,,,,,,,,,,,,
algo/roles/vpn/tasks/openssl.yml_(IaC)_,algo/roles/vpn/templates/client_windows.ps1.j2_(Other)_,,,,,,,,,,,,,,,,,,,,,,,,,,,,,,,,,,,,,,,,,,,,,,,,,,,,,,,,,,,,,,,,,,,,,,,,,,,,,,,,,
algo/.travis.yml_(Other)_,algo/playbooks/local.yml_(IaC)_,,,,,,,,,,,,,,,,,,,,,,,,,,,,,,,,,,,,,,,,,,,,,,,,,,,,,,,,,,,,,,,,,,,,,,,,,,,,,,,,,
algo/roles/vpn/tasks/client_configs.yml_(IaC)_,algo/roles/vpn/templates/mobileconfig.j2_(Other)_,algo/roles/vpn/templates/rules.v4.j2_(Other)_,algo/roles/vpn/templates/rules.v6.j2_(Other)_,,,,,,,,,,,,,,,,,,,,,,,,,,,,,,,,,,,,,,,,,,,,,,,,,,,,,,,,,,,,,,,,,,,,,,,,,,,,,,,
algo/playbooks/win_script_rebuild.yml_(IaC)_,algo/roles/vpn/tasks/client_configs.yml_(IaC)_,algo/roles/vpn/templates/client_windows.ps1.j2_(Other)_,,,,,,,,,,,,,,,,,,,,,,,,,,,,,,,,,,,,,,,,,,,,,,,,,,,,,,,,,,,,,,,,,,,,,,,,,,,,,,,,
algo/roles/vpn/defaults/main.yml_(Other)_,algo/roles/vpn/tasks/openssl.yml_(IaC)_,algo/roles/vpn/templates/ipsec.conf.j2_(Other)_,,,,,,,,,,,,,,,,,,,,,,,,,,,,,,,,,,,,,,,,,,,,,,,,,,,,,,,,,,,,,,,,,,,,,,,,,,,,,,,,
algo/algo_(Other)_,algo/config.cfg_(Other)_,algo/deploy.yml_(Other)_,algo/roles/common/tasks/ubuntu.yml_(IaC)_,algo/roles/dns_adblocking/meta/main.yml_(Other)_,algo/roles/dns_adblocking/tasks/freebsd.yml_(IaC)_,algo/roles/dns_adblocking/tasks/main.yml_(IaC)_,algo/roles/dns_adblocking/tasks/ubuntu.yml_(IaC)_,algo/roles/dns_adblocking/templates/dnsmasq.conf.j2_(Other)_,algo/roles/dns_encryption/defaults/main.yml_(Other)_,algo/roles/dns_encryption/handlers/main.yml_(IaC)_,algo/roles/dns_encryption/meta/main.yml_(Other)_,algo/roles/dns_encryption/tasks/freebsd.yml_(IaC)_,algo/roles/dns_encryption/tasks/main.yml_(IaC)_,algo/roles/dns_encryption/tasks/ubuntu.yml_(IaC)_,algo/roles/vpn/meta/main.yml_(Other)_,algo/roles/vpn/tasks/freebsd.yml_(IaC)_,algo/roles/vpn/tasks/ubuntu.yml_(IaC)_,algo/roles/vpn/templates/ipsec.conf.j2_(Other)_,algo/tests/local-deploy.sh_(Other)_,,,,,,,,,,,,,,,,,,,,,,,,,,,,,,,,,,,,,,,,,,,,,,,,,,,,,,,,,,,,,,,
algo/roles/dns_encryption/tasks/ubuntu.yml_(IaC)_,,,,,,,,,,,,,,,,,,,,,,,,,,,,,,,,,,,,,,,,,,,,,,,,,,,,,,,,,,,,,,,,,,,,,,,,,,,,,,,,,,
algo/roles/dns_encryption/tasks/freebsd.yml_(IaC)_,,,,,,,,,,,,,,,,,,,,,,,,,,,,,,,,,,,,,,,,,,,,,,,,,,,,,,,,,,,,,,,,,,,,,,,,,,,,,,,,,,
algo/playbooks/facts/main.yml_(IaC)_,algo/roles/cloud-azure/tasks/main.yml_(IaC)_,algo/roles/cloud-digitalocean/tasks/main.yml_(IaC)_,algo/roles/cloud-ec2/tasks/main.yml_(IaC)_,algo/roles/cloud-gce/tasks/main.yml_(IaC)_,algo/roles/cloud-lightsail/tasks/main.yml_(IaC)_,algo/roles/cloud-openstack/tasks/main.yml_(IaC)_,algo/roles/cloud-scaleway/tasks/main.yml_(IaC)_,algo/roles/vpn/tasks/iptables.yml_(IaC)_,algo/roles/vpn/tasks/openssl.yml_(IaC)_,,,,,,,,,,,,,,,,,,,,,,,,,,,,,,,,,,,,,,,,,,,,,,,,,,,,,,,,,,,,,,,,,,,,,,,,,
algo/roles/vpn/tasks/ipsec_configuration.yml_(IaC)_,algo/roles/vpn/tasks/main.yml_(IaC)_,,,,,,,,,,,,,,,,,,,,,,,,,,,,,,,,,,,,,,,,,,,,,,,,,,,,,,,,,,,,,,,,,,,,,,,,,,,,,,,,,
algo/roles/vpn/tasks/openssl.yml_(IaC)_,,,,,,,,,,,,,,,,,,,,,,,,,,,,,,,,,,,,,,,,,,,,,,,,,,,,,,,,,,,,,,,,,,,,,,,,,,,,,,,,,,
algo/.travis.yml_(Other)_,algo/algo_(Other)_,algo/config.cfg_(Other)_,algo/deploy.yml_(Other)_,algo/playbooks/common.yml_(IaC)_,algo/playbooks/ubuntu.yml_(IaC)_,algo/roles/cloud-ec2/files/stack.yml_(Other)_,algo/roles/cloud-scaleway/tasks/image_facts.yml_(IaC)_,algo/roles/cloud-scaleway/tasks/main.yml_(IaC)_,algo/roles/common/handlers/main.yml_(IaC)_,algo/roles/common/tasks/ubuntu.yml_(IaC)_,algo/roles/common/templates/10-algo-lo100.network.j2_(Other)_,algo/roles/common/templates/10-loopback-services.cfg.j2_(Other)_,algo/roles/dns_encryption/tasks/ubuntu.yml_(IaC)_,,,,,,,,,,,,,,,,,,,,,,,,,,,,,,,,,,,,,,,,,,,,,,,,,,,,,,,,,,,,,,,,,,,,,
algo/.travis.yml_(Other)_,algo/config.cfg_(Other)_,algo/deploy.yml_(Other)_,algo/roles/cloud-azure/tasks/main.yml_(IaC)_,algo/roles/cloud-ec2/files/stack.yml_(Other)_,algo/roles/cloud-ec2/tasks/cloudformation.yml_(IaC)_,algo/roles/cloud-gce/tasks/main.yml_(IaC)_,algo/roles/cloud-lightsail/tasks/main.yml_(IaC)_,algo/roles/cloud-openstack/tasks/main.yml_(IaC)_,algo/roles/common/tasks/ubuntu.yml_(IaC)_,algo/roles/common/templates/50unattended-upgrades.j2_(Other)_,algo/roles/vpn/tasks/client_configs.yml_(IaC)_,algo/roles/vpn/templates/android_html_helper.j2_(Other)_,algo/roles/vpn/templates/rules.v4.j2_(Other)_,algo/roles/vpn/templates/rules.v6.j2_(Other)_,algo/roles/vpn/templates/sswan.j2_(Other)_,algo/roles/wireguard/defaults/main.yml_(Other)_,algo/roles/wireguard/handlers/main.yml_(IaC)_,algo/roles/wireguard/meta/main.yml_(Other)_,algo/roles/wireguard/tasks/keys.yml_(IaC)_,algo/roles/wireguard/tasks/main.yml_(IaC)_,algo/roles/wireguard/templates/client.conf.j2_(Other)_,algo/roles/wireguard/templates/server.conf.j2_(Other)_,algo/tests/local-deploy.sh_(Other)_,,,,,,,,,,,,,,,,,,,,,,,,,,,,,,,,,,,,,,,,,,,,,,,,,,,,,,,,,,,
algo/roles/common/tasks/ubuntu.yml_(IaC)_,algo/roles/dns_encryption/handlers/main.yml_(IaC)_,algo/roles/dns_encryption/tasks/ubuntu.yml_(IaC)_,algo/roles/wireguard/defaults/main.yml_(Other)_,algo/roles/wireguard/templates/client.conf.j2_(Other)_,algo/roles/wireguard/templates/server.conf.j2_(Other)_,,,,,,,,,,,,,,,,,,,,,,,,,,,,,,,,,,,,,,,,,,,,,,,,,,,,,,,,,,,,,,,,,,,,,,,,,,,,,
algo/roles/cloud-scaleway/tasks/main.yml_(IaC)_,,,,,,,,,,,,,,,,,,,,,,,,,,,,,,,,,,,,,,,,,,,,,,,,,,,,,,,,,,,,,,,,,,,,,,,,,,,,,,,,,,
algo/roles/common/tasks/ubuntu.yml_(IaC)_,algo/tests/local-deploy.sh_(Other)_,,,,,,,,,,,,,,,,,,,,,,,,,,,,,,,,,,,,,,,,,,,,,,,,,,,,,,,,,,,,,,,,,,,,,,,,,,,,,,,,,
algo/roles/cloud-scaleway/tasks/main.yml_(IaC)_,,,,,,,,,,,,,,,,,,,,,,,,,,,,,,,,,,,,,,,,,,,,,,,,,,,,,,,,,,,,,,,,,,,,,,,,,,,,,,,,,,
algo/roles/common/tasks/ubuntu.yml_(IaC)_,,,,,,,,,,,,,,,,,,,,,,,,,,,,,,,,,,,,,,,,,,,,,,,,,,,,,,,,,,,,,,,,,,,,,,,,,,,,,,,,,,
algo/roles/vpn/defaults/main.yml_(Other)_,algo/roles/vpn/tasks/openssl.yml_(IaC)_,algo/roles/vpn/templates/client_windows.ps1.j2_(Other)_,algo/roles/vpn/templates/mobileconfig.j2_(Other)_,,,,,,,,,,,,,,,,,,,,,,,,,,,,,,,,,,,,,,,,,,,,,,,,,,,,,,,,,,,,,,,,,,,,,,,,,,,,,,,
algo/roles/dns_encryption/tasks/ubuntu.yml_(IaC)_,algo/roles/wireguard/tasks/main.yml_(IaC)_,,,,,,,,,,,,,,,,,,,,,,,,,,,,,,,,,,,,,,,,,,,,,,,,,,,,,,,,,,,,,,,,,,,,,,,,,,,,,,,,,
algo/roles/dns_encryption/tasks/ubuntu.yml_(IaC)_,,,,,,,,,,,,,,,,,,,,,,,,,,,,,,,,,,,,,,,,,,,,,,,,,,,,,,,,,,,,,,,,,,,,,,,,,,,,,,,,,,
algo/roles/dns_adblocking/tasks/main.yml_(IaC)_,algo/roles/dns_adblocking/templates/dnsmasq.conf.j2_(Other)_,,,,,,,,,,,,,,,,,,,,,,,,,,,,,,,,,,,,,,,,,,,,,,,,,,,,,,,,,,,,,,,,,,,,,,,,,,,,,,,,,
algo/roles/dns_adblocking/templates/dnsmasq.conf.j2_(Other)_,algo/roles/dns_encryption/tasks/main.yml_(IaC)_,,,,,,,,,,,,,,,,,,,,,,,,,,,,,,,,,,,,,,,,,,,,,,,,,,,,,,,,,,,,,,,,,,,,,,,,,,,,,,,,,
algo/roles/common/templates/50unattended-upgrades.j2_(Other)_,algo/roles/dns_encryption/files/50-dnscrypt-proxy-unattended-upgrades_(Other)_,algo/roles/dns_encryption/tasks/ubuntu.yml_(IaC)_,algo/roles/wireguard/files/50-wireguard-unattended-upgrades_(Other)_,algo/roles/wireguard/tasks/main.yml_(IaC)_,,,,,,,,,,,,,,,,,,,,,,,,,,,,,,,,,,,,,,,,,,,,,,,,,,,,,,,,,,,,,,,,,,,,,,,,,,,,,,
algo/roles/cloud-scaleway/tasks/main.yml_(IaC)_,,,,,,,,,,,,,,,,,,,,,,,,,,,,,,,,,,,,,,,,,,,,,,,,,,,,,,,,,,,,,,,,,,,,,,,,,,,,,,,,,,
algo/config.cfg_(Other)_,algo/roles/common/tasks/unattended-upgrades.yml_(IaC)_,algo/roles/common/templates/60unattended-reboot.j2_(Other)_,,,,,,,,,,,,,,,,,,,,,,,,,,,,,,,,,,,,,,,,,,,,,,,,,,,,,,,,,,,,,,,,,,,,,,,,,,,,,,,,
algo/algo-showenv.sh_(Other)_,algo/playbooks/cloud-pre.yml_(IaC)_,,,,,,,,,,,,,,,,,,,,,,,,,,,,,,,,,,,,,,,,,,,,,,,,,,,,,,,,,,,,,,,,,,,,,,,,,,,,,,,,,
algo/config.cfg_(Other)_,algo/roles/cloud-azure/defaults/main.yml_(Other)_,algo/roles/cloud-azure/files/deployment.json_(Other)_,algo/roles/cloud-azure/tasks/main.yml_(IaC)_,algo/roles/cloud-azure/tasks/prompts.yml_(IaC)_,,,,,,,,,,,,,,,,,,,,,,,,,,,,,,,,,,,,,,,,,,,,,,,,,,,,,,,,,,,,,,,,,,,,,,,,,,,,,,
algo/roles/common/defaults/main.yml_(Other)_,algo/roles/common/tasks/ubuntu.yml_(IaC)_,,,,,,,,,,,,,,,,,,,,,,,,,,,,,,,,,,,,,,,,,,,,,,,,,,,,,,,,,,,,,,,,,,,,,,,,,,,,,,,,,
algo/config.cfg_(Other)_,algo/roles/cloud-gce/tasks/main.yml_(IaC)_,,,,,,,,,,,,,,,,,,,,,,,,,,,,,,,,,,,,,,,,,,,,,,,,,,,,,,,,,,,,,,,,,,,,,,,,,,,,,,,,,
algo/cloud.yml_(Other)_,algo/input.yml_(Other)_,algo/roles/common/tasks/facts.yml_(IaC)_,algo/roles/dns_encryption/tasks/freebsd.yml_(IaC)_,algo/roles/vpn/tasks/main.yml_(IaC)_,algo/roles/wireguard/files/wireguard.sh_(Other)_,algo/roles/wireguard/handlers/main.yml_(IaC)_,algo/roles/wireguard/tasks/freebsd.yml_(IaC)_,algo/roles/wireguard/tasks/keys.yml_(IaC)_,algo/roles/wireguard/tasks/main.yml_(IaC)_,algo/roles/wireguard/tasks/ubuntu.yml_(IaC)_,algo/roles/wireguard/templates/client.conf.j2_(Other)_,algo/roles/wireguard/templates/server.conf.j2_(Other)_,algo/server.yml_(Other)_,,,,,,,,,,,,,,,,,,,,,,,,,,,,,,,,,,,,,,,,,,,,,,,,,,,,,,,,,,,,,,,,,,,,,
algo/roles/wireguard/tasks/main.yml_(IaC)_,,,,,,,,,,,,,,,,,,,,,,,,,,,,,,,,,,,,,,,,,,,,,,,,,,,,,,,,,,,,,,,,,,,,,,,,,,,,,,,,,,
algo/roles/ssh_tunneling/tasks/main.yml_(IaC)_,algo/roles/vpn/defaults/main.yml_(Other)_,algo/roles/vpn/tasks/main.yml_(IaC)_,algo/roles/vpn/tasks/openssl.yml_(IaC)_,algo/roles/vpn/templates/strongswan.conf.j2_(Other)_,algo/server.yml_(Other)_,algo/users.yml_(Other)_,,,,,,,,,,,,,,,,,,,,,,,,,,,,,,,,,,,,,,,,,,,,,,,,,,,,,,,,,,,,,,,,,,,,,,,,,,,,
algo/roles/vpn/tasks/openssl.yml_(IaC)_,algo/roles/wireguard/tasks/main.yml_(IaC)_,,,,,,,,,,,,,,,,,,,,,,,,,,,,,,,,,,,,,,,,,,,,,,,,,,,,,,,,,,,,,,,,,,,,,,,,,,,,,,,,,
algo/roles/wireguard/defaults/main.yml_(Other)_,algo/roles/wireguard/tasks/main.yml_(IaC)_,algo/roles/wireguard/templates/client.conf.j2_(Other)_,algo/roles/wireguard/templates/server.conf.j2_(Other)_,,,,,,,,,,,,,,,,,,,,,,,,,,,,,,,,,,,,,,,,,,,,,,,,,,,,,,,,,,,,,,,,,,,,,,,,,,,,,,,
algo/config.cfg_(Other)_,algo/input.yml_(Other)_,algo/roles/cloud-lightsail/tasks/prompts.yml_(IaC)_,,,,,,,,,,,,,,,,,,,,,,,,,,,,,,,,,,,,,,,,,,,,,,,,,,,,,,,,,,,,,,,,,,,,,,,,,,,,,,,,
algo/roles/cloud-lightsail/tasks/prompts.yml_(IaC)_,,,,,,,,,,,,,,,,,,,,,,,,,,,,,,,,,,,,,,,,,,,,,,,,,,,,,,,,,,,,,,,,,,,,,,,,,,,,,,,,,,
algo/roles/cloud-scaleway/tasks/image_facts.yml_(IaC)_,algo/roles/cloud-scaleway/tasks/main.yml_(IaC)_,,,,,,,,,,,,,,,,,,,,,,,,,,,,,,,,,,,,,,,,,,,,,,,,,,,,,,,,,,,,,,,,,,,,,,,,,,,,,,,,,
algo/roles/cloud-lightsail/tasks/prompts.yml_(IaC)_,,,,,,,,,,,,,,,,,,,,,,,,,,,,,,,,,,,,,,,,,,,,,,,,,,,,,,,,,,,,,,,,,,,,,,,,,,,,,,,,,,
algo/roles/vpn/defaults/main.yml_(Other)_,algo/roles/wireguard/defaults/main.yml_(Other)_,algo/roles/wireguard/tasks/main.yml_(IaC)_,algo/roles/wireguard/templates/client.conf.j2_(Other)_,algo/roles/wireguard/templates/server.conf.j2_(Other)_,,,,,,,,,,,,,,,,,,,,,,,,,,,,,,,,,,,,,,,,,,,,,,,,,,,,,,,,,,,,,,,,,,,,,,,,,,,,,,
algo/roles/common/tasks/freebsd.yml_(IaC)_,algo/roles/vpn/defaults/main.yml_(Other)_,algo/roles/vpn/tasks/main.yml_(IaC)_,algo/roles/vpn/templates/strongswan.conf.j2_(Other)_,,,,,,,,,,,,,,,,,,,,,,,,,,,,,,,,,,,,,,,,,,,,,,,,,,,,,,,,,,,,,,,,,,,,,,,,,,,,,,,
algo/roles/dns_encryption/tasks/ubuntu.yml_(IaC)_,,,,,,,,,,,,,,,,,,,,,,,,,,,,,,,,,,,,,,,,,,,,,,,,,,,,,,,,,,,,,,,,,,,,,,,,,,,,,,,,,,
algo/Dockerfile_(Other)_,algo/config.cfg_(Other)_,algo/playbooks/cloud-pre.yml_(IaC)_,algo/roles/cloud-azure/defaults/main.yml_(Other)_,algo/roles/cloud-azure/tasks/main.yml_(IaC)_,algo/roles/cloud-azure/tasks/venv.yml_(IaC)_,algo/roles/cloud-digitalocean/defaults/main.yml_(Other)_,algo/roles/cloud-digitalocean/tasks/main.yml_(IaC)_,algo/roles/cloud-digitalocean/tasks/venv.yml_(IaC)_,algo/roles/cloud-ec2/defaults/main.yml_(Other)_,algo/roles/cloud-ec2/tasks/main.yml_(IaC)_,algo/roles/cloud-ec2/tasks/venv.yml_(IaC)_,algo/roles/cloud-gce/defaults/main.yml_(Other)_,algo/roles/cloud-gce/tasks/main.yml_(IaC)_,algo/roles/cloud-gce/tasks/venv.yml_(IaC)_,algo/roles/cloud-lightsail/defaults/main.yml_(Other)_,algo/roles/cloud-lightsail/tasks/main.yml_(IaC)_,algo/roles/cloud-lightsail/tasks/venv.yml_(IaC)_,algo/roles/cloud-openstack/defaults/main.yml_(Other)_,algo/roles/cloud-openstack/tasks/main.yml_(IaC)_,algo/roles/cloud-openstack/tasks/venv.yml_(IaC)_,algo/users.yml_(Other)_,algo/venvs/.gitinit_(Other)_,,,,,,,,,,,,,,,,,,,,,,,,,,,,,,,,,,,,,,,,,,,,,,,,,,,,,,,,,,,,
algo/roles/dns_adblocking/tasks/main.yml_(IaC)_,,,,,,,,,,,,,,,,,,,,,,,,,,,,,,,,,,,,,,,,,,,,,,,,,,,,,,,,,,,,,,,,,,,,,,,,,,,,,,,,,,
algo/roles/common/tasks/freebsd.yml_(IaC)_,,,,,,,,,,,,,,,,,,,,,,,,,,,,,,,,,,,,,,,,,,,,,,,,,,,,,,,,,,,,,,,,,,,,,,,,,,,,,,,,,,
algo/roles/cloud-vultr/tasks/prompts.yml_(IaC)_,,,,,,,,,,,,,,,,,,,,,,,,,,,,,,,,,,,,,,,,,,,,,,,,,,,,,,,,,,,,,,,,,,,,,,,,,,,,,,,,,,
algo/roles/common/tasks/freebsd.yml_(IaC)_,algo/roles/common/tasks/main.yml_(IaC)_,algo/roles/common/tasks/ubuntu.yml_(IaC)_,,,,,,,,,,,,,,,,,,,,,,,,,,,,,,,,,,,,,,,,,,,,,,,,,,,,,,,,,,,,,,,,,,,,,,,,,,,,,,,,
algo/config.cfg_(Other)_,algo/roles/common/tasks/facts.yml_(IaC)_,algo/roles/vpn/templates/rules.v4.j2_(Other)_,algo/roles/vpn/templates/rules.v6.j2_(Other)_,algo/roles/wireguard/templates/client.conf.j2_(Other)_,,,,,,,,,,,,,,,,,,,,,,,,,,,,,,,,,,,,,,,,,,,,,,,,,,,,,,,,,,,,,,,,,,,,,,,,,,,,,,
algo/roles/common/tasks/freebsd.yml_(IaC)_,algo/roles/common/tasks/main.yml_(IaC)_,algo/roles/common/tasks/ubuntu.yml_(IaC)_,algo/users.yml_(Other)_,,,,,,,,,,,,,,,,,,,,,,,,,,,,,,,,,,,,,,,,,,,,,,,,,,,,,,,,,,,,,,,,,,,,,,,,,,,,,,,
algo/roles/common/tasks/facts.yml_(IaC)_,,,,,,,,,,,,,,,,,,,,,,,,,,,,,,,,,,,,,,,,,,,,,,,,,,,,,,,,,,,,,,,,,,,,,,,,,,,,,,,,,,
algo/roles/cloud-azure/tasks/prompts.yml_(IaC)_,,,,,,,,,,,,,,,,,,,,,,,,,,,,,,,,,,,,,,,,,,,,,,,,,,,,,,,,,,,,,,,,,,,,,,,,,,,,,,,,,,
algo/playbooks/cloud-post.yml_(IaC)_,algo/roles/local/tasks/prompts.yml_(IaC)_,algo/roles/vpn/defaults/main.yml_(Other)_,,,,,,,,,,,,,,,,,,,,,,,,,,,,,,,,,,,,,,,,,,,,,,,,,,,,,,,,,,,,,,,,,,,,,,,,,,,,,,,,
algo/roles/common/tasks/main.yml_(IaC)_,,,,,,,,,,,,,,,,,,,,,,,,,,,,,,,,,,,,,,,,,,,,,,,,,,,,,,,,,,,,,,,,,,,,,,,,,,,,,,,,,,
algo/playbooks/cloud-pre.yml_(IaC)_,,,,,,,,,,,,,,,,,,,,,,,,,,,,,,,,,,,,,,,,,,,,,,,,,,,,,,,,,,,,,,,,,,,,,,,,,,,,,,,,,,
algo/config.cfg_(Other)_,algo/input.yml_(Other)_,algo/playbooks/cloud-post.yml_(IaC)_,algo/playbooks/win_script_rebuild.yml_(IaC)_,algo/roles/client/tasks/main.yml_(IaC)_,algo/roles/common/handlers/main.yml_(IaC)_,algo/roles/common/tasks/freebsd.yml_(IaC)_,algo/roles/common/tasks/iptables.yml_(IaC)_,algo/roles/common/tasks/ubuntu.yml_(IaC)_,algo/roles/common/templates/rules.v4.j2_(Other)_,algo/roles/common/templates/rules.v6.j2_(Other)_,algo/roles/ssh_tunneling/defaults/main.yml_(Other)_,algo/roles/ssh_tunneling/tasks/main.yml_(IaC)_,algo/roles/ssh_tunneling/templates/known_hosts.j2_(Other)_,algo/roles/strongswan/defaults/main.yml_(Other)_,algo/roles/strongswan/handlers/main.yml_(IaC)_,algo/roles/strongswan/meta/main.yml_(Other)_,algo/roles/strongswan/tasks/client_configs.yml_(IaC)_,algo/roles/strongswan/tasks/distribute_keys.yml_(IaC)_,algo/roles/strongswan/tasks/ipsec_configuration.yml_(IaC)_,algo/roles/strongswan/tasks/main.yml_(IaC)_,algo/roles/strongswan/tasks/openssl.yml_(IaC)_,algo/roles/strongswan/tasks/ubuntu.yml_(IaC)_,algo/roles/strongswan/templates/100-CustomLimitations.conf.j2_(Other)_,algo/roles/strongswan/templates/client_ipsec.conf.j2_(Other)_,algo/roles/strongswan/templates/client_ipsec.secrets.j2_(Other)_,algo/roles/strongswan/templates/client_windows.ps1.j2_(Other)_,algo/roles/strongswan/templates/ipsec.conf.j2_(Other)_,algo/roles/strongswan/templates/ipsec.secrets.j2_(Other)_,algo/roles/strongswan/templates/mobileconfig.j2_(Other)_,algo/roles/strongswan/templates/strongswan.conf.j2_(Other)_,algo/roles/vpn/tasks/distribute_keys.yml_(IaC)_,algo/roles/wireguard/defaults/main.yml_(Other)_,algo/roles/wireguard/tasks/keys.yml_(IaC)_,algo/roles/wireguard/tasks/main.yml_(IaC)_,algo/roles/wireguard/templates/client.conf.j2_(Other)_,algo/roles/wireguard/templates/server.conf.j2_(Other)_,algo/server.yml_(Other)_,algo/tests/update-users.sh_(Other)_,algo/users.yml_(Other)_,,,,,,,,,,,,,,,,,,,,,,,,,,,,,,,,,,,,,,,,,,,
algo/playbooks/cloud-pre.yml_(IaC)_,,,,,,,,,,,,,,,,,,,,,,,,,,,,,,,,,,,,,,,,,,,,,,,,,,,,,,,,,,,,,,,,,,,,,,,,,,,,,,,,,,
algo/roles/dns_encryption/tasks/ubuntu.yml_(IaC)_,,,,,,,,,,,,,,,,,,,,,,,,,,,,,,,,,,,,,,,,,,,,,,,,,,,,,,,,,,,,,,,,,,,,,,,,,,,,,,,,,,
algo/roles/cloud-azure/files/deployment.json_(Other)_,algo/roles/cloud-azure/tasks/main.yml_(IaC)_,algo/roles/cloud-ec2/files/stack.yml_(Other)_,algo/roles/cloud-gce/tasks/main.yml_(IaC)_,algo/roles/strongswan/templates/client_windows.ps1.j2_(Other)_,algo/roles/strongswan/templates/mobileconfig.j2_(Other)_,,,,,,,,,,,,,,,,,,,,,,,,,,,,,,,,,,,,,,,,,,,,,,,,,,,,,,,,,,,,,,,,,,,,,,,,,,,,,
algo/roles/common/tasks/ubuntu.yml_(IaC)_,,,,,,,,,,,,,,,,,,,,,,,,,,,,,,,,,,,,,,,,,,,,,,,,,,,,,,,,,,,,,,,,,,,,,,,,,,,,,,,,,,
algo/roles/cloud-vultr/tasks/prompts.yml_(IaC)_,,,,,,,,,,,,,,,,,,,,,,,,,,,,,,,,,,,,,,,,,,,,,,,,,,,,,,,,,,,,,,,,,,,,,,,,,,,,,,,,,,
algo/ansible.cfg_(Other)_,algo/cloud.yml_(Other)_,algo/config.cfg_(Other)_,algo/input.yml_(Other)_,algo/playbooks/rescue.yml_(IaC)_,algo/roles/cloud-azure/tasks/main.yml_(IaC)_,algo/roles/cloud-digitalocean/tasks/main.yml_(IaC)_,algo/roles/cloud-ec2/tasks/main.yml_(IaC)_,algo/roles/cloud-gce/tasks/main.yml_(IaC)_,algo/roles/cloud-lightsail/tasks/main.yml_(IaC)_,algo/roles/cloud-openstack/tasks/main.yml_(IaC)_,algo/roles/cloud-scaleway/tasks/main.yml_(IaC)_,algo/roles/cloud-vultr/tasks/main.yml_(IaC)_,algo/roles/common/tasks/main.yml_(IaC)_,algo/roles/common/tasks/ubuntu.yml_(IaC)_,algo/roles/dns_adblocking/handlers/main.yml_(IaC)_,algo/roles/dns_adblocking/tasks/main.yml_(IaC)_,algo/roles/local/tasks/main.yml_(IaC)_,algo/roles/ssh_tunneling/tasks/main.yml_(IaC)_,algo/roles/strongswan/defaults/main.yml_(Other)_,algo/roles/strongswan/tasks/main.yml_(IaC)_,algo/roles/wireguard/defaults/main.yml_(Other)_,algo/roles/wireguard/tasks/main.yml_(IaC)_,algo/server.yml_(Other)_,algo/users.yml_(Other)_,,,,,,,,,,,,,,,,,,,,,,,,,,,,,,,,,,,,,,,,,,,,,,,,,,,,,,,,,,
algo/roles/strongswan/tasks/ipsec_configuration.yml_(IaC)_,algo/roles/strongswan/templates/charon.conf.j2_(Other)_,algo/roles/strongswan/templates/ipsec.conf.j2_(Other)_,algo/roles/strongswan/templates/mobileconfig.j2_(Other)_,,,,,,,,,,,,,,,,,,,,,,,,,,,,,,,,,,,,,,,,,,,,,,,,,,,,,,,,,,,,,,,,,,,,,,,,,,,,,,,
algo/roles/strongswan/tasks/openssl.yml_(IaC)_,algo/server.yml_(Other)_,,,,,,,,,,,,,,,,,,,,,,,,,,,,,,,,,,,,,,,,,,,,,,,,,,,,,,,,,,,,,,,,,,,,,,,,,,,,,,,,,
algo/roles/strongswan/tasks/openssl.yml_(IaC)_,,,,,,,,,,,,,,,,,,,,,,,,,,,,,,,,,,,,,,,,,,,,,,,,,,,,,,,,,,,,,,,,,,,,,,,,,,,,,,,,,,
algo/.ansible-lint_(Other)_,algo/.travis.yml_(Other)_,algo/algo_(Other)_,algo/deploy_client.yml_(Other)_,algo/input.yml_(Other)_,algo/install.sh_(Other)_,algo/main.yml_(Other)_,algo/playbooks/cloud-pre.yml_(IaC)_,algo/playbooks/rescue.yml_(IaC)_,algo/roles/client/handlers/main.yml_(IaC)_,algo/roles/client/tasks/main.yml_(IaC)_,algo/roles/client/tasks/systems/CentOS.yml_(IaC)_,algo/roles/client/tasks/systems/Debian.yml_(IaC)_,algo/roles/client/tasks/systems/Fedora.yml_(IaC)_,algo/roles/client/tasks/systems/Ubuntu.yml_(IaC)_,algo/roles/cloud-azure/tasks/main.yml_(IaC)_,algo/roles/cloud-azure/tasks/venv.yml_(IaC)_,algo/roles/cloud-digitalocean/tasks/main.yml_(IaC)_,algo/roles/cloud-ec2/files/stack.yaml_(Other)_,algo/roles/cloud-ec2/tasks/cloudformation.yml_(IaC)_,algo/roles/cloud-ec2/tasks/main.yml_(IaC)_,algo/roles/cloud-gce/tasks/prompts.yml_(IaC)_,algo/roles/cloud-lightsail/tasks/prompts.yml_(IaC)_,algo/roles/cloud-openstack/tasks/main.yml_(IaC)_,algo/roles/cloud-scaleway/tasks/main.yml_(IaC)_,algo/roles/cloud-scaleway/tasks/prompts.yml_(IaC)_,algo/roles/cloud-vultr/tasks/main.yml_(IaC)_,algo/roles/cloud-vultr/tasks/prompts.yml_(IaC)_,algo/roles/common/handlers/main.yml_(IaC)_,algo/roles/common/tasks/facts.yml_(IaC)_,algo/roles/common/tasks/freebsd.yml_(IaC)_,algo/roles/common/tasks/main.yml_(IaC)_,algo/roles/common/tasks/ubuntu.yml_(IaC)_,algo/roles/common/tasks/unattended-upgrades.yml_(IaC)_,algo/roles/dns_adblocking/tasks/main.yml_(IaC)_,algo/roles/dns_adblocking/tasks/ubuntu.yml_(IaC)_,algo/roles/dns_encryption/tasks/ubuntu.yml_(IaC)_,algo/roles/local/tasks/prompts.yml_(IaC)_,algo/roles/ssh_tunneling/tasks/main.yml_(IaC)_,algo/roles/strongswan/handlers/main.yml_(IaC)_,algo/roles/strongswan/tasks/client_configs.yml_(IaC)_,algo/roles/strongswan/tasks/ipsec_configuration.yml_(IaC)_,algo/roles/strongswan/tasks/openssl.yml_(IaC)_,algo/roles/strongswan/tasks/ubuntu.yml_(IaC)_,algo/roles/strongswan/templates/client_ipsec.conf.j2_(Other)_,algo/roles/wireguard/defaults/main.yml_(Other)_,algo/roles/wireguard/tasks/freebsd.yml_(IaC)_,algo/roles/wireguard/tasks/keys.yml_(IaC)_,algo/roles/wireguard/tasks/ubuntu.yml_(IaC)_,algo/server.yml_(Other)_,algo/tests/algo.conf_(Other)_,algo/tests/cloud-init.sh_(Other)_,algo/tests/ipsec-client.sh_(Other)_,algo/tests/local-deploy.sh_(Other)_,algo/tests/lxd-bridge_(Other)_,algo/tests/pre-deploy.sh_(Other)_,algo/tests/ssh-tunnel.sh_(Other)_,algo/tests/update-users.sh_(Other)_,algo/tests/wireguard-client.sh_(Other)_,algo/users.yml_(Other)_,,,,,,,,,,,,,,,,,,,,,,,
algo/roles/cloud-vultr/tasks/main.yml_(IaC)_,,,,,,,,,,,,,,,,,,,,,,,,,,,,,,,,,,,,,,,,,,,,,,,,,,,,,,,,,,,,,,,,,,,,,,,,,,,,,,,,,,
algo/input.yml_(Other)_,algo/playbooks/cloud-pre.yml_(IaC)_,algo/roles/local/tasks/prompts.yml_(IaC)_,algo/users.yml_(Other)_,,,,,,,,,,,,,,,,,,,,,,,,,,,,,,,,,,,,,,,,,,,,,,,,,,,,,,,,,,,,,,,,,,,,,,,,,,,,,,,
algo/library/scaleway_compute.py_(Other)_,algo/roles/cloud-scaleway/tasks/image_facts.yml_(IaC)_,algo/roles/cloud-scaleway/tasks/main.yml_(IaC)_,algo/roles/cloud-scaleway/tasks/prompts.yml_(IaC)_,,,,,,,,,,,,,,,,,,,,,,,,,,,,,,,,,,,,,,,,,,,,,,,,,,,,,,,,,,,,,,,,,,,,,,,,,,,,,,,
algo/roles/cloud-scaleway/tasks/prompts.yml_(IaC)_,,,,,,,,,,,,,,,,,,,,,,,,,,,,,,,,,,,,,,,,,,,,,,,,,,,,,,,,,,,,,,,,,,,,,,,,,,,,,,,,,,
algo/config.cfg_(Other)_,algo/main.yml_(Other)_,algo/roles/common/handlers/main.yml_(IaC)_,algo/roles/common/tasks/freebsd.yml_(IaC)_,algo/roles/common/templates/10-algo-lo100.network.j2_(Other)_,algo/roles/common/templates/rules.v6.j2_(Other)_,algo/roles/dns_adblocking/templates/dnsmasq.conf.j2_(Other)_,algo/roles/wireguard/defaults/main.yml_(Other)_,algo/roles/wireguard/templates/server.conf.j2_(Other)_,algo/tests/cloud-init.sh_(Other)_,algo/tests/ipsec-client.sh_(Other)_,algo/tests/local-deploy.sh_(Other)_,algo/tests/update-users.sh_(Other)_,algo/tests/wireguard-client.sh_(Other)_,,,,,,,,,,,,,,,,,,,,,,,,,,,,,,,,,,,,,,,,,,,,,,,,,,,,,,,,,,,,,,,,,,,,,
algo/roles/common/tasks/ubuntu.yml_(IaC)_,,,,,,,,,,,,,,,,,,,,,,,,,,,,,,,,,,,,,,,,,,,,,,,,,,,,,,,,,,,,,,,,,,,,,,,,,,,,,,,,,,
algo/config.cfg_(Other)_,algo/roles/cloud-ec2/defaults/main.yml_(Other)_,algo/roles/cloud-ec2/files/stack.yaml_(Other)_,algo/roles/cloud-ec2/tasks/cloudformation.yml_(IaC)_,algo/roles/cloud-ec2/tasks/prompts.yml_(IaC)_,,,,,,,,,,,,,,,,,,,,,,,,,,,,,,,,,,,,,,,,,,,,,,,,,,,,,,,,,,,,,,,,,,,,,,,,,,,,,,
algo/roles/cloud-ec2/tasks/main.yml_(IaC)_,algo/roles/cloud-ec2/tasks/prompts.yml_(IaC)_,,,,,,,,,,,,,,,,,,,,,,,,,,,,,,,,,,,,,,,,,,,,,,,,,,,,,,,,,,,,,,,,,,,,,,,,,,,,,,,,,
algo/.travis.yml_(Other)_,algo/config.cfg_(Other)_,algo/input.yml_(Other)_,algo/roles/dns_encryption/tasks/ubuntu.yml_(IaC)_,algo/roles/strongswan/tasks/ubuntu.yml_(IaC)_,algo/tests/pre-deploy.sh_(Other)_,,,,,,,,,,,,,,,,,,,,,,,,,,,,,,,,,,,,,,,,,,,,,,,,,,,,,,,,,,,,,,,,,,,,,,,,,,,,,
algo/roles/common/templates/rules.v4.j2_(Other)_,algo/roles/common/templates/rules.v6.j2_(Other)_,algo/roles/ssh_tunneling/tasks/main.yml_(IaC)_,,,,,,,,,,,,,,,,,,,,,,,,,,,,,,,,,,,,,,,,,,,,,,,,,,,,,,,,,,,,,,,,,,,,,,,,,,,,,,,,
algo/roles/wireguard/tasks/keys.yml_(IaC)_,algo/roles/wireguard/tasks/main.yml_(IaC)_,algo/roles/wireguard/templates/client.conf.j2_(Other)_,algo/roles/wireguard/templates/server.conf.j2_(Other)_,,,,,,,,,,,,,,,,,,,,,,,,,,,,,,,,,,,,,,,,,,,,,,,,,,,,,,,,,,,,,,,,,,,,,,,,,,,,,,,
algo/config.cfg_(Other)_,algo/input.yml_(Other)_,algo/install.sh_(Other)_,algo/playbooks/cloud-post.yml_(IaC)_,algo/playbooks/cloud-pre.yml_(IaC)_,algo/roles/dns/defaults/main.yml_(Other)_,algo/roles/dns/files/50-dnscrypt-proxy-unattended-upgrades_(Other)_,algo/roles/dns/handlers/main.yml_(IaC)_,algo/roles/dns/tasks/dns_adblocking.yml_(IaC)_,algo/roles/dns/tasks/freebsd.yml_(IaC)_,algo/roles/dns/tasks/main.yml_(IaC)_,algo/roles/dns/tasks/ubuntu.yml_(IaC)_,algo/roles/dns/templates/adblock.sh.j2_(Other)_,algo/roles/dns_adblocking/handlers/main.yml_(IaC)_,algo/roles/dns_adblocking/tasks/freebsd.yml_(IaC)_,algo/roles/dns_adblocking/tasks/main.yml_(IaC)_,algo/roles/dns_adblocking/tasks/ubuntu.yml_(IaC)_,algo/roles/dns_adblocking/templates/100-CustomLimitations.conf.j2_(Other)_,algo/roles/dns_adblocking/templates/dnsmasq.conf.j2_(Other)_,algo/roles/dns_encryption/defaults/main.yml_(Other)_,algo/roles/strongswan/defaults/main.yml_(Other)_,algo/roles/strongswan/templates/ipsec.conf.j2_(Other)_,algo/roles/wireguard/defaults/main.yml_(Other)_,algo/server.yml_(Other)_,algo/tests/cloud-init.sh_(Other)_,algo/tests/local-deploy.sh_(Other)_,,,,,,,,,,,,,,,,,,,,,,,,,,,,,,,,,,,,,,,,,,,,,,,,,,,,,,,,,
algo/roles/common/tasks/unattended-upgrades.yml_(IaC)_,algo/roles/common/templates/50unattended-upgrades.j2_(Other)_,algo/roles/common/templates/60unattended-reboot.j2_(Other)_,,,,,,,,,,,,,,,,,,,,,,,,,,,,,,,,,,,,,,,,,,,,,,,,,,,,,,,,,,,,,,,,,,,,,,,,,,,,,,,,
algo/roles/dns/tasks/ubuntu.yml_(IaC)_,,,,,,,,,,,,,,,,,,,,,,,,,,,,,,,,,,,,,,,,,,,,,,,,,,,,,,,,,,,,,,,,,,,,,,,,,,,,,,,,,,
algo/roles/cloud-gce/tasks/venv.yml_(IaC)_,,,,,,,,,,,,,,,,,,,,,,,,,,,,,,,,,,,,,,,,,,,,,,,,,,,,,,,,,,,,,,,,,,,,,,,,,,,,,,,,,,
algo/config.cfg_(Other)_,algo/input.yml_(Other)_,algo/install.sh_(Other)_,algo/playbooks/cloud-post.yml_(IaC)_,algo/playbooks/tmpfs/linux.yml_(IaC)_,algo/playbooks/tmpfs/macos.yml_(IaC)_,algo/playbooks/tmpfs/main.yml_(IaC)_,algo/playbooks/tmpfs/umount.yml_(IaC)_,algo/roles/strongswan/defaults/main.yml_(Other)_,algo/roles/strongswan/tasks/main.yml_(IaC)_,algo/roles/strongswan/tasks/openssl.yml_(IaC)_,algo/roles/wireguard/tasks/main.yml_(IaC)_,algo/server.yml_(Other)_,algo/tests/cloud-init.sh_(Other)_,algo/tests/local-deploy.sh_(Other)_,algo/users.yml_(Other)_,,,,,,,,,,,,,,,,,,,,,,,,,,,,,,,,,,,,,,,,,,,,,,,,,,,,,,,,,,,,,,,,,,,
algo/roles/cloud-ec2/tasks/encrypt_image.yml_(IaC)_,,,,,,,,,,,,,,,,,,,,,,,,,,,,,,,,,,,,,,,,,,,,,,,,,,,,,,,,,,,,,,,,,,,,,,,,,,,,,,,,,,
algo/input.yml_(Other)_,algo/install.sh_(Other)_,algo/playbooks/cloud-post.yml_(IaC)_,algo/playbooks/cloud-pre.yml_(IaC)_,algo/roles/strongswan/defaults/main.yml_(Other)_,algo/roles/strongswan/tasks/client_configs.yml_(IaC)_,algo/roles/strongswan/tasks/openssl.yml_(IaC)_,algo/roles/strongswan/templates/client_ipsec.conf.j2_(Other)_,algo/roles/strongswan/templates/client_windows.ps1.j2_(Other)_,algo/roles/strongswan/templates/ipsec.conf.j2_(Other)_,algo/server.yml_(Other)_,algo/tests/cloud-init.sh_(Other)_,algo/tests/local-deploy.sh_(Other)_,,,,,,,,,,,,,,,,,,,,,,,,,,,,,,,,,,,,,,,,,,,,,,,,,,,,,,,,,,,,,,,,,,,,,,
algo/playbooks/tmpfs/main.yml_(IaC)_,,,,,,,,,,,,,,,,,,,,,,,,,,,,,,,,,,,,,,,,,,,,,,,,,,,,,,,,,,,,,,,,,,,,,,,,,,,,,,,,,,
algo/roles/cloud-gce/tasks/main.yml_(IaC)_,,,,,,,,,,,,,,,,,,,,,,,,,,,,,,,,,,,,,,,,,,,,,,,,,,,,,,,,,,,,,,,,,,,,,,,,,,,,,,,,,,
algo/config.cfg_(Other)_,algo/input.yml_(Other)_,algo/library/cloudstack_zones.py_(Other)_,algo/roles/cloud-cloudstack/defaults/main.yml_(Other)_,algo/roles/cloud-cloudstack/tasks/main.yml_(IaC)_,algo/roles/cloud-cloudstack/tasks/prompts.yml_(IaC)_,algo/roles/cloud-cloudstack/tasks/venv.yml_(IaC)_,,,,,,,,,,,,,,,,,,,,,,,,,,,,,,,,,,,,,,,,,,,,,,,,,,,,,,,,,,,,,,,,,,,,,,,,,,,,
algo/config.cfg_(Other)_,algo/roles/cloud-ec2/defaults/main.yml_(Other)_,algo/roles/cloud-ec2/files/stack.yaml_(Other)_,algo/roles/cloud-ec2/tasks/cloudformation.yml_(IaC)_,algo/roles/cloud-ec2/tasks/encrypt_image.yml_(IaC)_,algo/roles/cloud-ec2/tasks/main.yml_(IaC)_,,,,,,,,,,,,,,,,,,,,,,,,,,,,,,,,,,,,,,,,,,,,,,,,,,,,,,,,,,,,,,,,,,,,,,,,,,,,,
algo/roles/common/tasks/facts.yml_(IaC)_,,,,,,,,,,,,,,,,,,,,,,,,,,,,,,,,,,,,,,,,,,,,,,,,,,,,,,,,,,,,,,,,,,,,,,,,,,,,,,,,,,
algo/.travis.yml_(Other)_,algo/Dockerfile_(Other)_,algo/algo_(Other)_,algo/algo-showenv.sh_(Other)_,algo/ansible.cfg_(Other)_,algo/config.cfg_(Other)_,algo/input.yml_(Other)_,algo/install.sh_(Other)_,algo/inventory_(Other)_,algo/library/gce_region_facts.py_(Other)_,algo/library/gcp_compute_location_info.py_(Other)_,algo/library/lightsail_region_facts.py_(Other)_,algo/library/scaleway_compute.py_(Other)_,algo/main.yml_(Other)_,algo/playbooks/cloud-post.yml_(IaC)_,algo/roles/cloud-azure/defaults/main.yml_(Other)_,algo/roles/cloud-azure/tasks/main.yml_(IaC)_,algo/roles/cloud-azure/tasks/venv.yml_(IaC)_,algo/roles/cloud-cloudstack/defaults/main.yml_(Other)_,algo/roles/cloud-cloudstack/tasks/main.yml_(IaC)_,algo/roles/cloud-cloudstack/tasks/venv.yml_(IaC)_,algo/roles/cloud-digitalocean/defaults/main.yml_(Other)_,algo/roles/cloud-digitalocean/tasks/main.yml_(IaC)_,algo/roles/cloud-digitalocean/tasks/prompts.yml_(IaC)_,algo/roles/cloud-digitalocean/tasks/venv.yml_(IaC)_,algo/roles/cloud-ec2/defaults/main.yml_(Other)_,algo/roles/cloud-ec2/tasks/main.yml_(IaC)_,algo/roles/cloud-ec2/tasks/venv.yml_(IaC)_,algo/roles/cloud-gce/defaults/main.yml_(Other)_,algo/roles/cloud-gce/tasks/main.yml_(IaC)_,algo/roles/cloud-gce/tasks/prompts.yml_(IaC)_,algo/roles/cloud-gce/tasks/venv.yml_(IaC)_,algo/roles/cloud-hetzner/tasks/main.yml_(IaC)_,algo/roles/cloud-hetzner/tasks/prompts.yml_(IaC)_,algo/roles/cloud-hetzner/tasks/venv.yml_(IaC)_,algo/roles/cloud-lightsail/defaults/main.yml_(Other)_,algo/roles/cloud-lightsail/tasks/main.yml_(IaC)_,algo/roles/cloud-lightsail/tasks/prompts.yml_(IaC)_,algo/roles/cloud-lightsail/tasks/venv.yml_(IaC)_,algo/roles/cloud-openstack/defaults/main.yml_(Other)_,algo/roles/cloud-openstack/tasks/main.yml_(IaC)_,algo/roles/cloud-openstack/tasks/venv.yml_(IaC)_,algo/roles/cloud-scaleway/tasks/main.yml_(IaC)_,algo/roles/common/tasks/ubuntu.yml_(IaC)_,algo/roles/dns/tasks/freebsd.yml_(IaC)_,algo/roles/strongswan/tasks/main.yml_(IaC)_,algo/roles/strongswan/tasks/ubuntu.yml_(IaC)_,algo/tests/local-deploy.sh_(Other)_,algo/tests/update-users.sh_(Other)_,,,,,,,,,,,,,,,,,,,,,,,,,,,,,,,,,,
algo/config.cfg_(Other)_,algo/main.yml_(Other)_,algo/playbooks/cloud-post.yml_(IaC)_,algo/playbooks/cloud-pre.yml_(IaC)_,algo/server.yml_(Other)_,,,,,,,,,,,,,,,,,,,,,,,,,,,,,,,,,,,,,,,,,,,,,,,,,,,,,,,,,,,,,,,,,,,,,,,,,,,,,,
algo/roles/cloud-cloudstack/tasks/main.yml_(IaC)_,algo/roles/cloud-cloudstack/tasks/prompts.yml_(IaC)_,,,,,,,,,,,,,,,,,,,,,,,,,,,,,,,,,,,,,,,,,,,,,,,,,,,,,,,,,,,,,,,,,,,,,,,,,,,,,,,,,
algo/config.cfg_(Other)_,algo/files/cloud-init/base.sh_(Other)_,algo/files/cloud-init/base.yml_(Other)_,algo/files/cloud-init/sshd_config_(Other)_,algo/playbooks/cloud-post.yml_(IaC)_,algo/roles/cloud-azure/files/deployment.json_(Other)_,algo/roles/cloud-azure/tasks/main.yml_(IaC)_,algo/roles/cloud-cloudstack/tasks/main.yml_(IaC)_,algo/roles/cloud-digitalocean/tasks/main.yml_(IaC)_,algo/roles/cloud-ec2/files/stack.yaml_(Other)_,algo/roles/cloud-ec2/tasks/cloudformation.yml_(IaC)_,algo/roles/cloud-ec2/tasks/main.yml_(IaC)_,algo/roles/cloud-gce/tasks/main.yml_(IaC)_,algo/roles/cloud-hetzner/tasks/main.yml_(IaC)_,algo/roles/cloud-lightsail/tasks/main.yml_(IaC)_,algo/roles/cloud-openstack/tasks/main.yml_(IaC)_,algo/roles/cloud-scaleway/tasks/main.yml_(IaC)_,algo/roles/cloud-vultr/tasks/main.yml_(IaC)_,algo/roles/common/templates/rules.v4.j2_(Other)_,algo/roles/common/templates/rules.v6.j2_(Other)_,algo/server.yml_(Other)_,algo/tests/ssh-tunnel.sh_(Other)_,,,,,,,,,,,,,,,,,,,,,,,,,,,,,,,,,,,,,,,,,,,,,,,,,,,,,,,,,,,,,